-- phpMyAdmin SQL Dump
-- version 4.6.6deb5
-- https://www.phpmyadmin.net/
--
-- Host: localhost:3306
-- Tempo de geração: 04/04/2020 às 11:49
-- Versão do servidor: 5.7.29-0ubuntu0.18.04.1
-- Versão do PHP: 7.3.16-1+ubuntu18.04.1+deb.sury.org+1

SET SQL_MODE = "NO_AUTO_VALUE_ON_ZERO";
SET time_zone = "+00:00";


/*!40101 SET @OLD_CHARACTER_SET_CLIENT=@@CHARACTER_SET_CLIENT */;
/*!40101 SET @OLD_CHARACTER_SET_RESULTS=@@CHARACTER_SET_RESULTS */;
/*!40101 SET @OLD_COLLATION_CONNECTION=@@COLLATION_CONNECTION */;
/*!40101 SET NAMES utf8mb4 */;

--
-- Banco de dados: `temp`
--

-- --------------------------------------------------------

--
-- Estrutura para tabela `adicional`
--

CREATE TABLE `adicional` (
  `id` int(11) NOT NULL,
  `id_loja` int(11) DEFAULT NULL,
  `nome` varchar(255) DEFAULT NULL,
  `descricao` varchar(255) DEFAULT NULL,
  `tipo` enum('Um','Muitos') DEFAULT 'Muitos',
  `preco` decimal(10,2) DEFAULT NULL,
  `estoque` int(11) DEFAULT NULL,
  `imagem` varchar(255) DEFAULT 'assets/img/avatar.jpg',
  `data_cadastro` timestamp NOT NULL DEFAULT CURRENT_TIMESTAMP,
  `data_alteracao` timestamp NULL DEFAULT NULL ON UPDATE CURRENT_TIMESTAMP,
  `id_update_user` int(11) DEFAULT NULL,
  `status` tinyint(1) NOT NULL DEFAULT '1'
) ENGINE=InnoDB DEFAULT CHARSET=utf8;

--
-- Fazendo dump de dados para tabela `adicional`
--

INSERT INTO `adicional` (`id`, `id_loja`, `nome`, `descricao`, `tipo`, `preco`, `estoque`, `imagem`, `data_cadastro`, `data_alteracao`, `id_update_user`, `status`) VALUES
(1, 1, 'champignon', 'champignon', 'Muitos', '3.00', 0, 'files/adicional/1_1535293912.jpg', '2018-08-26 14:31:52', '2018-10-11 10:24:31', 1, 1),
(2, 152, 'Sobremesa', '', 'Muitos', '5.00', 0, 'assets/img/avatar.jpg', '2018-09-15 17:12:37', NULL, 4, 1),
(3, 182, 'Salsicha', '', 'Muitos', '1.30', 0, 'assets/img/avatar.jpg', '2018-10-11 10:23:18', '2018-11-29 03:27:54', 5, 1),
(4, 182, 'Queijo', '', 'Muitos', '0.50', 0, 'assets/img/avatar.jpg', '2018-10-11 10:23:31', '2018-11-29 07:32:26', 5, 1),
(5, 198, 'Gelo e limão', '', 'Muitos', '1.00', 0, 'assets/img/avatar.jpg', '2018-11-14 00:52:04', NULL, 7, 1),
(6, 196, 'Batata Rústica', 'Porção de batata rústica.', 'Muitos', '2.00', 0, 'assets/img/avatar.jpg', '2018-11-25 14:35:24', '2018-12-04 01:45:20', 13, 1),
(7, 130, 'Molho tarê', '', 'Muitos', '2.00', 0, 'assets/img/avatar.jpg', '2018-11-25 18:38:40', NULL, 9, 1),
(8, 130, 'Nome', '', 'Muitos', '40.00', 0, 'assets/img/avatar.jpg', '2018-11-28 21:40:19', NULL, 10, 1),
(9, 45, 'Molho especial', 'molho verde.', 'Muitos', '2.00', 0, 'assets/img/avatar.jpg', '2018-11-28 23:12:09', NULL, 11, 1),
(11, 182, 'Pizza Média', 'Tamanho médio.', 'Muitos', '20.00', 0, 'assets/img/avatar.jpg', '2018-11-29 02:09:33', '2018-11-29 02:32:06', 5, 1),
(14, 182, 'Big Lanche', 'Lanche gigante.', 'Muitos', '10.00', 0, 'assets/img/avatar.jpg', '2018-11-29 04:20:13', NULL, 5, 1),
(15, 182, 'Lanche no Prato', 'Um lanche que vai no prato.', 'Muitos', '15.00', 0, 'assets/img/avatar.jpg', '2018-11-29 05:18:25', NULL, 5, 1),
(16, 182, 'Brotinho', 'Pizza pequena.', 'Muitos', '10.00', 0, 'assets/img/avatar.jpg', '2018-11-29 05:31:30', '2018-12-09 19:57:04', 2, 1),
(17, 182, 'Borda de Catupiry', '', 'Muitos', '8.00', 0, 'assets/img/avatar.jpg', '2018-12-02 16:26:39', '2018-12-09 20:05:08', 2, 1),
(18, 182, 'Borda de Cheddar', '', 'Muitos', '10.00', 0, 'assets/img/avatar.jpg', '2018-12-02 16:26:57', NULL, 5, 1),
(20, 182, 'Sachê de Azeite', '', 'Muitos', '0.50', 0, 'assets/img/avatar.jpg', '2018-12-02 16:28:23', NULL, 5, 1),
(21, 182, 'Sachê de Catchup', '', 'Muitos', '0.50', 0, 'assets/img/avatar.jpg', '2018-12-02 16:29:24', '2018-12-09 20:03:16', 2, 1),
(22, 182, 'Batata rustica especial', 'Batata rustica especial', 'Muitos', '2.00', 0, 'assets/img/avatar.jpg', '2018-12-03 19:24:58', NULL, 2, 1),
(23, 182, 'Molho especial', 'Molho especial com barbecue.', 'Muitos', '3.00', 0, 'assets/img/avatar.jpg', '2018-12-03 19:25:36', NULL, 2, 1),
(24, 198, 'Escolha o Tamanho', 'descrição aqui', 'Um', '0.00', 0, 'assets/img/avatar.jpg', '2018-12-03 19:29:22', '2018-12-09 20:09:32', 2, 1),
(26, 135, 'Maionese', '', 'Muitos', '6.00', 0, 'assets/img/avatar.jpg', '2019-01-26 16:47:03', '2019-01-26 16:48:41', 18, 1),
(27, 182, 'Bacon', 'bacon e milho', 'Muitos', '5.00', 0, 'assets/img/avatar.jpg', '2019-01-26 20:32:49', '2019-04-18 20:19:14', 2, 1),
(29, 55, 'Salsicha', '', 'Muitos', '1.50', 0, 'assets/img/avatar.jpg', '2019-02-28 18:21:05', '2019-02-28 18:26:00', 20, 1),
(30, 55, 'Hambúrguer  90g', '', 'Muitos', '2.50', 0, 'assets/img/avatar.jpg', '2019-02-28 18:25:46', NULL, 20, 1),
(31, 55, 'Hambúrguer 55g', '', 'Muitos', '1.50', 0, 'assets/img/avatar.jpg', '2019-02-28 18:27:52', NULL, 20, 1),
(32, 55, 'Ovo', '', 'Muitos', '1.00', 0, 'assets/img/avatar.jpg', '2019-02-28 18:29:39', NULL, 20, 1),
(33, 55, 'Bacon', '', 'Muitos', '3.00', 0, 'assets/img/avatar.jpg', '2019-02-28 19:52:48', NULL, 20, 1),
(34, 55, 'Frango', '', 'Muitos', '3.00', 0, 'assets/img/avatar.jpg', '2019-02-28 19:53:17', NULL, 20, 1),
(35, 55, 'Calabresa', '', 'Muitos', '3.00', 0, 'assets/img/avatar.jpg', '2019-02-28 19:53:35', NULL, 20, 1),
(36, 55, 'Cheddar', '', 'Muitos', '1.50', 0, 'assets/img/avatar.jpg', '2019-02-28 19:53:51', NULL, 20, 1),
(37, 55, 'Catupiry', '', 'Muitos', '1.50', 0, 'assets/img/avatar.jpg', '2019-02-28 19:54:18', NULL, 20, 1),
(38, 212, 'Bacon', '', 'Muitos', '3.00', 0, 'assets/img/avatar.jpg', '2019-03-07 23:30:55', NULL, 21, 1),
(39, 178, 'Queijo', '', 'Muitos', '2.00', 0, 'assets/img/avatar.jpg', '2019-03-11 19:17:21', NULL, 24, 1),
(40, 178, 'Cheddar', '', 'Muitos', '2.00', 0, 'assets/img/avatar.jpg', '2019-03-11 19:17:52', NULL, 24, 1),
(41, 178, 'Catupiry', '', 'Muitos', '2.00', 0, 'assets/img/avatar.jpg', '2019-03-11 19:18:20', NULL, 24, 1),
(42, 178, 'Bacon', '', 'Muitos', '3.00', 0, 'assets/img/avatar.jpg', '2019-03-11 19:18:45', NULL, 24, 1),
(43, 178, 'Calabresa', '', 'Muitos', '3.00', 0, 'assets/img/avatar.jpg', '2019-03-11 19:19:08', NULL, 24, 1),
(44, 178, 'Ovo', '', 'Muitos', '2.00', 0, 'assets/img/avatar.jpg', '2019-03-11 19:19:33', NULL, 24, 1),
(45, 178, 'Pão árabe', '', 'Muitos', '3.00', 0, 'assets/img/avatar.jpg', '2019-03-11 19:19:58', NULL, 24, 1),
(46, 178, 'Pasta de Alho', '', 'Muitos', '2.00', 0, 'assets/img/avatar.jpg', '2019-03-11 19:20:24', NULL, 24, 1),
(47, 43, 'Gengibre', '', 'Muitos', '1.00', 0, 'assets/img/avatar.jpg', '2019-03-14 23:16:59', NULL, 25, 1),
(48, 43, 'Hortelã', '', 'Muitos', '1.00', 0, 'assets/img/avatar.jpg', '2019-03-14 23:21:17', NULL, 25, 1),
(49, 43, 'leite', '', 'Muitos', '1.00', 0, 'assets/img/avatar.jpg', '2019-03-14 23:33:37', '2019-03-14 23:34:06', 25, 1),
(50, 43, 'Leite Condensado', 'Leite Condensado', 'Muitos', '1.00', 0, 'assets/img/avatar.jpg', '2019-03-14 23:35:46', '2019-03-14 23:36:09', 25, 1),
(52, 182, 'Borda de catupiry', 'Borda de catupiry', 'Muitos', '3.00', 0, 'assets/img/avatar.jpg', '2019-04-19 02:24:57', NULL, 27, 1),
(75, 256, 'Borda de Catupiri', 'Borda de catupiri', 'Muitos', '5.00', 0, 'assets/img/avatar.jpg', '2019-08-31 19:59:44', '2019-09-13 19:03:19', 32, 1),
(77, 228, 'BORDA DE CATUPIRY', '', 'Muitos', '2.00', 0, 'assets/img/avatar.jpg', '2019-09-16 00:57:33', NULL, NULL, 1),
(78, 475, 'Bacon', '', 'Muitos', '3.00', 0, 'assets/img/avatar.jpg', '2020-02-29 05:10:25', NULL, 35, 1),
(79, 475, 'Calabresa', '', 'Muitos', '3.00', 0, 'assets/img/avatar.jpg', '2020-02-29 05:15:00', NULL, 35, 1),
(80, 475, 'Filé bovino', '', 'Muitos', '4.00', 0, 'assets/img/avatar.jpg', '2020-02-29 05:15:20', NULL, 35, 1),
(81, 475, 'Frango desfiado', '', 'Muitos', '3.00', 0, 'assets/img/avatar.jpg', '2020-02-29 05:15:41', NULL, 35, 1),
(82, 475, 'Hambúrguer 150g', '', 'Muitos', '5.00', 0, 'assets/img/avatar.jpg', '2020-02-29 05:16:24', NULL, 35, 1),
(83, 475, 'Hambúrguer 80g ', '', 'Muitos', '3.00', 0, 'assets/img/avatar.jpg', '2020-02-29 05:17:14', NULL, 35, 1),
(84, 475, 'Molho berbecue', '', 'Muitos', '1.00', 0, 'assets/img/avatar.jpg', '2020-02-29 05:18:15', NULL, 35, 1),
(85, 475, 'Ovo', '', 'Muitos', '1.00', 0, 'assets/img/avatar.jpg', '2020-02-29 05:18:32', NULL, 35, 1),
(86, 475, 'Presunto', '', 'Muitos', '1.00', 0, 'assets/img/avatar.jpg', '2020-02-29 05:19:06', NULL, 35, 1),
(87, 475, 'Queijo coalho', '', 'Muitos', '1.00', 0, 'assets/img/avatar.jpg', '2020-02-29 05:19:46', NULL, 35, 1),
(88, 475, 'Cebola caramelizada ', '', 'Muitos', '3.00', 0, 'assets/img/avatar.jpg', '2020-02-29 05:22:36', NULL, 35, 1),
(89, 475, 'Cheddar', '', 'Muitos', '2.00', 0, 'assets/img/avatar.jpg', '2020-02-29 05:23:06', NULL, 35, 1);

-- --------------------------------------------------------

--
-- Estrutura para tabela `adicional_grupo`
--

CREATE TABLE `adicional_grupo` (
  `id` int(11) NOT NULL,
  `id_adicional` int(11) DEFAULT NULL,
  `id_grupo` int(11) DEFAULT NULL,
  `data_cadastro` timestamp NOT NULL DEFAULT CURRENT_TIMESTAMP,
  `data_alteracao` timestamp NULL DEFAULT NULL ON UPDATE CURRENT_TIMESTAMP,
  `id_update_user` int(11) DEFAULT NULL,
  `status` tinyint(1) NOT NULL DEFAULT '1'
) ENGINE=InnoDB DEFAULT CHARSET=utf8 ROW_FORMAT=COMPACT;

--
-- Fazendo dump de dados para tabela `adicional_grupo`
--

INSERT INTO `adicional_grupo` (`id`, `id_adicional`, `id_grupo`, `data_cadastro`, `data_alteracao`, `id_update_user`, `status`) VALUES
(31, 14, 13, '2018-11-29 05:30:56', NULL, 5, 1),
(32, 15, 13, '2018-11-29 05:30:56', NULL, 5, 1),
(33, 16, 12, '2018-11-29 05:31:36', NULL, 5, 1),
(34, 10, 12, '2018-11-29 05:31:36', NULL, 5, 1),
(35, 11, 12, '2018-11-29 05:31:36', NULL, 5, 1),
(36, 17, 19, '2018-12-02 16:27:18', NULL, 5, 1),
(37, 18, 19, '2018-12-02 16:27:18', NULL, 5, 1),
(48, 17, 25, '2018-12-09 20:02:23', NULL, 2, 1),
(59, 10, 24, '2018-12-09 21:20:56', NULL, 2, 1),
(60, 11, 24, '2018-12-09 21:20:56', NULL, 2, 1),
(62, 27, 28, '2019-03-16 12:14:13', NULL, 2, 1),
(63, 22, 28, '2019-03-16 12:14:13', NULL, 2, 1),
(64, 14, 28, '2019-03-16 12:14:13', NULL, 2, 1),
(65, 17, 28, '2019-03-16 12:14:13', NULL, 2, 1),
(66, 53, 53, '2019-08-28 14:07:35', NULL, NULL, 1),
(67, 54, 53, '2019-08-28 14:07:35', NULL, NULL, 1),
(68, 54, 54, '2019-08-28 14:09:40', NULL, NULL, 1),
(75, 57, 58, '2019-08-30 01:29:14', NULL, 32, 1),
(84, 27, 67, '2019-08-30 19:09:40', NULL, NULL, 1),
(85, 52, 67, '2019-08-30 19:09:40', NULL, NULL, 1),
(86, 23, 67, '2019-08-30 19:09:40', NULL, NULL, 1),
(87, 20, 67, '2019-08-30 19:09:40', NULL, NULL, 1),
(88, 21, 67, '2019-08-30 19:09:40', NULL, NULL, 1),
(89, 72, 74, '2019-08-30 19:34:43', NULL, NULL, 1),
(90, 71, 74, '2019-08-30 19:34:43', NULL, NULL, 1),
(91, 69, 74, '2019-08-30 19:34:43', NULL, NULL, 1),
(92, 70, 74, '2019-08-30 19:34:43', NULL, NULL, 1),
(93, 27, 77, '2019-09-16 00:57:33', NULL, NULL, 1),
(94, 52, 77, '2019-09-16 00:57:33', NULL, NULL, 1),
(95, 23, 77, '2019-09-16 00:57:33', NULL, NULL, 1),
(96, 4, 77, '2019-09-16 00:57:33', NULL, NULL, 1);

-- --------------------------------------------------------

--
-- Estrutura para tabela `adicional_produto`
--

CREATE TABLE `adicional_produto` (
  `id` int(11) NOT NULL,
  `id_adicional` int(11) DEFAULT NULL,
  `id_produto` int(11) DEFAULT NULL,
  `data_cadastro` timestamp NOT NULL DEFAULT CURRENT_TIMESTAMP,
  `data_alteracao` timestamp NULL DEFAULT NULL ON UPDATE CURRENT_TIMESTAMP,
  `id_update_user` int(11) DEFAULT NULL,
  `status` tinyint(1) NOT NULL DEFAULT '1'
) ENGINE=InnoDB DEFAULT CHARSET=utf8;

--
-- Fazendo dump de dados para tabela `adicional_produto`
--

INSERT INTO `adicional_produto` (`id`, `id_adicional`, `id_produto`, `data_cadastro`, `data_alteracao`, `id_update_user`, `status`) VALUES
(4, 5, NULL, '2018-11-14 00:52:04', NULL, 7, 1),
(6, 7, NULL, '2018-11-25 18:38:40', NULL, 9, 1),
(10, 8, NULL, '2018-11-28 21:40:19', NULL, 10, 1),
(11, 8, NULL, '2018-11-28 21:40:19', NULL, 10, 1),
(12, 8, NULL, '2018-11-28 21:40:19', NULL, 10, 1),
(13, 9, NULL, '2018-11-28 23:12:09', NULL, 11, 1),
(20, 3, 3, '2018-11-29 03:27:54', NULL, 5, 1),
(23, 11, 4, '2018-11-29 03:28:31', NULL, 5, 1),
(32, 14, 3, '2018-11-29 04:20:13', NULL, 5, 1),
(39, 15, 3, '2018-11-29 05:18:25', NULL, 5, 1),
(45, 13, 3, '2018-11-29 05:30:56', NULL, 5, 1),
(47, 12, 4, '2018-11-29 05:31:36', NULL, 5, 1),
(48, 4, 3, '2018-11-29 07:32:26', NULL, 5, 1),
(51, 18, 4, '2018-12-02 16:26:57', NULL, 5, 1),
(52, 19, 4, '2018-12-02 16:27:18', NULL, 5, 1),
(53, 20, 4, '2018-12-02 16:28:23', NULL, 5, 1),
(55, 22, 94, '2018-12-03 19:24:58', NULL, 2, 1),
(56, 23, 94, '2018-12-03 19:25:36', NULL, 2, 1),
(60, 6, 6, '2018-12-04 01:45:20', NULL, 13, 1),
(61, 6, 17, '2018-12-04 01:45:20', NULL, 13, 1),
(62, 6, 7, '2018-12-04 01:45:20', NULL, 13, 1),
(63, 16, 4, '2018-12-09 19:57:04', NULL, 2, 1),
(65, 25, 4, '2018-12-09 20:02:23', NULL, 2, 1),
(66, 21, 4, '2018-12-09 20:03:16', NULL, 2, 1),
(75, 24, 95, '2018-12-09 21:20:56', NULL, 2, 1),
(76, 24, 4, '2018-12-09 21:20:56', NULL, 2, 1),
(77, 17, 95, '2019-01-22 00:52:10', NULL, 2, 1),
(78, 17, 4, '2019-01-22 00:52:10', NULL, 2, 1),
(79, 26, 96, '2019-01-26 16:48:41', NULL, 18, 1),
(80, 26, 97, '2019-01-26 16:48:41', NULL, 18, 1),
(109, 30, 108, '2019-02-28 18:25:46', NULL, 20, 1),
(110, 30, 110, '2019-02-28 18:25:46', NULL, 20, 1),
(111, 30, 119, '2019-02-28 18:25:46', NULL, 20, 1),
(112, 30, 107, '2019-02-28 18:25:46', NULL, 20, 1),
(113, 30, 131, '2019-02-28 18:25:46', NULL, 20, 1),
(114, 30, 130, '2019-02-28 18:25:46', NULL, 20, 1),
(115, 30, 115, '2019-02-28 18:25:46', NULL, 20, 1),
(116, 30, 116, '2019-02-28 18:25:46', NULL, 20, 1),
(117, 30, 109, '2019-02-28 18:25:46', NULL, 20, 1),
(118, 30, 120, '2019-02-28 18:25:46', NULL, 20, 1),
(119, 30, 121, '2019-02-28 18:25:46', NULL, 20, 1),
(120, 30, 117, '2019-02-28 18:25:46', NULL, 20, 1),
(121, 30, 118, '2019-02-28 18:25:46', NULL, 20, 1),
(122, 30, 124, '2019-02-28 18:25:46', NULL, 20, 1),
(123, 30, 122, '2019-02-28 18:25:46', NULL, 20, 1),
(124, 30, 123, '2019-02-28 18:25:46', NULL, 20, 1),
(125, 30, 113, '2019-02-28 18:25:46', NULL, 20, 1),
(126, 30, 111, '2019-02-28 18:25:46', NULL, 20, 1),
(127, 30, 114, '2019-02-28 18:25:46', NULL, 20, 1),
(128, 30, 128, '2019-02-28 18:25:46', NULL, 20, 1),
(129, 30, 129, '2019-02-28 18:25:46', NULL, 20, 1),
(130, 30, 126, '2019-02-28 18:25:46', NULL, 20, 1),
(131, 30, 125, '2019-02-28 18:25:46', NULL, 20, 1),
(132, 30, 127, '2019-02-28 18:25:46', NULL, 20, 1),
(133, 30, 112, '2019-02-28 18:25:46', NULL, 20, 1),
(134, 29, 108, '2019-02-28 18:26:00', NULL, 20, 1),
(135, 29, 110, '2019-02-28 18:26:00', NULL, 20, 1),
(136, 29, 119, '2019-02-28 18:26:00', NULL, 20, 1),
(137, 29, 107, '2019-02-28 18:26:00', NULL, 20, 1),
(138, 29, 131, '2019-02-28 18:26:00', NULL, 20, 1),
(139, 29, 130, '2019-02-28 18:26:00', NULL, 20, 1),
(140, 29, 115, '2019-02-28 18:26:00', NULL, 20, 1),
(141, 29, 116, '2019-02-28 18:26:00', NULL, 20, 1),
(142, 29, 109, '2019-02-28 18:26:00', NULL, 20, 1),
(143, 29, 120, '2019-02-28 18:26:00', NULL, 20, 1),
(144, 29, 121, '2019-02-28 18:26:00', NULL, 20, 1),
(145, 29, 117, '2019-02-28 18:26:00', NULL, 20, 1),
(146, 29, 118, '2019-02-28 18:26:00', NULL, 20, 1),
(147, 29, 124, '2019-02-28 18:26:00', NULL, 20, 1),
(148, 29, 122, '2019-02-28 18:26:00', NULL, 20, 1),
(149, 29, 123, '2019-02-28 18:26:00', NULL, 20, 1),
(150, 29, 113, '2019-02-28 18:26:00', NULL, 20, 1),
(151, 29, 111, '2019-02-28 18:26:00', NULL, 20, 1),
(152, 29, 114, '2019-02-28 18:26:00', NULL, 20, 1),
(153, 29, 128, '2019-02-28 18:26:00', NULL, 20, 1),
(154, 29, 129, '2019-02-28 18:26:00', NULL, 20, 1),
(155, 29, 126, '2019-02-28 18:26:00', NULL, 20, 1),
(156, 29, 125, '2019-02-28 18:26:00', NULL, 20, 1),
(157, 29, 127, '2019-02-28 18:26:00', NULL, 20, 1),
(158, 29, 112, '2019-02-28 18:26:00', NULL, 20, 1),
(159, 31, 108, '2019-02-28 18:27:52', NULL, 20, 1),
(160, 31, 110, '2019-02-28 18:27:52', NULL, 20, 1),
(161, 31, 119, '2019-02-28 18:27:52', NULL, 20, 1),
(162, 31, 107, '2019-02-28 18:27:52', NULL, 20, 1),
(163, 31, 131, '2019-02-28 18:27:52', NULL, 20, 1),
(164, 31, 130, '2019-02-28 18:27:52', NULL, 20, 1),
(165, 31, 115, '2019-02-28 18:27:52', NULL, 20, 1),
(166, 31, 116, '2019-02-28 18:27:52', NULL, 20, 1),
(167, 31, 109, '2019-02-28 18:27:52', NULL, 20, 1),
(168, 31, 120, '2019-02-28 18:27:52', NULL, 20, 1),
(169, 31, 121, '2019-02-28 18:27:52', NULL, 20, 1),
(170, 31, 117, '2019-02-28 18:27:52', NULL, 20, 1),
(171, 31, 118, '2019-02-28 18:27:52', NULL, 20, 1),
(172, 31, 124, '2019-02-28 18:27:52', NULL, 20, 1),
(173, 31, 122, '2019-02-28 18:27:52', NULL, 20, 1),
(174, 31, 123, '2019-02-28 18:27:52', NULL, 20, 1),
(175, 31, 113, '2019-02-28 18:27:52', NULL, 20, 1),
(176, 31, 111, '2019-02-28 18:27:52', NULL, 20, 1),
(177, 31, 114, '2019-02-28 18:27:52', NULL, 20, 1),
(178, 31, 128, '2019-02-28 18:27:52', NULL, 20, 1),
(179, 31, 129, '2019-02-28 18:27:52', NULL, 20, 1),
(180, 31, 126, '2019-02-28 18:27:52', NULL, 20, 1),
(181, 31, 125, '2019-02-28 18:27:52', NULL, 20, 1),
(182, 31, 127, '2019-02-28 18:27:52', NULL, 20, 1),
(183, 31, 112, '2019-02-28 18:27:52', NULL, 20, 1),
(184, 32, 108, '2019-02-28 18:29:39', NULL, 20, 1),
(185, 32, 110, '2019-02-28 18:29:39', NULL, 20, 1),
(186, 32, 119, '2019-02-28 18:29:39', NULL, 20, 1),
(187, 32, 107, '2019-02-28 18:29:39', NULL, 20, 1),
(188, 32, 131, '2019-02-28 18:29:39', NULL, 20, 1),
(189, 32, 130, '2019-02-28 18:29:39', NULL, 20, 1),
(190, 32, 115, '2019-02-28 18:29:39', NULL, 20, 1),
(191, 32, 116, '2019-02-28 18:29:39', NULL, 20, 1),
(192, 32, 109, '2019-02-28 18:29:39', NULL, 20, 1),
(193, 32, 120, '2019-02-28 18:29:39', NULL, 20, 1),
(194, 32, 121, '2019-02-28 18:29:39', NULL, 20, 1),
(195, 32, 117, '2019-02-28 18:29:39', NULL, 20, 1),
(196, 32, 118, '2019-02-28 18:29:39', NULL, 20, 1),
(197, 32, 124, '2019-02-28 18:29:39', NULL, 20, 1),
(198, 32, 122, '2019-02-28 18:29:39', NULL, 20, 1),
(199, 32, 123, '2019-02-28 18:29:39', NULL, 20, 1),
(200, 32, 113, '2019-02-28 18:29:39', NULL, 20, 1),
(201, 32, 111, '2019-02-28 18:29:39', NULL, 20, 1),
(202, 32, 114, '2019-02-28 18:29:39', NULL, 20, 1),
(203, 32, 128, '2019-02-28 18:29:39', NULL, 20, 1),
(204, 32, 129, '2019-02-28 18:29:39', NULL, 20, 1),
(205, 32, 126, '2019-02-28 18:29:39', NULL, 20, 1),
(206, 32, 125, '2019-02-28 18:29:39', NULL, 20, 1),
(207, 32, 127, '2019-02-28 18:29:39', NULL, 20, 1),
(208, 32, 112, '2019-02-28 18:29:39', NULL, 20, 1),
(209, 33, 135, '2019-02-28 19:52:48', NULL, 20, 1),
(210, 33, 133, '2019-02-28 19:52:48', NULL, 20, 1),
(211, 33, 134, '2019-02-28 19:52:48', NULL, 20, 1),
(212, 34, 135, '2019-02-28 19:53:17', NULL, 20, 1),
(213, 34, 133, '2019-02-28 19:53:17', NULL, 20, 1),
(214, 34, 134, '2019-02-28 19:53:17', NULL, 20, 1),
(215, 35, 135, '2019-02-28 19:53:35', NULL, 20, 1),
(216, 35, 133, '2019-02-28 19:53:35', NULL, 20, 1),
(217, 35, 134, '2019-02-28 19:53:35', NULL, 20, 1),
(218, 36, 135, '2019-02-28 19:53:51', NULL, 20, 1),
(219, 36, 133, '2019-02-28 19:53:51', NULL, 20, 1),
(220, 36, 134, '2019-02-28 19:53:51', NULL, 20, 1),
(221, 37, 135, '2019-02-28 19:54:18', NULL, 20, 1),
(222, 37, 133, '2019-02-28 19:54:18', NULL, 20, 1),
(223, 38, 143, '2019-03-07 23:30:55', NULL, 21, 1),
(224, 38, 147, '2019-03-07 23:30:55', NULL, 21, 1),
(225, 38, 146, '2019-03-07 23:30:55', NULL, 21, 1),
(226, 38, 144, '2019-03-07 23:30:55', NULL, 21, 1),
(227, 38, 145, '2019-03-07 23:30:55', NULL, 21, 1),
(228, 38, 141, '2019-03-07 23:30:55', NULL, 21, 1),
(229, 38, 148, '2019-03-07 23:30:55', NULL, 21, 1),
(230, 38, 142, '2019-03-07 23:30:55', NULL, 21, 1),
(231, 39, 168, '2019-03-11 19:17:21', NULL, 24, 1),
(232, 39, 165, '2019-03-11 19:17:21', NULL, 24, 1),
(233, 39, 169, '2019-03-11 19:17:21', NULL, 24, 1),
(234, 39, 171, '2019-03-11 19:17:21', NULL, 24, 1),
(235, 39, 170, '2019-03-11 19:17:21', NULL, 24, 1),
(236, 39, 172, '2019-03-11 19:17:21', NULL, 24, 1),
(237, 39, 176, '2019-03-11 19:17:21', NULL, 24, 1),
(238, 39, 164, '2019-03-11 19:17:21', NULL, 24, 1),
(239, 39, 175, '2019-03-11 19:17:21', NULL, 24, 1),
(240, 39, 174, '2019-03-11 19:17:21', NULL, 24, 1),
(241, 39, 173, '2019-03-11 19:17:21', NULL, 24, 1),
(242, 39, 166, '2019-03-11 19:17:21', NULL, 24, 1),
(243, 39, 167, '2019-03-11 19:17:21', NULL, 24, 1),
(244, 39, 177, '2019-03-11 19:17:21', NULL, 24, 1),
(245, 40, 168, '2019-03-11 19:17:52', NULL, 24, 1),
(246, 40, 165, '2019-03-11 19:17:52', NULL, 24, 1),
(247, 40, 169, '2019-03-11 19:17:52', NULL, 24, 1),
(248, 40, 171, '2019-03-11 19:17:52', NULL, 24, 1),
(249, 40, 170, '2019-03-11 19:17:52', NULL, 24, 1),
(250, 40, 172, '2019-03-11 19:17:52', NULL, 24, 1),
(251, 40, 176, '2019-03-11 19:17:52', NULL, 24, 1),
(252, 40, 164, '2019-03-11 19:17:52', NULL, 24, 1),
(253, 40, 175, '2019-03-11 19:17:52', NULL, 24, 1),
(254, 40, 174, '2019-03-11 19:17:52', NULL, 24, 1),
(255, 40, 173, '2019-03-11 19:17:52', NULL, 24, 1),
(256, 40, 166, '2019-03-11 19:17:52', NULL, 24, 1),
(257, 40, 167, '2019-03-11 19:17:52', NULL, 24, 1),
(258, 41, 168, '2019-03-11 19:18:20', NULL, 24, 1),
(259, 41, 165, '2019-03-11 19:18:20', NULL, 24, 1),
(260, 41, 169, '2019-03-11 19:18:20', NULL, 24, 1),
(261, 41, 171, '2019-03-11 19:18:20', NULL, 24, 1),
(262, 41, 170, '2019-03-11 19:18:20', NULL, 24, 1),
(263, 41, 172, '2019-03-11 19:18:20', NULL, 24, 1),
(264, 41, 176, '2019-03-11 19:18:20', NULL, 24, 1),
(265, 41, 164, '2019-03-11 19:18:20', NULL, 24, 1),
(266, 41, 175, '2019-03-11 19:18:20', NULL, 24, 1),
(267, 41, 174, '2019-03-11 19:18:20', NULL, 24, 1),
(268, 41, 173, '2019-03-11 19:18:20', NULL, 24, 1),
(269, 41, 166, '2019-03-11 19:18:20', NULL, 24, 1),
(270, 41, 167, '2019-03-11 19:18:20', NULL, 24, 1),
(271, 41, 177, '2019-03-11 19:18:20', NULL, 24, 1),
(272, 42, 168, '2019-03-11 19:18:45', NULL, 24, 1),
(273, 42, 165, '2019-03-11 19:18:45', NULL, 24, 1),
(274, 42, 169, '2019-03-11 19:18:45', NULL, 24, 1),
(275, 42, 171, '2019-03-11 19:18:45', NULL, 24, 1),
(276, 42, 170, '2019-03-11 19:18:45', NULL, 24, 1),
(277, 42, 172, '2019-03-11 19:18:45', NULL, 24, 1),
(278, 42, 176, '2019-03-11 19:18:45', NULL, 24, 1),
(279, 42, 164, '2019-03-11 19:18:45', NULL, 24, 1),
(280, 42, 175, '2019-03-11 19:18:45', NULL, 24, 1),
(281, 42, 174, '2019-03-11 19:18:45', NULL, 24, 1),
(282, 42, 173, '2019-03-11 19:18:45', NULL, 24, 1),
(283, 42, 166, '2019-03-11 19:18:45', NULL, 24, 1),
(284, 42, 167, '2019-03-11 19:18:45', NULL, 24, 1),
(285, 42, 177, '2019-03-11 19:18:45', NULL, 24, 1),
(286, 43, 168, '2019-03-11 19:19:08', NULL, 24, 1),
(287, 43, 165, '2019-03-11 19:19:08', NULL, 24, 1),
(288, 43, 169, '2019-03-11 19:19:08', NULL, 24, 1),
(289, 43, 171, '2019-03-11 19:19:08', NULL, 24, 1),
(290, 43, 170, '2019-03-11 19:19:08', NULL, 24, 1),
(291, 43, 172, '2019-03-11 19:19:08', NULL, 24, 1),
(292, 43, 176, '2019-03-11 19:19:08', NULL, 24, 1),
(293, 43, 164, '2019-03-11 19:19:08', NULL, 24, 1),
(294, 43, 175, '2019-03-11 19:19:08', NULL, 24, 1),
(295, 43, 174, '2019-03-11 19:19:08', NULL, 24, 1),
(296, 43, 173, '2019-03-11 19:19:08', NULL, 24, 1),
(297, 43, 166, '2019-03-11 19:19:08', NULL, 24, 1),
(298, 43, 167, '2019-03-11 19:19:08', NULL, 24, 1),
(299, 43, 177, '2019-03-11 19:19:08', NULL, 24, 1),
(300, 44, 168, '2019-03-11 19:19:33', NULL, 24, 1),
(301, 44, 165, '2019-03-11 19:19:33', NULL, 24, 1),
(302, 44, 169, '2019-03-11 19:19:33', NULL, 24, 1),
(303, 44, 171, '2019-03-11 19:19:33', NULL, 24, 1),
(304, 44, 170, '2019-03-11 19:19:33', NULL, 24, 1),
(305, 44, 172, '2019-03-11 19:19:33', NULL, 24, 1),
(306, 44, 176, '2019-03-11 19:19:33', NULL, 24, 1),
(307, 44, 164, '2019-03-11 19:19:33', NULL, 24, 1),
(308, 44, 175, '2019-03-11 19:19:33', NULL, 24, 1),
(309, 44, 174, '2019-03-11 19:19:33', NULL, 24, 1),
(310, 44, 173, '2019-03-11 19:19:33', NULL, 24, 1),
(311, 44, 166, '2019-03-11 19:19:33', NULL, 24, 1),
(312, 44, 167, '2019-03-11 19:19:33', NULL, 24, 1),
(313, 44, 177, '2019-03-11 19:19:33', NULL, 24, 1),
(314, 45, 168, '2019-03-11 19:19:58', NULL, 24, 1),
(315, 45, 165, '2019-03-11 19:19:58', NULL, 24, 1),
(316, 45, 169, '2019-03-11 19:19:58', NULL, 24, 1),
(317, 45, 171, '2019-03-11 19:19:58', NULL, 24, 1),
(318, 45, 170, '2019-03-11 19:19:58', NULL, 24, 1),
(319, 45, 172, '2019-03-11 19:19:58', NULL, 24, 1),
(320, 45, 176, '2019-03-11 19:19:58', NULL, 24, 1),
(321, 45, 164, '2019-03-11 19:19:58', NULL, 24, 1),
(322, 45, 175, '2019-03-11 19:19:58', NULL, 24, 1),
(323, 45, 174, '2019-03-11 19:19:58', NULL, 24, 1),
(324, 45, 173, '2019-03-11 19:19:58', NULL, 24, 1),
(325, 45, 166, '2019-03-11 19:19:58', NULL, 24, 1),
(326, 45, 167, '2019-03-11 19:19:58', NULL, 24, 1),
(327, 45, 177, '2019-03-11 19:19:58', NULL, 24, 1),
(328, 46, 168, '2019-03-11 19:20:24', NULL, 24, 1),
(329, 46, 165, '2019-03-11 19:20:24', NULL, 24, 1),
(330, 46, 169, '2019-03-11 19:20:24', NULL, 24, 1),
(331, 46, 171, '2019-03-11 19:20:24', NULL, 24, 1),
(332, 46, 170, '2019-03-11 19:20:24', NULL, 24, 1),
(333, 46, 172, '2019-03-11 19:20:24', NULL, 24, 1),
(334, 46, 176, '2019-03-11 19:20:24', NULL, 24, 1),
(335, 46, 164, '2019-03-11 19:20:24', NULL, 24, 1),
(336, 46, 175, '2019-03-11 19:20:24', NULL, 24, 1),
(337, 46, 174, '2019-03-11 19:20:24', NULL, 24, 1),
(338, 46, 173, '2019-03-11 19:20:24', NULL, 24, 1),
(339, 46, 166, '2019-03-11 19:20:24', NULL, 24, 1),
(340, 46, 167, '2019-03-11 19:20:24', NULL, 24, 1),
(341, 46, 177, '2019-03-11 19:20:24', NULL, 24, 1),
(347, 47, 266, '2019-03-14 23:20:35', NULL, 25, 1),
(348, 47, 263, '2019-03-14 23:20:35', NULL, 25, 1),
(349, 47, 262, '2019-03-14 23:20:35', NULL, 25, 1),
(350, 47, 260, '2019-03-14 23:20:35', NULL, 25, 1),
(351, 47, 264, '2019-03-14 23:20:35', NULL, 25, 1),
(352, 47, 265, '2019-03-14 23:20:35', NULL, 25, 1),
(353, 48, 266, '2019-03-14 23:21:17', NULL, 25, 1),
(354, 48, 263, '2019-03-14 23:21:17', NULL, 25, 1),
(355, 48, 262, '2019-03-14 23:21:17', NULL, 25, 1),
(356, 48, 260, '2019-03-14 23:21:17', NULL, 25, 1),
(357, 48, 264, '2019-03-14 23:21:17', NULL, 25, 1),
(358, 48, 265, '2019-03-14 23:21:17', NULL, 25, 1),
(367, 49, 269, '2019-03-14 23:34:06', NULL, 25, 1),
(368, 49, 271, '2019-03-14 23:34:06', NULL, 25, 1),
(369, 49, 272, '2019-03-14 23:34:06', NULL, 25, 1),
(370, 49, 276, '2019-03-14 23:34:06', NULL, 25, 1),
(371, 49, 273, '2019-03-14 23:34:06', NULL, 25, 1),
(372, 49, 275, '2019-03-14 23:34:06', NULL, 25, 1),
(373, 49, 270, '2019-03-14 23:34:06', NULL, 25, 1),
(374, 49, 274, '2019-03-14 23:34:06', NULL, 25, 1),
(377, 50, 268, '2019-03-14 23:36:09', NULL, 25, 1),
(378, 50, 270, '2019-03-14 23:36:09', NULL, 25, 1),
(379, 28, 3, '2019-03-16 12:14:13', NULL, 2, 1),
(380, 28, 102, '2019-03-16 12:14:13', NULL, 2, 1),
(381, 51, 278, '2019-03-29 22:07:07', NULL, 26, 1),
(384, 27, 3, '2019-04-18 20:19:14', NULL, 2, 1),
(385, 52, 389, '2019-04-19 02:24:57', NULL, 27, 1),
(388, 53, 412, '2019-08-28 14:07:35', NULL, NULL, 1),
(389, 54, 412, '2019-08-28 14:09:40', NULL, NULL, 1),
(392, 55, 404, '2019-08-28 22:52:32', NULL, 32, 1),
(393, 55, 405, '2019-08-28 22:52:32', NULL, 32, 1),
(397, 57, 414, '2019-08-30 01:24:48', NULL, 32, 1),
(398, 59, 414, '2019-08-30 01:25:02', NULL, 32, 1),
(402, 58, 414, '2019-08-30 01:29:14', NULL, 32, 1),
(403, 60, 417, '2019-08-30 03:35:26', NULL, 32, 1),
(405, 62, 418, '2019-08-30 03:53:53', NULL, 32, 1),
(406, 63, 418, '2019-08-30 03:56:52', NULL, 32, 1),
(408, 64, 421, '2019-08-30 18:40:36', NULL, NULL, 1),
(410, 65, 421, '2019-08-30 18:44:21', NULL, NULL, 1),
(411, 66, 421, '2019-08-30 18:46:00', NULL, NULL, 1),
(419, 74, 421, '2019-08-30 19:34:43', NULL, NULL, 1),
(426, 69, 421, '2019-08-30 19:55:19', NULL, NULL, 1),
(430, 68, 422, '2019-08-30 19:59:36', NULL, NULL, 1),
(431, 68, 421, '2019-08-30 19:59:36', NULL, NULL, 1),
(432, 68, 423, '2019-08-30 19:59:36', NULL, NULL, 1),
(433, 72, 422, '2019-08-30 19:59:45', NULL, NULL, 1),
(434, 72, 421, '2019-08-30 19:59:45', NULL, NULL, 1),
(435, 72, 423, '2019-08-30 19:59:45', NULL, NULL, 1),
(436, 71, 422, '2019-08-30 19:59:53', NULL, NULL, 1),
(437, 71, 421, '2019-08-30 19:59:53', NULL, NULL, 1),
(438, 71, 423, '2019-08-30 19:59:53', NULL, NULL, 1),
(439, 73, 421, '2019-08-30 20:00:04', NULL, NULL, 1),
(440, 73, 423, '2019-08-30 20:00:04', NULL, NULL, 1),
(441, 70, 422, '2019-08-30 20:00:15', NULL, NULL, 1),
(442, 70, 421, '2019-08-30 20:00:15', NULL, NULL, 1),
(443, 70, 423, '2019-08-30 20:00:15', NULL, NULL, 1),
(445, 75, 441, '2019-09-13 19:24:23', NULL, 32, 1),
(446, 75, 439, '2019-09-13 19:24:23', NULL, 32, 1),
(505, 78, 659, '2020-02-29 06:18:54', NULL, 35, 1),
(506, 78, 652, '2020-02-29 06:18:54', NULL, 35, 1),
(507, 78, 653, '2020-02-29 06:18:54', NULL, 35, 1),
(508, 78, 654, '2020-02-29 06:18:54', NULL, 35, 1),
(509, 78, 655, '2020-02-29 06:18:54', NULL, 35, 1),
(510, 78, 656, '2020-02-29 06:18:54', NULL, 35, 1),
(511, 78, 657, '2020-02-29 06:18:54', NULL, 35, 1),
(512, 78, 658, '2020-02-29 06:18:54', NULL, 35, 1),
(513, 78, 661, '2020-02-29 06:18:54', NULL, 35, 1),
(514, 78, 662, '2020-02-29 06:18:54', NULL, 35, 1),
(515, 78, 663, '2020-02-29 06:18:54', NULL, 35, 1),
(516, 78, 664, '2020-02-29 06:18:54', NULL, 35, 1),
(517, 78, 665, '2020-02-29 06:18:55', NULL, 35, 1),
(518, 78, 666, '2020-02-29 06:18:55', NULL, 35, 1),
(519, 78, 667, '2020-02-29 06:18:55', NULL, 35, 1),
(520, 79, 659, '2020-02-29 06:19:03', NULL, 35, 1),
(521, 79, 652, '2020-02-29 06:19:03', NULL, 35, 1),
(522, 79, 653, '2020-02-29 06:19:03', NULL, 35, 1),
(523, 79, 654, '2020-02-29 06:19:03', NULL, 35, 1),
(524, 79, 655, '2020-02-29 06:19:03', NULL, 35, 1),
(525, 79, 656, '2020-02-29 06:19:03', NULL, 35, 1),
(526, 79, 657, '2020-02-29 06:19:03', NULL, 35, 1),
(527, 79, 658, '2020-02-29 06:19:03', NULL, 35, 1),
(528, 79, 661, '2020-02-29 06:19:03', NULL, 35, 1),
(529, 79, 662, '2020-02-29 06:19:03', NULL, 35, 1),
(530, 79, 663, '2020-02-29 06:19:03', NULL, 35, 1),
(531, 79, 664, '2020-02-29 06:19:03', NULL, 35, 1),
(532, 79, 665, '2020-02-29 06:19:03', NULL, 35, 1),
(533, 79, 666, '2020-02-29 06:19:03', NULL, 35, 1),
(534, 79, 667, '2020-02-29 06:19:03', NULL, 35, 1),
(535, 88, 659, '2020-02-29 06:19:12', NULL, 35, 1),
(536, 88, 652, '2020-02-29 06:19:12', NULL, 35, 1),
(537, 88, 653, '2020-02-29 06:19:12', NULL, 35, 1),
(538, 88, 654, '2020-02-29 06:19:12', NULL, 35, 1),
(539, 88, 655, '2020-02-29 06:19:12', NULL, 35, 1),
(540, 88, 656, '2020-02-29 06:19:12', NULL, 35, 1),
(541, 88, 657, '2020-02-29 06:19:12', NULL, 35, 1),
(542, 88, 658, '2020-02-29 06:19:12', NULL, 35, 1),
(543, 88, 661, '2020-02-29 06:19:12', NULL, 35, 1),
(544, 88, 662, '2020-02-29 06:19:12', NULL, 35, 1),
(545, 88, 663, '2020-02-29 06:19:12', NULL, 35, 1),
(546, 88, 664, '2020-02-29 06:19:12', NULL, 35, 1),
(547, 88, 665, '2020-02-29 06:19:12', NULL, 35, 1),
(548, 88, 666, '2020-02-29 06:19:12', NULL, 35, 1),
(549, 88, 667, '2020-02-29 06:19:12', NULL, 35, 1),
(550, 89, 659, '2020-02-29 06:20:26', NULL, 35, 1),
(551, 89, 652, '2020-02-29 06:20:26', NULL, 35, 1),
(552, 89, 653, '2020-02-29 06:20:26', NULL, 35, 1),
(553, 89, 654, '2020-02-29 06:20:26', NULL, 35, 1),
(554, 89, 655, '2020-02-29 06:20:26', NULL, 35, 1),
(555, 89, 656, '2020-02-29 06:20:26', NULL, 35, 1),
(556, 89, 657, '2020-02-29 06:20:26', NULL, 35, 1),
(557, 89, 658, '2020-02-29 06:20:26', NULL, 35, 1),
(558, 89, 661, '2020-02-29 06:20:26', NULL, 35, 1),
(559, 89, 662, '2020-02-29 06:20:26', NULL, 35, 1),
(560, 89, 663, '2020-02-29 06:20:26', NULL, 35, 1),
(561, 89, 664, '2020-02-29 06:20:26', NULL, 35, 1),
(562, 89, 665, '2020-02-29 06:20:26', NULL, 35, 1),
(563, 89, 666, '2020-02-29 06:20:26', NULL, 35, 1),
(564, 89, 667, '2020-02-29 06:20:26', NULL, 35, 1),
(565, 80, 659, '2020-02-29 06:24:20', NULL, 35, 1),
(566, 80, 652, '2020-02-29 06:24:20', NULL, 35, 1),
(567, 80, 653, '2020-02-29 06:24:20', NULL, 35, 1),
(568, 80, 654, '2020-02-29 06:24:20', NULL, 35, 1),
(569, 80, 655, '2020-02-29 06:24:20', NULL, 35, 1),
(570, 80, 656, '2020-02-29 06:24:20', NULL, 35, 1),
(571, 80, 657, '2020-02-29 06:24:20', NULL, 35, 1),
(572, 80, 658, '2020-02-29 06:24:20', NULL, 35, 1),
(573, 80, 661, '2020-02-29 06:24:20', NULL, 35, 1),
(574, 80, 662, '2020-02-29 06:24:20', NULL, 35, 1),
(575, 80, 663, '2020-02-29 06:24:20', NULL, 35, 1),
(576, 80, 664, '2020-02-29 06:24:20', NULL, 35, 1),
(577, 80, 665, '2020-02-29 06:24:20', NULL, 35, 1),
(578, 80, 666, '2020-02-29 06:24:20', NULL, 35, 1),
(579, 80, 667, '2020-02-29 06:24:20', NULL, 35, 1),
(580, 81, 659, '2020-02-29 06:25:24', NULL, 35, 1),
(581, 81, 652, '2020-02-29 06:25:24', NULL, 35, 1),
(582, 81, 653, '2020-02-29 06:25:24', NULL, 35, 1),
(583, 81, 654, '2020-02-29 06:25:24', NULL, 35, 1),
(584, 81, 655, '2020-02-29 06:25:24', NULL, 35, 1),
(585, 81, 656, '2020-02-29 06:25:24', NULL, 35, 1),
(586, 81, 657, '2020-02-29 06:25:24', NULL, 35, 1),
(587, 81, 658, '2020-02-29 06:25:24', NULL, 35, 1),
(588, 81, 661, '2020-02-29 06:25:24', NULL, 35, 1),
(589, 81, 662, '2020-02-29 06:25:24', NULL, 35, 1),
(590, 81, 663, '2020-02-29 06:25:24', NULL, 35, 1),
(591, 81, 664, '2020-02-29 06:25:24', NULL, 35, 1),
(592, 81, 665, '2020-02-29 06:25:24', NULL, 35, 1),
(593, 81, 666, '2020-02-29 06:25:24', NULL, 35, 1),
(594, 81, 667, '2020-02-29 06:25:24', NULL, 35, 1),
(595, 82, 659, '2020-02-29 06:26:56', NULL, 35, 1),
(596, 82, 652, '2020-02-29 06:26:56', NULL, 35, 1),
(597, 82, 653, '2020-02-29 06:26:56', NULL, 35, 1),
(598, 82, 654, '2020-02-29 06:26:56', NULL, 35, 1),
(599, 82, 655, '2020-02-29 06:26:56', NULL, 35, 1),
(600, 82, 656, '2020-02-29 06:26:56', NULL, 35, 1),
(601, 82, 657, '2020-02-29 06:26:56', NULL, 35, 1),
(602, 82, 658, '2020-02-29 06:26:56', NULL, 35, 1),
(603, 82, 661, '2020-02-29 06:26:56', NULL, 35, 1),
(604, 82, 662, '2020-02-29 06:26:56', NULL, 35, 1),
(605, 82, 663, '2020-02-29 06:26:56', NULL, 35, 1),
(606, 82, 664, '2020-02-29 06:26:56', NULL, 35, 1),
(607, 82, 665, '2020-02-29 06:26:56', NULL, 35, 1),
(608, 82, 666, '2020-02-29 06:26:56', NULL, 35, 1),
(609, 82, 667, '2020-02-29 06:26:56', NULL, 35, 1),
(610, 83, 659, '2020-02-29 06:30:14', NULL, 35, 1),
(611, 83, 652, '2020-02-29 06:30:14', NULL, 35, 1),
(612, 83, 653, '2020-02-29 06:30:14', NULL, 35, 1),
(613, 83, 654, '2020-02-29 06:30:14', NULL, 35, 1),
(614, 83, 655, '2020-02-29 06:30:14', NULL, 35, 1),
(615, 83, 656, '2020-02-29 06:30:14', NULL, 35, 1),
(616, 83, 657, '2020-02-29 06:30:14', NULL, 35, 1),
(617, 83, 658, '2020-02-29 06:30:14', NULL, 35, 1),
(618, 83, 661, '2020-02-29 06:30:14', NULL, 35, 1),
(619, 83, 662, '2020-02-29 06:30:14', NULL, 35, 1),
(620, 83, 663, '2020-02-29 06:30:14', NULL, 35, 1),
(621, 83, 664, '2020-02-29 06:30:14', NULL, 35, 1),
(622, 83, 665, '2020-02-29 06:30:14', NULL, 35, 1),
(623, 83, 666, '2020-02-29 06:30:14', NULL, 35, 1),
(624, 83, 667, '2020-02-29 06:30:14', NULL, 35, 1),
(625, 84, 659, '2020-02-29 06:31:25', NULL, 35, 1),
(626, 84, 652, '2020-02-29 06:31:25', NULL, 35, 1),
(627, 84, 653, '2020-02-29 06:31:25', NULL, 35, 1),
(628, 84, 654, '2020-02-29 06:31:25', NULL, 35, 1),
(629, 84, 655, '2020-02-29 06:31:25', NULL, 35, 1),
(630, 84, 656, '2020-02-29 06:31:25', NULL, 35, 1),
(631, 84, 657, '2020-02-29 06:31:25', NULL, 35, 1),
(632, 84, 658, '2020-02-29 06:31:25', NULL, 35, 1),
(633, 84, 661, '2020-02-29 06:31:25', NULL, 35, 1),
(634, 84, 662, '2020-02-29 06:31:25', NULL, 35, 1),
(635, 84, 663, '2020-02-29 06:31:25', NULL, 35, 1),
(636, 84, 664, '2020-02-29 06:31:25', NULL, 35, 1),
(637, 84, 665, '2020-02-29 06:31:25', NULL, 35, 1),
(638, 84, 666, '2020-02-29 06:31:25', NULL, 35, 1),
(639, 84, 667, '2020-02-29 06:31:25', NULL, 35, 1),
(640, 85, 659, '2020-02-29 06:32:18', NULL, 35, 1),
(641, 85, 652, '2020-02-29 06:32:18', NULL, 35, 1),
(642, 85, 653, '2020-02-29 06:32:18', NULL, 35, 1),
(643, 85, 654, '2020-02-29 06:32:18', NULL, 35, 1),
(644, 85, 655, '2020-02-29 06:32:18', NULL, 35, 1),
(645, 85, 656, '2020-02-29 06:32:18', NULL, 35, 1),
(646, 85, 657, '2020-02-29 06:32:18', NULL, 35, 1),
(647, 85, 658, '2020-02-29 06:32:18', NULL, 35, 1),
(648, 85, 661, '2020-02-29 06:32:18', NULL, 35, 1),
(649, 85, 662, '2020-02-29 06:32:18', NULL, 35, 1),
(650, 85, 663, '2020-02-29 06:32:18', NULL, 35, 1),
(651, 85, 664, '2020-02-29 06:32:18', NULL, 35, 1),
(652, 85, 665, '2020-02-29 06:32:18', NULL, 35, 1),
(653, 85, 666, '2020-02-29 06:32:18', NULL, 35, 1),
(654, 85, 667, '2020-02-29 06:32:18', NULL, 35, 1),
(655, 86, 659, '2020-02-29 06:33:16', NULL, 35, 1),
(656, 86, 652, '2020-02-29 06:33:16', NULL, 35, 1),
(657, 86, 653, '2020-02-29 06:33:16', NULL, 35, 1),
(658, 86, 654, '2020-02-29 06:33:16', NULL, 35, 1),
(659, 86, 655, '2020-02-29 06:33:16', NULL, 35, 1),
(660, 86, 656, '2020-02-29 06:33:16', NULL, 35, 1),
(661, 86, 657, '2020-02-29 06:33:16', NULL, 35, 1),
(662, 86, 658, '2020-02-29 06:33:16', NULL, 35, 1),
(663, 86, 661, '2020-02-29 06:33:16', NULL, 35, 1),
(664, 86, 662, '2020-02-29 06:33:16', NULL, 35, 1),
(665, 86, 663, '2020-02-29 06:33:16', NULL, 35, 1),
(666, 86, 664, '2020-02-29 06:33:16', NULL, 35, 1),
(667, 86, 665, '2020-02-29 06:33:16', NULL, 35, 1),
(668, 86, 666, '2020-02-29 06:33:16', NULL, 35, 1),
(669, 86, 667, '2020-02-29 06:33:16', NULL, 35, 1),
(670, 87, 659, '2020-02-29 06:34:01', NULL, 35, 1),
(671, 87, 652, '2020-02-29 06:34:01', NULL, 35, 1),
(672, 87, 653, '2020-02-29 06:34:01', NULL, 35, 1),
(673, 87, 654, '2020-02-29 06:34:01', NULL, 35, 1),
(674, 87, 655, '2020-02-29 06:34:01', NULL, 35, 1),
(675, 87, 656, '2020-02-29 06:34:01', NULL, 35, 1),
(676, 87, 657, '2020-02-29 06:34:01', NULL, 35, 1),
(677, 87, 658, '2020-02-29 06:34:01', NULL, 35, 1),
(678, 87, 661, '2020-02-29 06:34:01', NULL, 35, 1),
(679, 87, 662, '2020-02-29 06:34:01', NULL, 35, 1),
(680, 87, 663, '2020-02-29 06:34:01', NULL, 35, 1),
(681, 87, 664, '2020-02-29 06:34:01', NULL, 35, 1),
(682, 87, 665, '2020-02-29 06:34:01', NULL, 35, 1),
(683, 87, 666, '2020-02-29 06:34:01', NULL, 35, 1),
(684, 87, 667, '2020-02-29 06:34:01', NULL, 35, 1);

-- --------------------------------------------------------

--
-- Estrutura para tabela `analytics`
--

CREATE TABLE `analytics` (
  `id` int(11) NOT NULL,
  `station_id` int(11) DEFAULT NULL,
  `type` varchar(15) NOT NULL,
  `timestamp` int(11) NOT NULL,
  `number_min` int(11) NOT NULL,
  `number_max` int(11) NOT NULL,
  `number_avg` int(11) NOT NULL
) ENGINE=InnoDB DEFAULT CHARSET=utf8mb4;

-- --------------------------------------------------------

--
-- Estrutura para tabela `api_keys`
--

CREATE TABLE `api_keys` (
  `id` varchar(16) NOT NULL,
  `user_id` int(11) NOT NULL,
  `verifier` varchar(128) NOT NULL,
  `comment` varchar(255) DEFAULT NULL
) ENGINE=InnoDB DEFAULT CHARSET=utf8mb4;

--
-- Fazendo dump de dados para tabela `api_keys`
--

INSERT INTO `api_keys` (`id`, `user_id`, `verifier`, `comment`) VALUES
('daa725e0fea70199', 1, 'a0904dec5b01405668322d0b0affc44d8d7b8cdfc01a8c11de675e4c4af048ab7c8a27dce837b75c9f351919c63c240a4fda0d91dcb03f001415c8641b9d84b4', 'Situação das Radios');

-- --------------------------------------------------------

--
-- Estrutura para tabela `bairro`
--

CREATE TABLE `bairro` (
  `id` int(11) NOT NULL,
  `bairro` varchar(255) DEFAULT NULL,
  `id_cidade` int(11) NOT NULL DEFAULT '4',
  `data_cadastro` timestamp NOT NULL DEFAULT CURRENT_TIMESTAMP,
  `data_alteracao` timestamp NULL DEFAULT NULL ON UPDATE CURRENT_TIMESTAMP,
  `id_update_user` int(11) DEFAULT NULL,
  `status` tinyint(1) NOT NULL DEFAULT '1'
) ENGINE=InnoDB DEFAULT CHARSET=utf8 ROW_FORMAT=COMPACT;

--
-- Fazendo dump de dados para tabela `bairro`
--

INSERT INTO `bairro` (`id`, `bairro`, `id_cidade`, `data_cadastro`, `data_alteracao`, `id_update_user`, `status`) VALUES
(71, '7  DE SETEMBRO', 4, '2019-08-30 05:23:24', NULL, NULL, 1),
(72, 'ALTIPLANO', 4, '2019-08-30 05:23:37', NULL, NULL, 1),
(73, 'ALTO DO JUCÁ', 4, '2019-08-30 05:23:50', NULL, NULL, 1),
(74, 'ALVORADA', 4, '2019-08-30 05:24:03', NULL, NULL, 1),
(75, 'AREIAS I', 4, '2019-08-30 05:24:19', NULL, NULL, 1),
(76, 'AREIAS II', 4, '2019-08-30 05:24:38', NULL, NULL, 1),
(77, 'BASTIANA', 4, '2019-08-30 05:24:56', NULL, NULL, 1),
(78, 'BUGI', 4, '2019-08-30 05:25:07', NULL, NULL, 1),
(79, 'CAJAZEIRAS', 4, '2019-08-30 05:25:36', NULL, NULL, 1),
(80, 'CAJUEIRO', 4, '2019-08-30 05:25:48', NULL, NULL, 1),
(81, 'CENTRO', 4, '2019-08-30 05:26:02', NULL, NULL, 1),
(82, 'CHAPADINHA', 4, '2019-08-30 05:26:13', NULL, NULL, 1),
(83, 'COCOBÓ', 4, '2019-08-30 05:26:25', NULL, NULL, 1),
(84, 'COHABS', 4, '2019-08-30 05:26:48', NULL, NULL, 1),
(85, 'ESPLANADA I', 4, '2019-08-30 05:27:10', NULL, NULL, 1),
(86, 'ESPLANADA II', 4, '2019-08-30 05:27:24', NULL, NULL, 1),
(87, 'ESPLENDOR', 4, '2019-08-30 05:29:58', NULL, NULL, 1),
(88, 'FILADÉLFIA', 4, '2019-08-30 05:30:16', NULL, NULL, 1),
(89, 'FLORES', 4, '2019-08-30 05:30:30', NULL, NULL, 1),
(90, 'FOMENTO', 4, '2019-08-30 05:30:42', NULL, NULL, 1),
(91, 'INDUSTRIAL', 4, '2019-08-30 05:30:55', NULL, NULL, 1),
(92, 'JARDIM IGUATU', 4, '2019-08-30 05:31:45', NULL, NULL, 1),
(93, 'JARDIM OÁSIS', 4, '2019-08-30 05:31:57', NULL, NULL, 1),
(94, 'JOÃO PAULO II', 4, '2019-08-30 05:32:08', NULL, NULL, 1),
(95, 'LAGOA PARK', 4, '2019-08-30 05:32:19', NULL, NULL, 1),
(96, 'LOTEAMENTO VERDE PARK', 4, '2019-08-30 05:32:33', NULL, NULL, 1),
(97, 'NOVO IGUATU', 4, '2019-08-30 05:32:46', NULL, NULL, 1),
(98, 'PARANÁ', 4, '2019-08-30 05:32:56', NULL, NULL, 1),
(99, 'PLANALTO', 4, '2019-08-30 05:33:06', NULL, NULL, 1),
(100, 'POÇO COMPRIDO', 4, '2019-08-30 05:33:16', NULL, NULL, 1),
(101, 'PRADO', 4, '2019-08-30 05:33:26', NULL, NULL, 1),
(102, 'PREMIER', 4, '2019-08-30 05:33:38', NULL, NULL, 1),
(103, 'SANTO ANTÔNIO', 4, '2019-08-30 05:33:47', NULL, NULL, 1),
(104, 'SÃO SEBASTIÃO', 4, '2019-08-30 05:34:02', NULL, NULL, 1),
(105, 'TABULEIRO', 4, '2019-08-30 05:34:15', NULL, NULL, 1),
(106, 'VARJOTA', 4, '2019-08-30 05:34:26', NULL, NULL, 1),
(107, 'VENEZA', 4, '2019-08-30 05:34:36', NULL, NULL, 1),
(108, 'VILA BRASÍLIA', 4, '2019-08-30 05:34:44', NULL, NULL, 1),
(109, 'VILA CENTENÁRIO', 4, '2019-08-30 05:34:53', NULL, NULL, 1),
(110, 'VILA CIDÃO', 4, '2019-08-30 05:35:03', NULL, NULL, 1),
(111, 'VILA COQUEIROS', 4, '2019-08-30 05:35:11', NULL, NULL, 1),
(112, 'VILA DAAE', 4, '2019-08-30 05:35:21', NULL, NULL, 1),
(113, 'VILA MOURA', 4, '2019-08-30 05:35:32', NULL, NULL, 1),
(114, 'VILA NEUMA', 4, '2019-08-30 05:35:42', NULL, NULL, 1),
(115, 'ZONA RURAL', 4, '2019-08-30 05:35:51', NULL, NULL, 1);

-- --------------------------------------------------------

--
-- Estrutura para tabela `caixa`
--

CREATE TABLE `caixa` (
  `id` int(11) NOT NULL,
  `id_loja` int(11) NOT NULL,
  `id_user` int(11) NOT NULL,
  `data_abertura` datetime NOT NULL,
  `valor_abertura` decimal(10,2) NOT NULL,
  `id_user_abertura` int(11) NOT NULL,
  `data_fechamento` datetime DEFAULT NULL,
  `valor_fechamento` decimal(10,2) DEFAULT NULL,
  `id_user_fechamento` int(11) DEFAULT NULL,
  `valor_pedidos` decimal(10,2) DEFAULT NULL,
  `valor_descontos` decimal(10,2) DEFAULT NULL,
  `valor_total` decimal(10,2) DEFAULT NULL,
  `extrato` varchar(255) DEFAULT NULL,
  `data_cadastro` timestamp NOT NULL DEFAULT CURRENT_TIMESTAMP,
  `data_alteracao` timestamp NULL DEFAULT NULL ON UPDATE CURRENT_TIMESTAMP,
  `id_update_user` int(11) DEFAULT NULL,
  `status` tinyint(1) NOT NULL DEFAULT '1'
) ENGINE=InnoDB DEFAULT CHARSET=utf8;

-- --------------------------------------------------------

--
-- Estrutura para tabela `cardapio`
--

CREATE TABLE `cardapio` (
  `id` int(11) NOT NULL,
  `id_loja` int(11) DEFAULT NULL,
  `nome` varchar(255) DEFAULT NULL,
  `imagem` varchar(255) DEFAULT NULL,
  `data_cadastro` timestamp NOT NULL DEFAULT CURRENT_TIMESTAMP,
  `data_alteracao` timestamp NULL DEFAULT NULL ON UPDATE CURRENT_TIMESTAMP,
  `id_update_user` int(11) DEFAULT NULL,
  `status` tinyint(1) NOT NULL DEFAULT '1'
) ENGINE=InnoDB DEFAULT CHARSET=utf8;

-- --------------------------------------------------------

--
-- Estrutura para tabela `categoria`
--

CREATE TABLE `categoria` (
  `id` int(11) NOT NULL,
  `id_loja` int(11) DEFAULT NULL,
  `nome` varchar(255) DEFAULT NULL,
  `ordem` decimal(10,0) DEFAULT '999999999',
  `data_cadastro` timestamp NOT NULL DEFAULT CURRENT_TIMESTAMP,
  `data_alteracao` timestamp NULL DEFAULT NULL ON UPDATE CURRENT_TIMESTAMP,
  `id_update_user` int(11) DEFAULT NULL,
  `status` tinyint(1) NOT NULL DEFAULT '1'
) ENGINE=InnoDB DEFAULT CHARSET=utf8;

--
-- Fazendo dump de dados para tabela `categoria`
--

INSERT INTO `categoria` (`id`, `id_loja`, `nome`, `ordem`, `data_cadastro`, `data_alteracao`, `id_update_user`, `status`) VALUES
(4, 152, 'Lanches', '999999999', '2018-09-15 17:10:34', '2019-10-10 23:19:55', 4, 1),
(5, 152, 'Pizzas', '999999999', '2018-09-15 17:10:46', '2019-10-10 23:19:55', 4, 1),
(6, 152, 'Bebidas', '999999999', '2018-09-15 17:10:57', '2019-10-10 23:19:55', 4, 1),
(8, 182, 'Lanches', '999999999', '2018-10-07 01:52:59', '2019-10-10 23:19:55', 1, 1),
(11, 196, 'Lanches', '999999999', '2018-11-25 14:32:00', '2019-10-10 23:19:55', 8, 1),
(23, 196, 'Bebidas', '999999999', '2018-11-25 19:56:14', '2019-10-10 23:19:55', 8, 1),
(25, 130, 'Uramaki', '999999999', '2018-11-28 21:45:58', '2019-10-10 23:19:55', 10, 1),
(26, 130, 'Hossomaki', '999999999', '2018-11-28 21:46:09', '2019-10-10 23:19:55', 10, 1),
(27, 130, 'Niguiri', '999999999', '2018-11-28 21:46:19', '2019-10-10 23:19:55', 10, 1),
(28, 130, 'Sashimi', '999999999', '2018-11-28 21:46:33', '2019-10-10 23:19:55', 10, 1),
(29, 130, 'Joy', '999999999', '2018-11-28 21:46:45', '2019-10-10 23:19:55', 10, 1),
(30, 130, 'Temaki', '999999999', '2018-11-28 21:47:01', '2019-10-10 23:19:55', 12, 1),
(32, 130, 'Hot', '999999999', '2018-11-28 21:47:21', '2019-10-10 23:19:55', 10, 1),
(33, 130, 'Yakissoba', '999999999', '2018-11-28 21:47:32', '2019-10-10 23:19:55', 12, 1),
(34, 130, 'Porções', '999999999', '2018-11-28 21:48:03', '2019-10-10 23:19:55', 10, 1),
(35, 130, 'Sobremesas', '999999999', '2018-11-28 21:48:12', '2019-10-10 23:19:55', 10, 1),
(36, 130, 'Combos', '999999999', '2018-11-28 21:48:22', '2019-10-10 23:19:55', 10, 1),
(37, 45, 'Petiscos', '999999999', '2018-11-28 23:07:46', '2019-10-10 23:19:55', 11, 1),
(38, 45, 'Bebidas', '999999999', '2018-11-28 23:07:54', '2019-10-10 23:19:55', 11, 1),
(39, 45, 'Lanches', '999999999', '2018-11-28 23:08:03', '2019-10-10 23:19:55', 11, 1),
(40, 45, 'Combos', '999999999', '2018-11-28 23:08:11', '2019-10-10 23:19:55', 11, 1),
(41, 130, 'Harumak', '999999999', '2018-11-29 19:04:17', '2019-10-10 23:19:55', 10, 1),
(42, 196, 'Porções', '999999999', '2018-12-02 19:34:34', '2019-10-10 23:19:55', 8, 1),
(43, 135, 'Bebidas', '999999999', '2019-01-26 16:40:48', '2019-10-10 23:19:55', 18, 1),
(44, 135, 'Marmitas', '999999999', '2019-01-26 16:40:58', '2019-10-10 23:19:55', 18, 1),
(45, 135, 'Assados', '999999999', '2019-01-27 15:37:25', '2019-10-10 23:19:55', 2, 1),
(48, 182, 'Assados', '999999999', '2019-01-31 16:55:47', '2019-10-10 23:19:55', 2, 1),
(50, 130, '*PROMOÇÕES', '999999999', '2019-02-02 18:30:33', '2019-10-10 23:19:55', 14, 1),
(51, 14, 'teste', '999999999', '2019-02-02 18:36:21', '2019-10-10 23:19:55', 2, 1),
(52, 182, 'teste 0202', '999999999', '2019-02-02 18:39:25', '2019-10-10 23:19:55', 2, 1),
(53, 135, 'testeeeeeeeeee', '999999999', '2019-02-02 18:40:41', '2019-10-10 23:19:55', 2, 1),
(54, 182, 'Marmitas', '999999999', '2019-02-07 13:59:42', '2019-10-10 23:19:55', 2, 1),
(55, 182, 'Bebidas', '999999999', '2019-02-07 14:01:55', '2019-10-10 23:19:55', 2, 1),
(56, 182, 'Pizza 1 sabor', '999999999', '2019-02-08 12:24:57', '2019-10-10 23:19:55', 27, 1),
(57, 55, 'Lanches', '999999999', '2019-02-28 15:45:59', '2019-10-10 23:19:55', 4, 1),
(58, 55, 'Dog\'s', '999999999', '2019-02-28 15:46:17', '2019-10-10 23:19:55', 4, 1),
(59, 55, 'Porções', '999999999', '2019-02-28 15:46:40', '2019-10-10 23:19:55', 4, 1),
(60, 55, 'Bebidas', '999999999', '2019-02-28 15:46:56', '2019-10-10 23:19:55', 4, 1),
(61, 55, 'Lanche no Prato', '999999999', '2019-02-28 15:47:08', '2019-10-10 23:19:55', 4, 1),
(62, 130, 'Salada', '999999999', '2019-03-03 11:14:26', '2019-10-10 23:19:55', 19, 1),
(63, 212, 'Burguers', '999999999', '2019-03-07 17:28:30', '2019-10-10 23:19:55', 4, 1),
(64, 212, 'Porções', '999999999', '2019-03-07 17:28:52', '2019-10-10 23:19:55', 4, 1),
(65, 212, 'Bebidas', '999999999', '2019-03-07 17:29:03', '2019-10-10 23:19:55', 4, 1),
(69, 204, 'teste', '999999999', '2019-03-11 00:20:16', '2019-10-10 23:19:55', 2, 1),
(70, 204, 'pizza', '999999999', '2019-03-11 00:20:26', '2019-10-10 23:19:55', 2, 1),
(71, 204, 'teste 02', '999999999', '2019-03-11 00:23:15', '2019-10-10 23:19:55', 23, 1),
(72, 178, 'Esfihas', '999999999', '2019-03-11 18:56:31', '2019-10-10 23:19:55', 4, 1),
(74, 178, 'Bebidas', '999999999', '2019-03-11 18:57:03', '2019-10-10 23:19:55', 4, 1),
(75, 178, 'Comida Árabe', '999999999', '2019-03-11 18:57:26', '2019-10-10 23:19:55', 4, 1),
(76, 178, 'Porções', '999999999', '2019-03-11 18:57:40', '2019-10-10 23:19:55', 4, 1),
(77, 178, 'Beirute', '999999999', '2019-03-11 18:57:55', '2019-10-10 23:19:55', 4, 1),
(78, 178, 'Lanches', '999999999', '2019-03-11 18:58:07', '2019-10-10 23:19:55', 4, 1),
(79, 178, 'Shawarma Tradicional', '999999999', '2019-03-11 18:58:37', '2019-10-10 23:19:55', 4, 1),
(80, 178, 'Shawarma Especial', '999999999', '2019-03-11 18:58:52', '2019-10-10 23:19:55', 4, 1),
(81, 43, 'Sanduíches Artesanais', '999999999', '2019-03-14 16:13:37', '2019-10-10 23:19:55', 4, 1),
(82, 43, 'Petiscos', '999999999', '2019-03-14 16:14:08', '2019-10-10 23:19:55', 4, 1),
(83, 43, 'Petiscos de Praia', '999999999', '2019-03-14 16:14:23', '2019-10-10 23:19:55', 4, 1),
(84, 43, 'Bebidas', '999999999', '2019-03-14 16:14:41', '2019-10-10 23:19:55', 4, 1),
(85, 43, 'Sucos Naturais', '999999999', '2019-03-14 22:50:21', '2019-10-10 23:19:55', 25, 1),
(86, 43, 'PROMOÇÕES!', '999999999', '2019-03-14 22:52:34', '2019-10-10 23:19:55', 25, 1),
(87, 213, 'Bebidas', '999999999', '2019-03-29 21:38:02', '2019-10-10 23:19:55', 26, 1),
(88, 213, 'Picolés', '999999999', '2019-03-29 21:39:03', '2019-10-10 23:19:55', 26, 1),
(89, 213, 'Potes 1 litro', '999999999', '2019-03-29 21:39:25', '2019-10-10 23:19:55', 26, 1),
(90, 213, 'Potes 2 L. Clássico', '999999999', '2019-03-29 21:39:43', '2019-10-10 23:19:55', 26, 1),
(91, 213, 'Potes 1,5 L. Big Sundae', '999999999', '2019-03-29 22:09:45', '2019-10-10 23:19:55', 26, 1),
(92, 213, 'Potes 2 L. Especialidades', '999999999', '2019-03-30 00:22:57', '2019-10-10 23:19:55', 26, 1),
(93, 213, 'Potes 1,5 L. Zero Lactose', '999999999', '2019-03-30 19:44:49', '2019-10-10 23:19:55', 26, 1),
(94, 213, 'Potes 1 L. Zero Açucares', '999999999', '2019-03-30 20:25:25', '2019-10-10 23:19:55', 26, 1),
(95, 213, 'Pote Premiun 700ML', '999999999', '2019-03-30 21:13:40', '2019-10-10 23:19:55', 26, 1),
(96, 213, 'Açai ', '999999999', '2019-03-30 21:27:19', '2019-10-10 23:19:55', 26, 1),
(97, 213, 'Paletas', '999999999', '2019-03-30 22:29:40', '2019-10-10 23:19:55', 26, 1),
(98, 213, 'Sorbet 250g', '999999999', '2019-03-30 22:48:25', '2019-10-10 23:19:55', 26, 1),
(99, 213, 'Picolé Suave', '999999999', '2019-03-30 23:01:40', '2019-10-10 23:19:55', 26, 1),
(100, 213, 'Gkonnes', '999999999', '2019-03-30 23:10:02', '2019-10-10 23:19:55', 26, 1),
(101, 213, 'Gmax', '999999999', '2019-03-30 23:10:28', '2019-10-10 23:19:55', 26, 1),
(102, 213, 'Picolé Especiais', '999999999', '2019-03-30 23:29:33', '2019-10-10 23:19:55', 26, 1),
(103, 213, 'Mini Bombom', '999999999', '2019-03-31 00:09:34', '2019-10-10 23:19:55', 26, 1),
(104, 213, 'Sundae', '999999999', '2019-03-31 00:09:49', '2019-10-10 23:19:55', 26, 1),
(105, 213, 'Copos ', '999999999', '2019-03-31 00:10:11', '2019-10-10 23:19:55', 26, 1),
(106, 213, 'Divertidos Buuu', '999999999', '2019-03-31 00:26:44', '2019-10-10 23:19:55', 26, 1),
(107, 213, 'Picolé Ao Leite', '999999999', '2019-03-31 01:08:44', '2019-10-10 23:19:55', 26, 1),
(108, 213, 'Picolé Gefrutti', '999999999', '2019-03-31 01:09:18', '2019-10-10 23:19:55', 26, 1),
(109, 213, 'Pitaya', '999999999', '2019-03-31 18:25:47', '2019-10-10 23:19:55', 26, 1),
(111, 182, 'Pizza 2 sabores', '999999999', '2019-04-18 21:40:42', '2019-10-10 23:19:55', 27, 1),
(113, 5, 'Pizzas', '999999999', '2019-05-02 14:02:22', '2019-10-10 23:19:55', 4, 1),
(116, 218, 'Prefeitura', '999999999', '2019-08-02 21:06:14', '2019-10-10 23:19:55', 2, 1),
(117, 218, 'Secretaria', '999999999', '2019-08-02 21:06:29', '2019-10-10 23:19:55', 2, 1),
(118, 218, 'Praças', '999999999', '2019-08-02 21:06:39', '2019-10-10 23:19:55', 2, 1),
(141, 256, 'Sanduíches', '999999999', '2019-08-31 18:53:22', '2019-10-10 23:19:55', NULL, 1),
(142, 256, 'Pizza', '999999999', '2019-08-31 19:37:37', '2019-10-10 23:19:55', 32, 1),
(143, 256, 'Pizza 2 sabores', '999999999', '2019-08-31 19:37:45', '2019-10-10 23:19:55', 32, 1),
(146, 228, 'Burguer', '999999999', '2019-09-15 18:56:14', '2019-10-10 23:19:55', 33, 1),
(147, 228, 'Pizza', '999999999', '2019-09-15 18:56:58', '2019-10-10 23:19:55', 33, 1),
(148, 228, 'Pizza 5 sabores', '999999999', '2019-09-15 18:57:15', '2019-10-10 23:19:55', 33, 1),
(149, 228, 'Pastel', '999999999', '2019-09-15 18:58:08', '2019-10-10 23:19:55', 33, 1),
(150, 228, 'Pastel especial', '999999999', '2019-09-15 18:58:18', '2019-10-10 23:19:55', 33, 1),
(151, 228, 'Pastel especial 4 sabores', '999999999', '2019-09-15 18:58:56', '2019-10-10 23:19:55', 33, 1),
(153, 228, 'Sobremesa', '999999999', '2019-09-15 18:59:50', '2019-10-10 23:19:55', 33, 1),
(154, 228, 'Suco', '999999999', '2019-09-15 19:02:16', '2019-10-10 23:19:55', 33, 1),
(155, 228, 'Jarra de suco', '999999999', '2019-09-15 19:02:29', '2019-10-10 23:19:55', 33, 1),
(156, 228, 'Vitamina', '999999999', '2019-09-15 19:04:50', '2019-10-10 23:19:55', 33, 1),
(157, 228, 'Jarra de vitamina', '999999999', '2019-09-15 19:04:59', '2019-10-10 23:19:55', 33, 1),
(158, 228, 'Vitamina bomba baiana', '999999999', '2019-09-15 19:05:42', '2019-10-10 23:19:55', 33, 1),
(159, 228, 'Jarra de vitamina bomba baiana 1LT', '999999999', '2019-09-15 19:06:54', '2019-10-10 23:19:55', 33, 1),
(160, 228, 'Bebidas', '999999999', '2019-09-15 19:07:09', '2019-10-10 23:19:55', 33, 1),
(161, 228, 'Panqueca', '999999999', '2019-09-15 22:45:01', '2019-10-10 23:19:55', 33, 1),
(162, 228, 'Especial 4 sabores', '999999999', '2019-09-15 23:10:49', '2019-10-10 23:19:55', 33, 1),
(163, 228, '5 Sabores', '999999999', '2019-09-16 00:18:04', '2019-10-10 23:19:55', NULL, 1),
(164, 228, '4 Sabores', '999999999', '2019-09-16 00:18:20', '2019-10-10 23:19:55', NULL, 1),
(165, 228, 'Batata frita', '999999999', '2019-09-16 17:57:31', '2019-10-10 23:19:55', 33, 1),
(166, 228, 'Batata trunfada', '999999999', '2019-09-16 17:57:45', '2019-10-10 23:19:55', 33, 1),
(169, 256, 'Pastel', '999999999', '2019-10-16 19:36:25', NULL, 32, 1),
(186, 475, 'Bebidas com álcool', '0', '2020-02-29 04:39:22', NULL, 35, 1),
(187, 475, 'Refrigerantes', '0', '2020-02-29 04:39:36', NULL, 35, 1),
(188, 475, 'Sucos', '0', '2020-02-29 04:39:51', NULL, 35, 1),
(189, 475, 'Burguer\'s tradicionais', '0', '2020-02-29 04:42:53', NULL, 35, 1),
(190, 475, 'Burguer\'s especiais', '0', '2020-02-29 04:43:11', NULL, 35, 1),
(193, 308, 'Entradas', '0', '2020-03-09 19:05:49', NULL, 2, 1),
(194, 308, 'Baião e arroz', '0', '2020-03-09 19:06:41', NULL, 2, 1),
(195, 308, 'Diversos', '0', '2020-03-09 19:07:00', NULL, 2, 1),
(196, 308, 'Espetinhos', '0', '2020-03-09 19:07:45', NULL, 2, 1),
(197, 308, 'Carnes na brasa - cortes nobres', '0', '2020-03-09 19:10:10', NULL, 2, 1),
(199, 308, 'Sanduíches', '0', '2020-03-09 19:12:27', NULL, 2, 1),
(200, 308, 'Sucos e vitaminas', '0', '2020-03-09 19:13:03', NULL, 2, 1),
(201, 308, 'Águas', '0', '2020-03-09 19:13:22', NULL, 2, 1),
(202, 308, 'Refrigerantes', '0', '2020-03-09 19:14:22', NULL, 2, 1),
(203, 308, 'Bebidas quentes', '0', '2020-03-09 19:14:54', NULL, 2, 1),
(204, 308, 'Outras bebidas', '0', '2020-03-09 19:15:11', NULL, 2, 1),
(205, 308, 'cocktail - doses', '0', '2020-03-09 19:15:58', NULL, 2, 1),
(206, 308, 'Caipirinhas e caipiroscas', '0', '2020-03-09 19:16:36', NULL, 2, 1),
(207, 308, 'Cervejas de 600ml', '0', '2020-03-09 19:17:24', NULL, 2, 1),
(208, 308, 'Long neck', '0', '2020-03-09 19:18:24', NULL, 2, 1),
(209, 333, 'Matinais', '0', '2020-03-10 04:32:59', NULL, 2, 1),
(210, 333, 'Mercearia', '0', '2020-03-10 04:33:23', NULL, 2, 1),
(211, 333, 'Emporium', '0', '2020-03-10 04:35:57', NULL, 2, 1),
(212, 333, 'Padaria', '0', '2020-03-10 04:37:33', NULL, 2, 1),
(213, 333, 'Orgânicos', '0', '2020-03-10 04:38:04', NULL, 2, 1),
(214, 333, 'Hortifrúti', '0', '2020-03-10 04:39:51', NULL, 2, 1),
(215, 333, 'Frios e Laticínios', '0', '2020-03-10 04:40:13', NULL, 2, 1),
(216, 333, 'Congelados', '0', '2020-03-10 04:40:46', NULL, 2, 1),
(217, 333, 'Açougue e Peixaria', '0', '2020-03-10 04:51:04', NULL, 2, 1),
(218, 333, 'Bebidas', '0', '2020-03-10 04:51:41', NULL, 2, 1),
(219, 333, 'Alimentação saudável', '0', '2020-03-10 04:52:32', NULL, 2, 1),
(220, 333, 'Utilidades domésticas', '0', '2020-03-10 04:53:07', NULL, 2, 1),
(222, 333, 'Limpeza', '0', '2020-03-10 04:56:50', '2020-03-16 07:19:11', 34, 1),
(223, 333, 'Pet shop', '0', '2020-03-10 04:57:18', NULL, 2, 1),
(224, 333, 'Higiene e Beleza', '0', '2020-03-16 07:19:56', NULL, 34, 1),
(225, 333, 'Bazar', '0', '2020-03-22 05:42:30', NULL, 34, 1);

-- --------------------------------------------------------

--
-- Estrutura para tabela `cidade`
--

CREATE TABLE `cidade` (
  `id` int(11) NOT NULL,
  `cidade` varchar(255) DEFAULT NULL,
  `estado` varchar(255) DEFAULT NULL,
  `data_cadastro` timestamp NOT NULL DEFAULT CURRENT_TIMESTAMP,
  `data_alteracao` timestamp NULL DEFAULT NULL ON UPDATE CURRENT_TIMESTAMP,
  `id_update_user` int(11) DEFAULT NULL,
  `status` tinyint(1) NOT NULL DEFAULT '1'
) ENGINE=InnoDB DEFAULT CHARSET=utf8;

--
-- Fazendo dump de dados para tabela `cidade`
--

INSERT INTO `cidade` (`id`, `cidade`, `estado`, `data_cadastro`, `data_alteracao`, `id_update_user`, `status`) VALUES
(4, 'Iguatu', 'CE', '2019-08-24 15:40:06', NULL, 2, 1),
(5, 'Acopiara', 'CE', '2019-10-23 18:13:39', '2019-10-23 18:14:21', 2, 0),
(6, 'Jucás', 'CE', '2019-10-23 18:16:17', NULL, 2, 0);

-- --------------------------------------------------------

--
-- Estrutura para tabela `cliente`
--

CREATE TABLE `cliente` (
  `id` int(11) NOT NULL,
  `id_celular` varchar(100) CHARACTER SET utf8mb4 DEFAULT NULL,
  `id_cidade` int(4) DEFAULT NULL,
  `nome` varchar(255) DEFAULT NULL,
  `telefone` varchar(20) DEFAULT NULL,
  `celular` varchar(20) DEFAULT NULL,
  `sexo` enum('M','F') DEFAULT NULL,
  `data_nascimento` date DEFAULT NULL,
  `email` varchar(100) DEFAULT NULL,
  `endereco` varchar(150) DEFAULT NULL,
  `numero` varchar(10) DEFAULT NULL,
  `complemento` varchar(100) DEFAULT NULL,
  `bairro` varchar(100) DEFAULT NULL,
  `cidade` varchar(100) DEFAULT NULL,
  `cidade_codigo` varchar(100) DEFAULT NULL,
  `estado` varchar(100) DEFAULT NULL,
  `cep` varchar(9) DEFAULT NULL,
  `endereco_entrega` tinyint(1) DEFAULT '0',
  `data_cadastro` timestamp NOT NULL DEFAULT CURRENT_TIMESTAMP,
  `data_alteracao` timestamp NULL DEFAULT NULL ON UPDATE CURRENT_TIMESTAMP,
  `id_update_user` int(11) DEFAULT '1',
  `status` tinyint(1) DEFAULT '1',
  `id_onesignal` varchar(255) DEFAULT NULL
) ENGINE=InnoDB DEFAULT CHARSET=utf8;

--
-- Fazendo dump de dados para tabela `cliente`
--

INSERT INTO `cliente` (`id`, `id_celular`, `id_cidade`, `nome`, `telefone`, `celular`, `sexo`, `data_nascimento`, `email`, `endereco`, `numero`, `complemento`, `bairro`, `cidade`, `cidade_codigo`, `estado`, `cep`, `endereco_entrega`, `data_cadastro`, `data_alteracao`, `id_update_user`, `status`, `id_onesignal`) VALUES
(6, '3589a9ebc53800ed', 4, NULL, NULL, NULL, NULL, NULL, NULL, NULL, NULL, NULL, NULL, NULL, NULL, NULL, NULL, 0, '2019-10-22 19:53:51', '2019-10-22 19:53:58', 6, 1, '6948e586-3d14-4582-9d00-d5ab7882d176'),
(7, '7ab766a968923e5a', 4, NULL, NULL, NULL, NULL, NULL, NULL, NULL, NULL, NULL, NULL, NULL, NULL, NULL, NULL, 0, '2019-10-22 20:17:15', '2019-10-22 20:27:55', 7, 1, '3cf97cd6-50d3-4b4c-8e52-1f73b5f81f53'),
(9, '730245b392791ee0', 4, NULL, NULL, NULL, NULL, NULL, NULL, NULL, NULL, NULL, NULL, NULL, NULL, NULL, NULL, 0, '2019-10-24 00:04:20', '2019-10-24 00:04:22', 9, 1, '0da4a209-3245-4a48-994c-84a397a629dd'),
(29, '4767a7fc170ffdc4', 4, NULL, NULL, NULL, NULL, NULL, NULL, NULL, NULL, NULL, NULL, NULL, NULL, NULL, NULL, 0, '2019-11-01 14:45:18', '2019-11-01 21:44:10', 29, 1, '53fe789b-2132-4a88-a415-c0c33702c40d'),
(30, 'aa86bc17c7eea2c2', 4, NULL, NULL, NULL, NULL, NULL, NULL, NULL, NULL, NULL, NULL, NULL, NULL, NULL, NULL, 0, '2019-12-09 23:51:43', '2019-12-09 23:51:50', 30, 1, '0da4a209-3245-4a48-994c-84a397a629dd'),
(32, '8a384738528dc66b', 4, NULL, NULL, NULL, NULL, NULL, NULL, NULL, NULL, NULL, NULL, NULL, NULL, NULL, NULL, 0, '2019-12-10 06:03:46', '2019-12-10 06:03:58', 32, 1, '3cf97cd6-50d3-4b4c-8e52-1f73b5f81f53'),
(33, '084f238203236b27', 4, NULL, NULL, NULL, NULL, NULL, NULL, NULL, NULL, NULL, NULL, NULL, NULL, NULL, NULL, 0, '2020-01-10 20:18:47', '2020-01-10 20:18:51', 33, 1, '0da4a209-3245-4a48-994c-84a397a629dd');

-- --------------------------------------------------------

--
-- Estrutura para tabela `cliente_favoritos`
--

CREATE TABLE `cliente_favoritos` (
  `id` int(11) NOT NULL,
  `id_celular` varchar(255) DEFAULT NULL,
  `id_loja` int(11) NOT NULL,
  `data_cadastro` timestamp NOT NULL DEFAULT CURRENT_TIMESTAMP,
  `data_alteracao` timestamp NULL DEFAULT NULL ON UPDATE CURRENT_TIMESTAMP,
  `id_update_user` int(11) DEFAULT '1',
  `status` tinyint(1) NOT NULL DEFAULT '1'
) ENGINE=InnoDB DEFAULT CHARSET=utf8;

--
-- Fazendo dump de dados para tabela `cliente_favoritos`
--

INSERT INTO `cliente_favoritos` (`id`, `id_celular`, `id_loja`, `data_cadastro`, `data_alteracao`, `id_update_user`, `status`) VALUES
(12, '3589a9ebc53800ed', 256, '2019-10-22 19:54:41', NULL, 6, 1),
(17, NULL, 256, '2019-10-31 09:31:06', NULL, 21, 1),
(20, '3589a9ebc53800ed', 228, '2019-12-07 09:21:26', NULL, 6, 1),
(23, '3589a9ebc53800ed', 333, '2019-12-07 20:00:34', NULL, 6, 1),
(27, NULL, 333, '2019-12-08 23:23:00', NULL, 34, 1),
(38, '8a384738528dc66b', 308, '2019-12-10 15:37:05', NULL, 32, 1),
(40, NULL, 256, '2019-12-12 09:38:11', NULL, 1, 1),
(45, NULL, 224, '2019-12-21 00:46:28', NULL, 1, 1),
(46, '4767a7fc170ffdc4', 327, '2019-12-21 02:16:42', NULL, 29, 1),
(47, 'aa86bc17c7eea2c2', 228, '2019-12-23 20:20:05', NULL, 30, 1),
(48, '8a384738528dc66b', 224, '2020-01-06 14:12:46', NULL, 32, 1);

-- --------------------------------------------------------

--
-- Estrutura para tabela `configuracao`
--

CREATE TABLE `configuracao` (
  `id` int(11) NOT NULL,
  `app_title` varchar(255) NOT NULL,
  `about_app` text CHARACTER SET utf8mb4,
  `whatsapp` varchar(20) DEFAULT NULL,
  `instagram` varchar(200) DEFAULT NULL,
  `facebook` varchar(200) DEFAULT NULL,
  `youtube` varchar(200) DEFAULT NULL,
  `versao` varchar(5) DEFAULT NULL,
  `protocol` enum('http://','https://') NOT NULL,
  `environment` enum('Desenvolvimento','Produção') NOT NULL,
  `storeios` varchar(255) DEFAULT NULL,
  `mail_host` varchar(255) DEFAULT NULL,
  `mail_user` varchar(255) DEFAULT NULL,
  `mail_pass` varchar(255) DEFAULT NULL,
  `mail_auth` enum('true','false') DEFAULT 'true',
  `mail_secure` enum('ssl','tls') DEFAULT 'ssl',
  `mail_port` int(4) DEFAULT '465',
  `mail_sendtype` enum('isSMTP','isMAIL') DEFAULT 'isSMTP',
  `data_cadastro` timestamp NOT NULL DEFAULT CURRENT_TIMESTAMP,
  `data_alteracao` timestamp NULL DEFAULT NULL ON UPDATE CURRENT_TIMESTAMP,
  `id_update_user` int(11) DEFAULT NULL,
  `visitas` int(11) NOT NULL DEFAULT '10',
  `status` tinyint(1) NOT NULL DEFAULT '1'
) ENGINE=InnoDB DEFAULT CHARSET=utf8;

--
-- Fazendo dump de dados para tabela `configuracao`
--

INSERT INTO `configuracao` (`id`, `app_title`, `about_app`, `whatsapp`, `instagram`, `facebook`, `youtube`, `versao`, `protocol`, `environment`, `storeios`, `mail_host`, `mail_user`, `mail_pass`, `mail_auth`, `mail_secure`, `mail_port`, `mail_sendtype`, `data_cadastro`, `data_alteracao`, `id_update_user`, `visitas`, `status`) VALUES
(1, 'npop Guia & Delivery', '<p>O Aplicativo npop Guia & Delivery existe para facilitar a vida das pessoas na hora de conhecer o negócio da sua cidade ou fazer pedidos pelo app.</p>\r\n<p>Aguarde mais informações...</p>', '(88) 9934-1621', 'https://instagram.com/npop', 'http://facebook.com/npop', 'http://youtube.com/npop', '2.0', 'http://', 'Produção', NULL, 'email-ssl.com.br', 'naoresponder@npop.com.br', 'Agendalabs2018', 'true', 'ssl', 465, 'isSMTP', '2018-05-16 16:30:07', '2020-04-04 14:48:00', 6, 4619, 1);

-- --------------------------------------------------------

--
-- Estrutura para tabela `facilidade`
--

CREATE TABLE `facilidade` (
  `id` int(11) NOT NULL,
  `facilidade` varchar(255) DEFAULT NULL,
  `data_cadastro` timestamp NOT NULL DEFAULT CURRENT_TIMESTAMP,
  `data_alteracao` timestamp NULL DEFAULT NULL ON UPDATE CURRENT_TIMESTAMP,
  `id_update_user` int(11) DEFAULT NULL,
  `status` tinyint(1) NOT NULL DEFAULT '1'
) ENGINE=InnoDB DEFAULT CHARSET=utf8;

--
-- Fazendo dump de dados para tabela `facilidade`
--

INSERT INTO `facilidade` (`id`, `facilidade`, `data_cadastro`, `data_alteracao`, `id_update_user`, `status`) VALUES
(17, 'Espaço Kids', '2018-09-11 01:13:02', NULL, 2, 1),
(18, 'WIFI', '2018-09-11 01:13:09', NULL, 2, 1),
(19, 'Estacionamento', '2018-09-11 01:13:28', NULL, 2, 1),
(20, 'Estacionamento fechado', '2018-09-11 01:13:41', NULL, 2, 1),
(21, 'Fraldário', '2018-09-11 01:13:50', NULL, 2, 1),
(22, 'Ambiente climatizado', '2018-09-20 01:08:13', NULL, 2, 1),
(23, 'Alimento sem glúten', '2018-10-30 15:08:45', '2018-10-31 13:55:09', 2, 1),
(24, 'Alimento sem lactose', '2018-10-30 15:08:56', '2018-10-31 13:54:51', 2, 1),
(25, 'Jogos eletrônicos', '2018-11-01 14:11:25', NULL, 2, 1);

-- --------------------------------------------------------

--
-- Estrutura para tabela `formapagamento`
--

CREATE TABLE `formapagamento` (
  `id` int(11) NOT NULL,
  `formapagamento` varchar(255) DEFAULT NULL,
  `imagem` varchar(255) DEFAULT NULL,
  `data_cadastro` timestamp NOT NULL DEFAULT CURRENT_TIMESTAMP,
  `data_alteracao` timestamp NULL DEFAULT NULL ON UPDATE CURRENT_TIMESTAMP,
  `id_update_user` int(11) DEFAULT NULL,
  `status` tinyint(1) NOT NULL DEFAULT '1'
) ENGINE=InnoDB DEFAULT CHARSET=utf8;

--
-- Fazendo dump de dados para tabela `formapagamento`
--

INSERT INTO `formapagamento` (`id`, `formapagamento`, `imagem`, `data_cadastro`, `data_alteracao`, `id_update_user`, `status`) VALUES
(7, 'Visa', 'files/formapagamento/7_1535926750.jpg', '2018-08-23 18:48:56', '2018-09-02 22:19:10', 2, 1),
(8, 'Mastercard', 'files/formapagamento/8_1535926743.jpg', '2018-08-23 18:49:04', '2018-09-02 22:19:03', 2, 1),
(10, 'Goodcard', 'files/formapagamento/10_1535926730.jpg', '2018-09-02 22:06:08', '2018-09-02 22:18:50', 2, 1),
(11, 'Hipercard', 'files/formapagamento/11_1535926736.jpg', '2018-09-02 22:06:39', '2018-09-02 22:18:56', 2, 1),
(12, 'Senff', 'files/formapagamento/12_1535927446.jpg', '2018-09-02 22:30:46', '2018-09-02 22:30:46', 2, 1),
(13, 'Dinheiro', 'files/formapagamento/13_1535927591.jpg', '2018-09-02 22:33:11', '2018-09-02 22:33:11', 2, 1),
(14, 'Alelo Alimentação', 'files/formapagamento/14_1539558670.jpg', '2018-09-02 22:35:49', '2018-10-14 23:11:10', 2, 1),
(15, 'Elo', 'files/formapagamento/15_1535928348.jpg', '2018-09-02 22:45:48', '2018-09-02 22:45:48', 2, 1),
(16, 'Sodexo Alimentação', 'files/formapagamento/16_1539621332.jpg', '2018-09-23 15:21:52', '2018-10-15 16:35:32', 2, 1),
(17, 'Cabal', 'files/formapagamento/17_1539547170.jpg', '2018-10-14 19:59:30', '2018-10-14 19:59:30', 2, 1),
(18, 'VR Refeição', 'files/formapagamento/18_1539553295.jpg', '2018-10-14 21:41:35', '2018-10-14 21:41:35', 2, 1),
(19, 'VR Alimentação', 'files/formapagamento/19_1539557044.jpg', '2018-10-14 21:42:15', '2018-10-14 22:44:04', 2, 1),
(20, 'Alelo Refeição', 'files/formapagamento/20_1539558680.jpg', '2018-10-14 22:54:58', '2018-10-14 23:11:21', 2, 1),
(21, 'Ticket Refeição', 'files/formapagamento/21_1539562539.jpg', '2018-10-14 23:32:32', '2018-10-15 00:15:39', 2, 1),
(22, 'Ticket Alimentação', 'files/formapagamento/22_1539562638.jpg', '2018-10-14 23:32:53', '2018-10-15 00:17:18', 2, 1),
(23, 'Sodexo Refeição', 'files/formapagamento/23_1539621347.jpg', '2018-10-15 14:34:48', '2018-10-15 16:35:47', 2, 1),
(24, 'Banricompras', 'files/formapagamento/24_1540075379.jpg', '2018-10-20 22:42:59', '2018-10-20 22:43:00', 2, 1),
(25, 'American Express', 'files/formapagamento/25_1540075605.jpg', '2018-10-20 22:46:45', '2018-10-20 22:46:45', 2, 1),
(26, 'Diners Club', 'files/formapagamento/26_1540075864.jpg', '2018-10-20 22:51:04', '2018-10-20 22:51:04', 2, 1),
(27, 'Hiper', 'files/formapagamento/27_1540075902.jpg', '2018-10-20 22:51:42', '2018-10-20 22:51:42', 2, 1),
(28, 'Débito Visa', 'files/formapagamento/28_1540910767.jpg', '2018-10-30 14:46:07', '2018-10-30 14:46:08', 2, 1),
(29, 'Débito Mastercard', 'files/formapagamento/29_1540910810.jpg', '2018-10-30 14:46:50', '2018-10-30 14:46:50', 2, 1),
(30, 'Débito Elo', 'files/formapagamento/30_1540910839.jpg', '2018-10-30 14:47:19', '2018-10-30 14:47:19', 2, 1),
(31, 'Boleto', 'files/formapagamento/31_1566057144.jpg', '2019-08-17 15:45:38', '2019-08-17 15:52:24', 2, 1),
(32, 'Transferência', 'files/formapagamento/32_1566074522.jpg', '2019-08-17 20:42:02', '2019-08-17 20:42:02', 2, 1),
(33, 'Depósito Bancário', 'files/formapagamento/33_1566074852.jpg', '2019-08-17 20:47:32', '2019-08-17 20:48:13', 2, 1);

-- --------------------------------------------------------

--
-- Estrutura para tabela `loja`
--

CREATE TABLE `loja` (
  `id` int(11) NOT NULL,
  `type` varchar(2) NOT NULL DEFAULT '0',
  `nome` varchar(255) NOT NULL,
  `descricao` varchar(255) DEFAULT NULL,
  `responsavel` varchar(255) DEFAULT NULL,
  `telefone` varchar(25) DEFAULT NULL,
  `celular` varchar(25) DEFAULT NULL,
  `zero_oitocentos` varchar(15) DEFAULT NULL,
  `num_emergencia` int(4) DEFAULT NULL,
  `email` varchar(100) DEFAULT NULL,
  `comissao` int(11) DEFAULT '0',
  `observacoes` text,
  `endereco` varchar(255) DEFAULT NULL,
  `numero` varchar(10) DEFAULT NULL,
  `complemento` varchar(100) DEFAULT NULL,
  `bairro` varchar(100) DEFAULT NULL,
  `cep` varchar(11) DEFAULT NULL,
  `lat` varchar(255) DEFAULT NULL,
  `lng` varchar(255) DEFAULT NULL,
  `id_cidade` int(11) DEFAULT NULL,
  `destaque` tinyint(1) DEFAULT '0',
  `online` tinyint(1) DEFAULT '0',
  `delivery` tinyint(1) DEFAULT '0',
  `delivery_status` tinyint(1) DEFAULT '0',
  `tempo_entrega` int(11) DEFAULT '0',
  `taxa_entrega` decimal(10,2) DEFAULT '0.00',
  `retirar_balcao` tinyint(1) DEFAULT NULL,
  `pedido_minimo` decimal(10,2) DEFAULT '0.00',
  `pedido_maximo` decimal(10,2) DEFAULT '1000.00',
  `imagem` varchar(255) DEFAULT 'assets/img/avatar.jpg',
  `capa` varchar(255) DEFAULT NULL,
  `ordem` decimal(10,0) DEFAULT '999999999',
  `data_cadastro` timestamp NOT NULL DEFAULT CURRENT_TIMESTAMP,
  `data_alteracao` timestamp NULL DEFAULT NULL ON UPDATE CURRENT_TIMESTAMP,
  `id_update_user` int(11) DEFAULT NULL,
  `status` tinyint(1) NOT NULL DEFAULT '1',
  `target_fechado` enum('0','1') NOT NULL DEFAULT '0',
  `json_estabelecimento` longtext,
  `preco_fracionario` enum('maior','medio') DEFAULT NULL,
  `instagram` varchar(255) DEFAULT NULL,
  `facebook` varchar(255) DEFAULT NULL,
  `website` varchar(255) DEFAULT NULL,
  `video` varchar(255) DEFAULT NULL,
  `url_reservas` varchar(255) DEFAULT NULL,
  `visitas` int(11) DEFAULT '0'
) ENGINE=InnoDB DEFAULT CHARSET=utf8;

--
-- Fazendo dump de dados para tabela `loja`
--

INSERT INTO `loja` (`id`, `type`, `nome`, `descricao`, `responsavel`, `telefone`, `celular`, `zero_oitocentos`, `num_emergencia`, `email`, `comissao`, `observacoes`, `endereco`, `numero`, `complemento`, `bairro`, `cep`, `lat`, `lng`, `id_cidade`, `destaque`, `online`, `delivery`, `delivery_status`, `tempo_entrega`, `taxa_entrega`, `retirar_balcao`, `pedido_minimo`, `pedido_maximo`, `imagem`, `capa`, `ordem`, `data_cadastro`, `data_alteracao`, `id_update_user`, `status`, `target_fechado`, `json_estabelecimento`, `preco_fracionario`, `instagram`, `facebook`, `website`, `video`, `url_reservas`, `visitas`) VALUES
(333, '1', 'Mercantil do Aquino', '', 'Aquino', '(88) 3581-2701', '(88) 9969-93838', '', 0, 'mercantilaquino@teste.com', 0, '', 'Rua José de Alencar', '1023', '', 'São Sebastião', '63500-102', '-6.357290601769236', '-39.292551849999995', 4, 0, 1, 1, 0, 0, '0.00', NULL, '0.00', '1000.00', 'files/loja/333_1575551627.jpg', 'files/loja/333_1575551627_capa.jpg', '999999999', '2019-11-29 17:39:37', '2020-04-04 14:48:00', 6, 1, '1', '', 'maior', '', '', '', '', '', 297);

-- --------------------------------------------------------

--
-- Estrutura para tabela `loja_facilidade`
--

CREATE TABLE `loja_facilidade` (
  `id` int(11) NOT NULL,
  `id_loja` int(11) NOT NULL,
  `id_facilidade` int(11) NOT NULL,
  `data_cadastro` timestamp NOT NULL DEFAULT CURRENT_TIMESTAMP,
  `data_alteracao` timestamp NULL DEFAULT NULL ON UPDATE CURRENT_TIMESTAMP,
  `id_update_user` int(11) DEFAULT NULL,
  `status` tinyint(1) NOT NULL DEFAULT '1'
) ENGINE=InnoDB DEFAULT CHARSET=utf8;

--
-- Fazendo dump de dados para tabela `loja_facilidade`
--

INSERT INTO `loja_facilidade` (`id`, `id_loja`, `id_facilidade`, `data_cadastro`, `data_alteracao`, `id_update_user`, `status`) VALUES
(1069, 241, 18, '2019-09-10 03:27:13', NULL, NULL, 1),
(1071, 239, 18, '2019-09-10 03:28:02', NULL, NULL, 1),
(1079, 260, 18, '2019-09-10 03:34:11', NULL, NULL, 1),
(1087, 230, 18, '2019-09-10 03:37:06', NULL, NULL, 1),
(1088, 255, 18, '2019-09-10 03:37:22', NULL, NULL, 1),
(1092, 243, 18, '2019-09-10 03:39:46', NULL, NULL, 1),
(1095, 245, 22, '2019-09-10 03:50:22', NULL, NULL, 1),
(1096, 226, 18, '2019-09-10 03:51:04', NULL, NULL, 1),
(1099, 302, 19, '2019-09-10 04:00:23', NULL, NULL, 1),
(1100, 302, 18, '2019-09-10 04:00:23', NULL, NULL, 1),
(1101, 234, 19, '2019-09-10 04:01:15', NULL, NULL, 1),
(1102, 234, 18, '2019-09-10 04:01:15', NULL, NULL, 1),
(1103, 236, 18, '2019-09-10 04:08:53', NULL, NULL, 1),
(1116, 270, 19, '2019-09-10 04:46:19', NULL, NULL, 1),
(1117, 270, 18, '2019-09-10 04:46:19', NULL, NULL, 1),
(1122, 294, 19, '2019-09-10 21:42:46', NULL, NULL, 1),
(1139, 256, 22, '2019-09-13 18:37:01', NULL, 2, 1),
(1140, 256, 17, '2019-09-13 18:37:01', NULL, 2, 1),
(1141, 256, 25, '2019-09-13 18:37:01', NULL, 2, 1),
(1142, 256, 18, '2019-09-13 18:37:01', NULL, 2, 1),
(1143, 306, 19, '2019-09-20 13:53:07', NULL, 2, 1),
(1144, 306, 18, '2019-09-20 13:53:07', NULL, 2, 1),
(1166, 312, 19, '2019-09-24 23:55:55', NULL, NULL, 1),
(1167, 312, 18, '2019-09-24 23:55:55', NULL, NULL, 1),
(1175, 276, 19, '2019-10-04 00:46:15', NULL, NULL, 1),
(1183, 274, 19, '2019-10-04 21:51:31', NULL, NULL, 1),
(1184, 274, 18, '2019-10-04 21:51:31', NULL, NULL, 1),
(1195, 321, 18, '2019-10-05 22:09:57', NULL, NULL, 1),
(1204, 326, 19, '2019-10-08 00:17:13', NULL, NULL, 1),
(1205, 326, 18, '2019-10-08 00:17:13', NULL, NULL, 1),
(1234, 331, 19, '2019-10-14 23:23:59', NULL, NULL, 1),
(1235, 331, 18, '2019-10-14 23:23:59', NULL, NULL, 1),
(1299, 342, 19, '2020-01-22 18:45:10', NULL, 2, 1),
(1300, 342, 18, '2020-01-22 18:45:10', NULL, 2, 1),
(1316, 351, 19, '2020-01-23 20:02:14', NULL, 2, 1),
(1317, 351, 18, '2020-01-23 20:02:14', NULL, 2, 1),
(1318, 348, 18, '2020-01-23 20:03:02', NULL, 2, 1),
(1319, 347, 18, '2020-01-23 20:04:06', NULL, 2, 1),
(1321, 349, 18, '2020-01-23 20:05:43', NULL, 2, 1),
(1322, 350, 18, '2020-01-23 20:06:22', NULL, 2, 1),
(1335, 354, 19, '2020-01-26 20:08:41', NULL, 2, 1),
(1336, 354, 18, '2020-01-26 20:08:41', NULL, 2, 1),
(1337, 355, 18, '2020-01-26 20:09:31', NULL, 2, 1),
(1359, 309, 19, '2020-01-29 04:36:04', NULL, 2, 1),
(1360, 310, 19, '2020-01-29 04:36:36', NULL, 2, 1),
(1361, 310, 18, '2020-01-29 04:36:36', NULL, 2, 1),
(1363, 237, 18, '2020-01-29 04:47:33', NULL, 2, 1),
(1364, 252, 18, '2020-01-29 04:52:17', NULL, 2, 1),
(1367, 358, 19, '2020-01-29 04:57:22', NULL, 2, 1),
(1368, 358, 18, '2020-01-29 04:57:22', NULL, 2, 1),
(1369, 353, 19, '2020-01-29 05:01:31', NULL, 2, 1),
(1370, 353, 18, '2020-01-29 05:01:31', NULL, 2, 1),
(1372, 335, 22, '2020-01-29 05:04:48', NULL, 2, 1),
(1373, 335, 20, '2020-01-29 05:04:48', NULL, 2, 1),
(1374, 335, 18, '2020-01-29 05:04:48', NULL, 2, 1),
(1375, 334, 22, '2020-01-29 05:05:01', NULL, 2, 1),
(1376, 334, 19, '2020-01-29 05:05:01', NULL, 2, 1),
(1377, 334, 20, '2020-01-29 05:05:01', NULL, 2, 1),
(1378, 334, 18, '2020-01-29 05:05:01', NULL, 2, 1),
(1387, 359, 19, '2020-01-30 00:06:01', NULL, 2, 1),
(1388, 359, 18, '2020-01-30 00:06:01', NULL, 2, 1),
(1397, 360, 19, '2020-01-30 03:00:39', NULL, 2, 1),
(1398, 360, 18, '2020-01-30 03:00:39', NULL, 2, 1),
(1400, 361, 18, '2020-01-30 03:48:09', NULL, 2, 1),
(1401, 267, 19, '2020-01-30 19:27:27', NULL, 2, 1),
(1427, 365, 19, '2020-02-01 04:52:46', NULL, 2, 1),
(1428, 330, 18, '2020-02-01 04:52:47', NULL, 2, 1),
(1452, 368, 19, '2020-02-03 18:48:06', NULL, 2, 1),
(1453, 272, 19, '2020-02-04 03:26:31', NULL, 2, 1),
(1454, 275, 19, '2020-02-04 03:27:00', NULL, 2, 1),
(1455, 275, 18, '2020-02-04 03:27:00', NULL, 2, 1),
(1456, 281, 19, '2020-02-04 03:29:51', NULL, 2, 1),
(1457, 282, 19, '2020-02-04 03:30:06', NULL, 2, 1),
(1458, 336, 19, '2020-02-04 03:41:19', NULL, 2, 1),
(1459, 217, 19, '2020-02-04 03:46:18', NULL, 2, 1),
(1460, 257, 19, '2020-02-04 03:48:51', NULL, 2, 1),
(1461, 261, 18, '2020-02-04 04:24:52', NULL, 2, 1),
(1462, 262, 18, '2020-02-04 04:32:16', NULL, 2, 1),
(1463, 263, 22, '2020-02-04 04:32:42', NULL, 2, 1),
(1464, 264, 19, '2020-02-04 04:34:30', NULL, 2, 1),
(1465, 264, 18, '2020-02-04 04:34:30', NULL, 2, 1),
(1466, 265, 19, '2020-02-04 04:39:08', NULL, 2, 1),
(1467, 265, 18, '2020-02-04 04:39:08', NULL, 2, 1),
(1468, 266, 19, '2020-02-04 04:40:07', NULL, 2, 1),
(1469, 266, 18, '2020-02-04 04:40:07', NULL, 2, 1),
(1472, 271, 19, '2020-02-04 05:01:01', NULL, 2, 1),
(1473, 273, 19, '2020-02-04 05:02:50', NULL, 2, 1),
(1474, 277, 19, '2020-02-04 05:03:56', NULL, 2, 1),
(1475, 278, 19, '2020-02-04 05:04:10', NULL, 2, 1),
(1476, 279, 19, '2020-02-04 05:04:30', NULL, 2, 1),
(1477, 283, 19, '2020-02-04 05:05:13', NULL, 2, 1),
(1482, 288, 18, '2020-02-04 05:07:39', NULL, 2, 1),
(1483, 290, 19, '2020-02-04 05:15:38', NULL, 2, 1),
(1484, 290, 18, '2020-02-04 05:15:38', NULL, 2, 1),
(1490, 280, 19, '2020-02-04 05:46:42', NULL, 2, 1),
(1491, 303, 19, '2020-02-04 05:57:43', NULL, 2, 1),
(1492, 303, 18, '2020-02-04 05:57:43', NULL, 2, 1),
(1493, 305, 19, '2020-02-04 06:23:18', NULL, 2, 1),
(1496, 364, 19, '2020-02-05 20:02:02', NULL, 2, 1),
(1497, 364, 18, '2020-02-05 20:02:02', NULL, 2, 1),
(1504, 314, 18, '2020-02-06 03:45:05', NULL, 2, 1),
(1505, 317, 19, '2020-02-06 03:56:09', NULL, 2, 1),
(1506, 317, 18, '2020-02-06 03:56:09', NULL, 2, 1),
(1507, 319, 19, '2020-02-06 03:57:38', NULL, 2, 1),
(1508, 319, 18, '2020-02-06 03:57:38', NULL, 2, 1),
(1509, 320, 18, '2020-02-06 04:03:19', NULL, 2, 1),
(1510, 324, 19, '2020-02-06 04:18:57', NULL, 2, 1),
(1511, 324, 18, '2020-02-06 04:18:57', NULL, 2, 1),
(1514, 227, 18, '2020-02-06 04:29:40', NULL, 2, 1),
(1515, 229, 18, '2020-02-06 04:39:18', NULL, 2, 1),
(1516, 232, 18, '2020-02-06 04:44:41', NULL, 2, 1),
(1517, 240, 18, '2020-02-06 04:47:58', NULL, 2, 1),
(1518, 244, 18, '2020-02-06 04:52:12', NULL, 2, 1),
(1523, 346, 18, '2020-02-06 05:33:12', NULL, 2, 1),
(1528, 362, 19, '2020-02-07 01:26:10', NULL, 2, 1),
(1529, 362, 18, '2020-02-07 01:26:10', NULL, 2, 1),
(1541, 307, 18, '2020-02-08 05:44:44', NULL, 2, 1),
(1544, 356, 19, '2020-02-08 05:50:13', NULL, 2, 1),
(1545, 356, 18, '2020-02-08 05:50:13', NULL, 2, 1),
(1546, 387, 18, '2020-02-08 20:28:11', NULL, 2, 1),
(1547, 385, 18, '2020-02-08 20:42:43', NULL, 2, 1),
(1549, 375, 19, '2020-02-08 20:50:37', NULL, 2, 1),
(1550, 377, 18, '2020-02-08 20:53:50', NULL, 2, 1),
(1551, 366, 19, '2020-02-08 20:57:01', NULL, 2, 1),
(1552, 366, 18, '2020-02-08 20:57:01', NULL, 2, 1),
(1554, 369, 19, '2020-02-09 21:33:05', NULL, 2, 1),
(1555, 371, 19, '2020-02-09 21:41:10', NULL, 2, 1),
(1556, 371, 18, '2020-02-09 21:41:10', NULL, 2, 1),
(1560, 374, 19, '2020-02-11 04:44:44', NULL, 2, 1),
(1568, 394, 18, '2020-02-13 04:23:35', NULL, 2, 1),
(1569, 390, 19, '2020-02-13 04:27:06', NULL, 2, 1),
(1578, 405, 22, '2020-02-13 18:40:40', NULL, 2, 1),
(1579, 405, 20, '2020-02-13 18:40:40', NULL, 2, 1),
(1580, 405, 18, '2020-02-13 18:40:40', NULL, 2, 1),
(1615, 410, 22, '2020-02-17 23:46:30', NULL, 2, 1),
(1616, 410, 18, '2020-02-17 23:46:30', NULL, 2, 1),
(1617, 372, 19, '2020-02-17 23:58:05', NULL, 2, 1),
(1621, 409, 22, '2020-02-17 23:59:37', NULL, 2, 1),
(1622, 409, 19, '2020-02-17 23:59:37', NULL, 2, 1),
(1623, 409, 18, '2020-02-17 23:59:37', NULL, 2, 1),
(1624, 415, 22, '2020-02-18 00:00:15', NULL, 2, 1),
(1625, 414, 19, '2020-02-18 00:02:54', NULL, 2, 1),
(1626, 408, 18, '2020-02-18 00:05:36', NULL, 2, 1),
(1628, 406, 19, '2020-02-18 20:30:14', NULL, 2, 1),
(1633, 418, 22, '2020-02-19 13:38:54', NULL, 2, 1),
(1634, 444, 22, '2020-02-20 18:18:49', NULL, 2, 1),
(1637, 443, 22, '2020-02-20 21:41:10', NULL, 2, 1),
(1638, 449, 22, '2020-02-20 22:12:46', NULL, 2, 1),
(1643, 398, 18, '2020-02-22 19:35:33', NULL, 2, 1),
(1644, 451, 22, '2020-02-22 20:27:25', NULL, 2, 1),
(1645, 451, 18, '2020-02-22 20:27:25', NULL, 2, 1),
(1646, 285, 19, '2020-02-22 21:15:29', NULL, 2, 1),
(1647, 286, 19, '2020-02-22 21:28:59', NULL, 2, 1),
(1648, 367, 19, '2020-02-22 23:46:44', NULL, 2, 1),
(1650, 300, 18, '2020-02-22 23:56:01', NULL, 2, 1),
(1652, 378, 19, '2020-02-24 15:23:12', NULL, 2, 1),
(1662, 460, 20, '2020-02-24 18:22:00', NULL, 2, 1),
(1663, 291, 19, '2020-02-25 20:15:39', NULL, 2, 1),
(1664, 291, 18, '2020-02-25 20:15:39', NULL, 2, 1),
(1665, 284, 19, '2020-02-25 20:38:56', NULL, 2, 1),
(1666, 363, 19, '2020-02-25 21:11:07', NULL, 2, 1),
(1667, 363, 18, '2020-02-25 21:11:07', NULL, 2, 1),
(1669, 328, 18, '2020-02-27 02:04:40', NULL, 2, 1),
(1672, 458, 20, '2020-02-27 14:29:10', NULL, 2, 1),
(1673, 458, 18, '2020-02-27 14:29:10', NULL, 2, 1),
(1674, 268, 19, '2020-02-27 14:31:11', NULL, 2, 1),
(1675, 269, 19, '2020-02-27 14:37:24', NULL, 2, 1),
(1678, 287, 19, '2020-02-27 15:05:50', NULL, 2, 1),
(1679, 470, 19, '2020-02-27 15:53:22', NULL, 2, 1),
(1685, 327, 18, '2020-02-28 22:58:57', NULL, 2, 1),
(1688, 224, 22, '2020-02-29 04:25:32', NULL, 2, 1),
(1689, 224, 25, '2020-02-29 04:25:32', NULL, 2, 1),
(1690, 224, 18, '2020-02-29 04:25:32', NULL, 2, 1),
(1697, 233, 18, '2020-03-02 01:11:20', NULL, 2, 1),
(1699, 397, 19, '2020-03-02 01:20:42', NULL, 2, 1),
(1700, 397, 18, '2020-03-02 01:20:42', NULL, 2, 1),
(1701, 370, 19, '2020-03-02 01:23:21', NULL, 2, 1),
(1702, 247, 22, '2020-03-05 04:02:24', NULL, 2, 1),
(1703, 248, 22, '2020-03-05 04:02:54', NULL, 2, 1),
(1704, 249, 22, '2020-03-05 04:03:09', NULL, 2, 1),
(1705, 250, 22, '2020-03-05 04:03:30', NULL, 2, 1),
(1708, 488, 19, '2020-03-05 04:42:22', NULL, 2, 1),
(1709, 475, 18, '2020-03-05 19:39:52', NULL, 2, 1),
(1738, 308, 19, '2020-03-10 19:55:35', NULL, 36, 1),
(1739, 308, 18, '2020-03-10 19:55:35', NULL, 36, 1);

-- --------------------------------------------------------

--
-- Estrutura para tabela `loja_formapagamento`
--

CREATE TABLE `loja_formapagamento` (
  `id` int(11) NOT NULL,
  `id_loja` int(11) NOT NULL,
  `id_formapagamento` int(11) NOT NULL,
  `data_cadastro` timestamp NOT NULL DEFAULT CURRENT_TIMESTAMP,
  `data_alteracao` timestamp NULL DEFAULT NULL ON UPDATE CURRENT_TIMESTAMP,
  `id_update_user` int(11) DEFAULT NULL,
  `status` tinyint(1) NOT NULL DEFAULT '1'
) ENGINE=InnoDB DEFAULT CHARSET=utf8;

--
-- Fazendo dump de dados para tabela `loja_formapagamento`
--

INSERT INTO `loja_formapagamento` (`id`, `id_loja`, `id_formapagamento`, `data_cadastro`, `data_alteracao`, `id_update_user`, `status`) VALUES
(5407, 241, 31, '2019-09-10 03:27:13', NULL, NULL, 1),
(5408, 241, 8, '2019-09-10 03:27:13', NULL, NULL, 1),
(5409, 241, 7, '2019-09-10 03:27:13', NULL, NULL, 1),
(5414, 239, 13, '2019-09-10 03:28:02', NULL, NULL, 1),
(5415, 239, 15, '2019-09-10 03:28:02', NULL, NULL, 1),
(5416, 239, 8, '2019-09-10 03:28:02', NULL, NULL, 1),
(5417, 239, 7, '2019-09-10 03:28:02', NULL, NULL, 1),
(5432, 235, 13, '2019-09-10 03:33:31', NULL, NULL, 1),
(5433, 235, 15, '2019-09-10 03:33:31', NULL, NULL, 1),
(5434, 235, 8, '2019-09-10 03:33:31', NULL, NULL, 1),
(5435, 235, 7, '2019-09-10 03:33:31', NULL, NULL, 1),
(5439, 260, 13, '2019-09-10 03:34:11', NULL, NULL, 1),
(5440, 260, 8, '2019-09-10 03:34:11', NULL, NULL, 1),
(5441, 260, 7, '2019-09-10 03:34:11', NULL, NULL, 1),
(5469, 230, 13, '2019-09-10 03:37:06', NULL, NULL, 1),
(5470, 230, 15, '2019-09-10 03:37:06', NULL, NULL, 1),
(5471, 230, 8, '2019-09-10 03:37:06', NULL, NULL, 1),
(5472, 230, 7, '2019-09-10 03:37:06', NULL, NULL, 1),
(5473, 255, 13, '2019-09-10 03:37:22', NULL, NULL, 1),
(5474, 255, 8, '2019-09-10 03:37:22', NULL, NULL, 1),
(5475, 255, 7, '2019-09-10 03:37:22', NULL, NULL, 1),
(5487, 243, 13, '2019-09-10 03:39:46', NULL, NULL, 1),
(5488, 243, 8, '2019-09-10 03:39:46', NULL, NULL, 1),
(5489, 243, 7, '2019-09-10 03:39:46', NULL, NULL, 1),
(5495, 231, 13, '2019-09-10 03:49:57', NULL, NULL, 1),
(5496, 231, 15, '2019-09-10 03:49:57', NULL, NULL, 1),
(5497, 231, 8, '2019-09-10 03:49:57', NULL, NULL, 1),
(5498, 231, 7, '2019-09-10 03:49:57', NULL, NULL, 1),
(5499, 245, 13, '2019-09-10 03:50:22', NULL, NULL, 1),
(5500, 245, 8, '2019-09-10 03:50:22', NULL, NULL, 1),
(5501, 245, 7, '2019-09-10 03:50:22', NULL, NULL, 1),
(5505, 238, 13, '2019-09-10 03:51:44', NULL, NULL, 1),
(5506, 238, 15, '2019-09-10 03:51:44', NULL, NULL, 1),
(5507, 238, 8, '2019-09-10 03:51:44', NULL, NULL, 1),
(5508, 238, 7, '2019-09-10 03:51:44', NULL, NULL, 1),
(5516, 302, 13, '2019-09-10 04:00:23', NULL, NULL, 1),
(5517, 302, 8, '2019-09-10 04:00:23', NULL, NULL, 1),
(5518, 302, 7, '2019-09-10 04:00:23', NULL, NULL, 1),
(5519, 234, 13, '2019-09-10 04:01:15', NULL, NULL, 1),
(5520, 234, 15, '2019-09-10 04:01:15', NULL, NULL, 1),
(5521, 234, 8, '2019-09-10 04:01:15', NULL, NULL, 1),
(5522, 234, 7, '2019-09-10 04:01:15', NULL, NULL, 1),
(5523, 236, 13, '2019-09-10 04:08:53', NULL, NULL, 1),
(5524, 236, 15, '2019-09-10 04:08:53', NULL, NULL, 1),
(5525, 236, 8, '2019-09-10 04:08:53', NULL, NULL, 1),
(5526, 236, 7, '2019-09-10 04:08:53', NULL, NULL, 1),
(5552, 295, 13, '2019-09-10 21:42:17', NULL, NULL, 1),
(5599, 256, 29, '2019-09-13 18:37:01', NULL, 2, 1),
(5600, 256, 28, '2019-09-13 18:37:01', NULL, 2, 1),
(5601, 256, 13, '2019-09-13 18:37:01', NULL, 2, 1),
(5602, 256, 8, '2019-09-13 18:37:01', NULL, 2, 1),
(5603, 256, 7, '2019-09-13 18:37:01', NULL, 2, 1),
(5681, 306, 13, '2019-09-20 13:53:07', NULL, 2, 1),
(5682, 306, 8, '2019-09-20 13:53:07', NULL, 2, 1),
(5683, 306, 7, '2019-09-20 13:53:07', NULL, 2, 1),
(5730, 312, 31, '2019-09-24 23:55:55', NULL, NULL, 1),
(5731, 312, 33, '2019-09-24 23:55:55', NULL, NULL, 1),
(5732, 312, 13, '2019-09-24 23:55:55', NULL, NULL, 1),
(5733, 312, 15, '2019-09-24 23:55:55', NULL, NULL, 1),
(5734, 312, 8, '2019-09-24 23:55:55', NULL, NULL, 1),
(5735, 312, 32, '2019-09-24 23:55:55', NULL, NULL, 1),
(5789, 315, 13, '2019-10-03 23:58:28', NULL, NULL, 1),
(5799, 276, 13, '2019-10-04 00:46:15', NULL, NULL, 1),
(5800, 276, 15, '2019-10-04 00:46:15', NULL, NULL, 1),
(5801, 276, 8, '2019-10-04 00:46:15', NULL, NULL, 1),
(5802, 276, 7, '2019-10-04 00:46:15', NULL, NULL, 1),
(5813, 274, 13, '2019-10-04 21:51:31', NULL, NULL, 1),
(5814, 274, 15, '2019-10-04 21:51:31', NULL, NULL, 1),
(5815, 274, 8, '2019-10-04 21:51:31', NULL, NULL, 1),
(5816, 274, 7, '2019-10-04 21:51:31', NULL, NULL, 1),
(5842, 321, 13, '2019-10-05 22:09:57', NULL, NULL, 1),
(5843, 321, 15, '2019-10-05 22:09:57', NULL, NULL, 1),
(5844, 321, 8, '2019-10-05 22:09:57', NULL, NULL, 1),
(5845, 321, 32, '2019-10-05 22:09:57', NULL, NULL, 1),
(5846, 321, 7, '2019-10-05 22:09:57', NULL, NULL, 1),
(5880, 326, 29, '2019-10-08 00:17:13', NULL, NULL, 1),
(5881, 326, 28, '2019-10-08 00:17:13', NULL, NULL, 1),
(5882, 326, 13, '2019-10-08 00:17:13', NULL, NULL, 1),
(5883, 326, 15, '2019-10-08 00:17:13', NULL, NULL, 1),
(6050, 331, 13, '2019-10-14 23:23:59', NULL, NULL, 1),
(6051, 331, 15, '2019-10-14 23:23:59', NULL, NULL, 1),
(6052, 331, 8, '2019-10-14 23:23:59', NULL, NULL, 1),
(6053, 331, 7, '2019-10-14 23:23:59', NULL, NULL, 1),
(6240, 342, 29, '2020-01-22 18:45:10', NULL, 2, 1),
(6241, 342, 28, '2020-01-22 18:45:10', NULL, 2, 1),
(6242, 342, 33, '2020-01-22 18:45:10', NULL, 2, 1),
(6243, 342, 13, '2020-01-22 18:45:10', NULL, 2, 1),
(6244, 342, 15, '2020-01-22 18:45:10', NULL, 2, 1),
(6245, 342, 8, '2020-01-22 18:45:10', NULL, 2, 1),
(6246, 342, 7, '2020-01-22 18:45:10', NULL, 2, 1),
(6349, 351, 30, '2020-01-23 20:02:14', NULL, 2, 1),
(6350, 351, 29, '2020-01-23 20:02:14', NULL, 2, 1),
(6351, 351, 28, '2020-01-23 20:02:14', NULL, 2, 1),
(6352, 351, 13, '2020-01-23 20:02:14', NULL, 2, 1),
(6353, 351, 15, '2020-01-23 20:02:14', NULL, 2, 1),
(6354, 351, 27, '2020-01-23 20:02:14', NULL, 2, 1),
(6355, 351, 8, '2020-01-23 20:02:14', NULL, 2, 1),
(6356, 351, 7, '2020-01-23 20:02:14', NULL, 2, 1),
(6357, 347, 30, '2020-01-23 20:04:06', NULL, 2, 1),
(6358, 347, 29, '2020-01-23 20:04:06', NULL, 2, 1),
(6359, 347, 28, '2020-01-23 20:04:06', NULL, 2, 1),
(6360, 347, 13, '2020-01-23 20:04:06', NULL, 2, 1),
(6361, 347, 15, '2020-01-23 20:04:06', NULL, 2, 1),
(6362, 347, 11, '2020-01-23 20:04:06', NULL, 2, 1),
(6363, 347, 8, '2020-01-23 20:04:06', NULL, 2, 1),
(6364, 347, 7, '2020-01-23 20:04:06', NULL, 2, 1),
(6373, 349, 29, '2020-01-23 20:05:43', NULL, 2, 1),
(6374, 349, 28, '2020-01-23 20:05:43', NULL, 2, 1),
(6375, 349, 13, '2020-01-23 20:05:43', NULL, 2, 1),
(6376, 349, 15, '2020-01-23 20:05:43', NULL, 2, 1),
(6377, 349, 11, '2020-01-23 20:05:43', NULL, 2, 1),
(6378, 349, 7, '2020-01-23 20:05:43', NULL, 2, 1),
(6379, 350, 30, '2020-01-23 20:06:22', NULL, 2, 1),
(6380, 350, 29, '2020-01-23 20:06:22', NULL, 2, 1),
(6381, 350, 28, '2020-01-23 20:06:22', NULL, 2, 1),
(6382, 350, 13, '2020-01-23 20:06:22', NULL, 2, 1),
(6383, 350, 11, '2020-01-23 20:06:22', NULL, 2, 1),
(6384, 350, 8, '2020-01-23 20:06:22', NULL, 2, 1),
(6385, 350, 7, '2020-01-23 20:06:22', NULL, 2, 1),
(6432, 354, 29, '2020-01-26 20:08:41', NULL, 2, 1),
(6433, 354, 28, '2020-01-26 20:08:41', NULL, 2, 1),
(6434, 354, 13, '2020-01-26 20:08:41', NULL, 2, 1),
(6435, 354, 15, '2020-01-26 20:08:41', NULL, 2, 1),
(6436, 354, 27, '2020-01-26 20:08:41', NULL, 2, 1),
(6437, 354, 8, '2020-01-26 20:08:41', NULL, 2, 1),
(6438, 354, 7, '2020-01-26 20:08:41', NULL, 2, 1),
(6439, 355, 30, '2020-01-26 20:09:31', NULL, 2, 1),
(6440, 355, 29, '2020-01-26 20:09:31', NULL, 2, 1),
(6441, 355, 28, '2020-01-26 20:09:31', NULL, 2, 1),
(6442, 355, 13, '2020-01-26 20:09:31', NULL, 2, 1),
(6443, 355, 15, '2020-01-26 20:09:31', NULL, 2, 1),
(6444, 355, 27, '2020-01-26 20:09:31', NULL, 2, 1),
(6445, 355, 11, '2020-01-26 20:09:31', NULL, 2, 1),
(6446, 355, 8, '2020-01-26 20:09:31', NULL, 2, 1),
(6447, 355, 7, '2020-01-26 20:09:31', NULL, 2, 1),
(6500, 357, 30, '2020-01-28 17:22:59', NULL, 2, 1),
(6501, 357, 29, '2020-01-28 17:22:59', NULL, 2, 1),
(6502, 357, 28, '2020-01-28 17:22:59', NULL, 2, 1),
(6503, 357, 13, '2020-01-28 17:22:59', NULL, 2, 1),
(6504, 357, 15, '2020-01-28 17:22:59', NULL, 2, 1),
(6505, 357, 8, '2020-01-28 17:22:59', NULL, 2, 1),
(6506, 357, 7, '2020-01-28 17:22:59', NULL, 2, 1),
(6540, 304, 13, '2020-01-29 04:32:59', NULL, 2, 1),
(6541, 304, 8, '2020-01-29 04:32:59', NULL, 2, 1),
(6542, 304, 7, '2020-01-29 04:32:59', NULL, 2, 1),
(6543, 310, 13, '2020-01-29 04:36:36', NULL, 2, 1),
(6544, 310, 8, '2020-01-29 04:36:36', NULL, 2, 1),
(6545, 310, 7, '2020-01-29 04:36:36', NULL, 2, 1),
(6554, 237, 13, '2020-01-29 04:47:33', NULL, 2, 1),
(6555, 237, 15, '2020-01-29 04:47:33', NULL, 2, 1),
(6556, 237, 8, '2020-01-29 04:47:33', NULL, 2, 1),
(6557, 237, 7, '2020-01-29 04:47:33', NULL, 2, 1),
(6565, 358, 30, '2020-01-29 04:57:22', NULL, 2, 1),
(6566, 358, 29, '2020-01-29 04:57:22', NULL, 2, 1),
(6567, 358, 28, '2020-01-29 04:57:22', NULL, 2, 1),
(6568, 358, 13, '2020-01-29 04:57:22', NULL, 2, 1),
(6569, 358, 15, '2020-01-29 04:57:22', NULL, 2, 1),
(6570, 358, 8, '2020-01-29 04:57:22', NULL, 2, 1),
(6571, 358, 7, '2020-01-29 04:57:22', NULL, 2, 1),
(6572, 353, 29, '2020-01-29 05:01:31', NULL, 2, 1),
(6573, 353, 28, '2020-01-29 05:01:31', NULL, 2, 1),
(6574, 353, 13, '2020-01-29 05:01:31', NULL, 2, 1),
(6575, 353, 15, '2020-01-29 05:01:31', NULL, 2, 1),
(6576, 353, 8, '2020-01-29 05:01:31', NULL, 2, 1),
(6577, 353, 7, '2020-01-29 05:01:31', NULL, 2, 1),
(6580, 335, 25, '2020-01-29 05:04:48', NULL, 2, 1),
(6581, 335, 30, '2020-01-29 05:04:48', NULL, 2, 1),
(6582, 335, 29, '2020-01-29 05:04:48', NULL, 2, 1),
(6583, 335, 28, '2020-01-29 05:04:48', NULL, 2, 1),
(6584, 335, 13, '2020-01-29 05:04:48', NULL, 2, 1),
(6585, 335, 15, '2020-01-29 05:04:48', NULL, 2, 1),
(6586, 335, 8, '2020-01-29 05:04:48', NULL, 2, 1),
(6587, 335, 7, '2020-01-29 05:04:48', NULL, 2, 1),
(6588, 334, 30, '2020-01-29 05:05:01', NULL, 2, 1),
(6589, 334, 29, '2020-01-29 05:05:01', NULL, 2, 1),
(6590, 334, 28, '2020-01-29 05:05:01', NULL, 2, 1),
(6591, 334, 13, '2020-01-29 05:05:01', NULL, 2, 1),
(6592, 334, 15, '2020-01-29 05:05:01', NULL, 2, 1),
(6593, 334, 8, '2020-01-29 05:05:01', NULL, 2, 1),
(6594, 334, 7, '2020-01-29 05:05:01', NULL, 2, 1),
(6595, 333, 30, '2020-01-29 05:05:16', NULL, 2, 1),
(6596, 333, 29, '2020-01-29 05:05:16', NULL, 2, 1),
(6597, 333, 28, '2020-01-29 05:05:16', NULL, 2, 1),
(6598, 333, 33, '2020-01-29 05:05:16', NULL, 2, 1),
(6599, 333, 13, '2020-01-29 05:05:16', NULL, 2, 1),
(6600, 333, 15, '2020-01-29 05:05:16', NULL, 2, 1),
(6601, 333, 27, '2020-01-29 05:05:16', NULL, 2, 1),
(6602, 333, 8, '2020-01-29 05:05:16', NULL, 2, 1),
(6603, 333, 7, '2020-01-29 05:05:16', NULL, 2, 1),
(6604, 333, 19, '2020-01-29 05:05:16', NULL, 2, 1),
(6605, 333, 18, '2020-01-29 05:05:16', NULL, 2, 1),
(6642, 359, 30, '2020-01-30 00:06:01', NULL, 2, 1),
(6643, 359, 29, '2020-01-30 00:06:01', NULL, 2, 1),
(6644, 359, 28, '2020-01-30 00:06:01', NULL, 2, 1),
(6645, 359, 13, '2020-01-30 00:06:01', NULL, 2, 1),
(6646, 359, 15, '2020-01-30 00:06:01', NULL, 2, 1),
(6647, 359, 11, '2020-01-30 00:06:01', NULL, 2, 1),
(6648, 359, 8, '2020-01-30 00:06:01', NULL, 2, 1),
(6649, 359, 7, '2020-01-30 00:06:01', NULL, 2, 1),
(6682, 360, 30, '2020-01-30 03:00:39', NULL, 2, 1),
(6683, 360, 29, '2020-01-30 03:00:39', NULL, 2, 1),
(6684, 360, 28, '2020-01-30 03:00:39', NULL, 2, 1),
(6685, 360, 13, '2020-01-30 03:00:39', NULL, 2, 1),
(6686, 360, 15, '2020-01-30 03:00:39', NULL, 2, 1),
(6687, 360, 8, '2020-01-30 03:00:39', NULL, 2, 1),
(6688, 360, 7, '2020-01-30 03:00:39', NULL, 2, 1),
(6689, 361, 30, '2020-01-30 03:48:09', NULL, 2, 1),
(6690, 361, 29, '2020-01-30 03:48:09', NULL, 2, 1),
(6691, 361, 28, '2020-01-30 03:48:09', NULL, 2, 1),
(6692, 361, 13, '2020-01-30 03:48:09', NULL, 2, 1),
(6693, 361, 15, '2020-01-30 03:48:09', NULL, 2, 1),
(6694, 361, 8, '2020-01-30 03:48:09', NULL, 2, 1),
(6695, 361, 7, '2020-01-30 03:48:09', NULL, 2, 1),
(6773, 365, 13, '2020-02-01 04:52:46', NULL, 2, 1),
(6774, 365, 15, '2020-02-01 04:52:46', NULL, 2, 1),
(6775, 365, 11, '2020-02-01 04:52:46', NULL, 2, 1),
(6776, 365, 8, '2020-02-01 04:52:46', NULL, 2, 1),
(6777, 365, 7, '2020-02-01 04:52:46', NULL, 2, 1),
(6778, 330, 13, '2020-02-01 04:52:47', NULL, 2, 1),
(6779, 330, 15, '2020-02-01 04:52:47', NULL, 2, 1),
(6780, 330, 8, '2020-02-01 04:52:47', NULL, 2, 1),
(6781, 330, 7, '2020-02-01 04:52:47', NULL, 2, 1),
(6874, 368, 13, '2020-02-03 18:48:06', NULL, 2, 1),
(6875, 368, 15, '2020-02-03 18:48:06', NULL, 2, 1),
(6876, 368, 11, '2020-02-03 18:48:06', NULL, 2, 1),
(6877, 368, 8, '2020-02-03 18:48:06', NULL, 2, 1),
(6878, 368, 7, '2020-02-03 18:48:06', NULL, 2, 1),
(6879, 217, 30, '2020-02-04 03:46:17', NULL, 2, 1),
(6880, 217, 29, '2020-02-04 03:46:18', NULL, 2, 1),
(6881, 217, 28, '2020-02-04 03:46:18', NULL, 2, 1),
(6882, 217, 13, '2020-02-04 03:46:18', NULL, 2, 1),
(6883, 217, 15, '2020-02-04 03:46:18', NULL, 2, 1),
(6884, 217, 11, '2020-02-04 03:46:18', NULL, 2, 1),
(6885, 217, 7, '2020-02-04 03:46:18', NULL, 2, 1),
(6886, 261, 13, '2020-02-04 04:24:52', NULL, 2, 1),
(6887, 261, 8, '2020-02-04 04:24:52', NULL, 2, 1),
(6888, 261, 7, '2020-02-04 04:24:52', NULL, 2, 1),
(6889, 262, 13, '2020-02-04 04:32:16', NULL, 2, 1),
(6890, 262, 8, '2020-02-04 04:32:16', NULL, 2, 1),
(6891, 262, 7, '2020-02-04 04:32:16', NULL, 2, 1),
(6892, 273, 13, '2020-02-04 05:02:50', NULL, 2, 1),
(6893, 273, 15, '2020-02-04 05:02:50', NULL, 2, 1),
(6894, 273, 8, '2020-02-04 05:02:50', NULL, 2, 1),
(6895, 273, 7, '2020-02-04 05:02:50', NULL, 2, 1),
(6899, 288, 13, '2020-02-04 05:07:39', NULL, 2, 1),
(6900, 288, 8, '2020-02-04 05:07:39', NULL, 2, 1),
(6901, 288, 7, '2020-02-04 05:07:39', NULL, 2, 1),
(6902, 289, 13, '2020-02-04 05:12:33', NULL, 2, 1),
(6903, 290, 13, '2020-02-04 05:15:38', NULL, 2, 1),
(6904, 290, 8, '2020-02-04 05:15:38', NULL, 2, 1),
(6905, 290, 7, '2020-02-04 05:15:38', NULL, 2, 1),
(6925, 293, 13, '2020-02-04 05:53:23', NULL, 2, 1),
(6926, 293, 8, '2020-02-04 05:53:23', NULL, 2, 1),
(6927, 293, 7, '2020-02-04 05:53:23', NULL, 2, 1),
(6928, 303, 13, '2020-02-04 05:57:43', NULL, 2, 1),
(6929, 303, 8, '2020-02-04 05:57:43', NULL, 2, 1),
(6930, 303, 7, '2020-02-04 05:57:43', NULL, 2, 1),
(6931, 305, 13, '2020-02-04 06:23:18', NULL, 2, 1),
(6932, 305, 8, '2020-02-04 06:23:18', NULL, 2, 1),
(6933, 305, 7, '2020-02-04 06:23:18', NULL, 2, 1),
(6943, 364, 13, '2020-02-05 20:02:02', NULL, 2, 1),
(6944, 364, 15, '2020-02-05 20:02:02', NULL, 2, 1),
(6945, 364, 11, '2020-02-05 20:02:02', NULL, 2, 1),
(6946, 364, 8, '2020-02-05 20:02:02', NULL, 2, 1),
(6947, 364, 7, '2020-02-05 20:02:02', NULL, 2, 1),
(6983, 314, 33, '2020-02-06 03:45:05', NULL, 2, 1),
(6984, 314, 13, '2020-02-06 03:45:05', NULL, 2, 1),
(6985, 314, 8, '2020-02-06 03:45:05', NULL, 2, 1),
(6986, 314, 7, '2020-02-06 03:45:05', NULL, 2, 1),
(6987, 317, 13, '2020-02-06 03:56:09', NULL, 2, 1),
(6988, 317, 8, '2020-02-06 03:56:09', NULL, 2, 1),
(6989, 317, 7, '2020-02-06 03:56:09', NULL, 2, 1),
(6991, 319, 13, '2020-02-06 03:57:38', NULL, 2, 1),
(6992, 319, 15, '2020-02-06 03:57:38', NULL, 2, 1),
(6993, 319, 8, '2020-02-06 03:57:38', NULL, 2, 1),
(6994, 319, 7, '2020-02-06 03:57:38', NULL, 2, 1),
(6995, 320, 13, '2020-02-06 04:03:19', NULL, 2, 1),
(6996, 320, 8, '2020-02-06 04:03:19', NULL, 2, 1),
(6997, 320, 7, '2020-02-06 04:03:19', NULL, 2, 1),
(6998, 322, 13, '2020-02-06 04:14:09', NULL, 2, 1),
(6999, 325, 13, '2020-02-06 04:14:59', NULL, 2, 1),
(7000, 325, 8, '2020-02-06 04:14:59', NULL, 2, 1),
(7001, 325, 7, '2020-02-06 04:14:59', NULL, 2, 1),
(7002, 323, 13, '2020-02-06 04:15:57', NULL, 2, 1),
(7003, 324, 13, '2020-02-06 04:18:57', NULL, 2, 1),
(7004, 324, 15, '2020-02-06 04:18:57', NULL, 2, 1),
(7005, 324, 8, '2020-02-06 04:18:57', NULL, 2, 1),
(7006, 324, 7, '2020-02-06 04:18:57', NULL, 2, 1),
(7026, 229, 13, '2020-02-06 04:39:18', NULL, 2, 1),
(7027, 229, 15, '2020-02-06 04:39:18', NULL, 2, 1),
(7028, 229, 8, '2020-02-06 04:39:18', NULL, 2, 1),
(7029, 229, 7, '2020-02-06 04:39:18', NULL, 2, 1),
(7030, 232, 13, '2020-02-06 04:44:41', NULL, 2, 1),
(7031, 232, 15, '2020-02-06 04:44:41', NULL, 2, 1),
(7032, 232, 8, '2020-02-06 04:44:41', NULL, 2, 1),
(7033, 232, 7, '2020-02-06 04:44:41', NULL, 2, 1),
(7034, 240, 13, '2020-02-06 04:47:58', NULL, 2, 1),
(7035, 240, 15, '2020-02-06 04:47:58', NULL, 2, 1),
(7036, 240, 27, '2020-02-06 04:47:58', NULL, 2, 1),
(7037, 240, 8, '2020-02-06 04:47:58', NULL, 2, 1),
(7038, 240, 7, '2020-02-06 04:47:58', NULL, 2, 1),
(7039, 244, 33, '2020-02-06 04:52:12', NULL, 2, 1),
(7040, 244, 13, '2020-02-06 04:52:12', NULL, 2, 1),
(7041, 244, 8, '2020-02-06 04:52:12', NULL, 2, 1),
(7042, 244, 32, '2020-02-06 04:52:12', NULL, 2, 1),
(7043, 244, 7, '2020-02-06 04:52:12', NULL, 2, 1),
(7049, 346, 30, '2020-02-06 05:33:12', NULL, 2, 1),
(7050, 346, 29, '2020-02-06 05:33:12', NULL, 2, 1),
(7051, 346, 28, '2020-02-06 05:33:12', NULL, 2, 1),
(7052, 346, 13, '2020-02-06 05:33:12', NULL, 2, 1),
(7053, 346, 15, '2020-02-06 05:33:12', NULL, 2, 1),
(7054, 346, 11, '2020-02-06 05:33:12', NULL, 2, 1),
(7055, 346, 8, '2020-02-06 05:33:12', NULL, 2, 1),
(7056, 346, 7, '2020-02-06 05:33:12', NULL, 2, 1),
(7073, 362, 31, '2020-02-07 01:26:10', NULL, 2, 1),
(7074, 362, 30, '2020-02-07 01:26:10', NULL, 2, 1),
(7075, 362, 29, '2020-02-07 01:26:10', NULL, 2, 1),
(7076, 362, 28, '2020-02-07 01:26:10', NULL, 2, 1),
(7077, 362, 33, '2020-02-07 01:26:10', NULL, 2, 1),
(7078, 362, 13, '2020-02-07 01:26:10', NULL, 2, 1),
(7079, 362, 15, '2020-02-07 01:26:10', NULL, 2, 1),
(7080, 362, 11, '2020-02-07 01:26:10', NULL, 2, 1),
(7081, 362, 8, '2020-02-07 01:26:10', NULL, 2, 1),
(7082, 362, 32, '2020-02-07 01:26:10', NULL, 2, 1),
(7083, 362, 7, '2020-02-07 01:26:10', NULL, 2, 1),
(7205, 307, 13, '2020-02-08 05:44:44', NULL, 2, 1),
(7206, 307, 15, '2020-02-08 05:44:44', NULL, 2, 1),
(7207, 307, 11, '2020-02-08 05:44:44', NULL, 2, 1),
(7208, 307, 8, '2020-02-08 05:44:44', NULL, 2, 1),
(7209, 307, 7, '2020-02-08 05:44:44', NULL, 2, 1),
(7218, 338, 13, '2020-02-08 05:47:09', NULL, 2, 1),
(7219, 340, 13, '2020-02-08 05:47:40', NULL, 2, 1),
(7220, 339, 13, '2020-02-08 05:49:43', NULL, 2, 1),
(7221, 356, 30, '2020-02-08 05:50:13', NULL, 2, 1),
(7222, 356, 29, '2020-02-08 05:50:13', NULL, 2, 1),
(7223, 356, 13, '2020-02-08 05:50:13', NULL, 2, 1),
(7224, 356, 15, '2020-02-08 05:50:13', NULL, 2, 1),
(7225, 356, 27, '2020-02-08 05:50:13', NULL, 2, 1),
(7226, 356, 8, '2020-02-08 05:50:13', NULL, 2, 1),
(7227, 356, 7, '2020-02-08 05:50:13', NULL, 2, 1),
(7229, 383, 13, '2020-02-08 20:21:25', NULL, 2, 1),
(7230, 383, 15, '2020-02-08 20:21:25', NULL, 2, 1),
(7231, 383, 11, '2020-02-08 20:21:25', NULL, 2, 1),
(7232, 383, 8, '2020-02-08 20:21:25', NULL, 2, 1),
(7233, 383, 7, '2020-02-08 20:21:25', NULL, 2, 1),
(7234, 387, 13, '2020-02-08 20:28:11', NULL, 2, 1),
(7235, 387, 15, '2020-02-08 20:28:11', NULL, 2, 1),
(7236, 387, 11, '2020-02-08 20:28:11', NULL, 2, 1),
(7237, 387, 8, '2020-02-08 20:28:11', NULL, 2, 1),
(7238, 387, 7, '2020-02-08 20:28:11', NULL, 2, 1),
(7244, 381, 13, '2020-02-08 20:37:06', NULL, 2, 1),
(7245, 381, 15, '2020-02-08 20:37:06', NULL, 2, 1),
(7246, 381, 11, '2020-02-08 20:37:06', NULL, 2, 1),
(7247, 381, 8, '2020-02-08 20:37:06', NULL, 2, 1),
(7248, 381, 7, '2020-02-08 20:37:06', NULL, 2, 1),
(7249, 385, 13, '2020-02-08 20:42:43', NULL, 2, 1),
(7250, 385, 11, '2020-02-08 20:42:43', NULL, 2, 1),
(7251, 385, 8, '2020-02-08 20:42:43', NULL, 2, 1),
(7252, 385, 7, '2020-02-08 20:42:43', NULL, 2, 1),
(7258, 380, 13, '2020-02-08 20:49:13', NULL, 2, 1),
(7259, 380, 15, '2020-02-08 20:49:13', NULL, 2, 1),
(7260, 380, 11, '2020-02-08 20:49:13', NULL, 2, 1),
(7261, 380, 8, '2020-02-08 20:49:13', NULL, 2, 1),
(7262, 380, 7, '2020-02-08 20:49:13', NULL, 2, 1),
(7263, 375, 13, '2020-02-08 20:50:37', NULL, 2, 1),
(7264, 375, 15, '2020-02-08 20:50:37', NULL, 2, 1),
(7265, 375, 11, '2020-02-08 20:50:37', NULL, 2, 1),
(7266, 375, 8, '2020-02-08 20:50:37', NULL, 2, 1),
(7267, 375, 7, '2020-02-08 20:50:37', NULL, 2, 1),
(7273, 377, 13, '2020-02-08 20:53:50', NULL, 2, 1),
(7274, 377, 15, '2020-02-08 20:53:50', NULL, 2, 1),
(7275, 377, 11, '2020-02-08 20:53:50', NULL, 2, 1),
(7276, 377, 8, '2020-02-08 20:53:50', NULL, 2, 1),
(7277, 377, 7, '2020-02-08 20:53:50', NULL, 2, 1),
(7278, 386, 13, '2020-02-08 20:55:29', NULL, 2, 1),
(7279, 366, 13, '2020-02-08 20:57:01', NULL, 2, 1),
(7280, 366, 15, '2020-02-08 20:57:01', NULL, 2, 1),
(7281, 366, 11, '2020-02-08 20:57:01', NULL, 2, 1),
(7282, 366, 8, '2020-02-08 20:57:01', NULL, 2, 1),
(7283, 366, 7, '2020-02-08 20:57:01', NULL, 2, 1),
(7289, 369, 13, '2020-02-09 21:33:05', NULL, 2, 1),
(7290, 369, 15, '2020-02-09 21:33:05', NULL, 2, 1),
(7291, 369, 11, '2020-02-09 21:33:05', NULL, 2, 1),
(7292, 369, 8, '2020-02-09 21:33:05', NULL, 2, 1),
(7293, 369, 7, '2020-02-09 21:33:05', NULL, 2, 1),
(7294, 371, 13, '2020-02-09 21:41:10', NULL, 2, 1),
(7295, 371, 15, '2020-02-09 21:41:10', NULL, 2, 1),
(7296, 371, 11, '2020-02-09 21:41:10', NULL, 2, 1),
(7297, 371, 8, '2020-02-09 21:41:10', NULL, 2, 1),
(7298, 371, 7, '2020-02-09 21:41:10', NULL, 2, 1),
(7299, 373, 13, '2020-02-09 22:03:31', NULL, 2, 1),
(7300, 376, 13, '2020-02-10 00:51:37', NULL, 2, 1),
(7301, 376, 15, '2020-02-10 00:51:37', NULL, 2, 1),
(7302, 376, 11, '2020-02-10 00:51:37', NULL, 2, 1),
(7303, 376, 8, '2020-02-10 00:51:37', NULL, 2, 1),
(7304, 376, 7, '2020-02-10 00:51:37', NULL, 2, 1),
(7330, 374, 13, '2020-02-11 04:44:44', NULL, 2, 1),
(7331, 374, 15, '2020-02-11 04:44:44', NULL, 2, 1),
(7332, 374, 11, '2020-02-11 04:44:44', NULL, 2, 1),
(7333, 374, 8, '2020-02-11 04:44:44', NULL, 2, 1),
(7334, 374, 7, '2020-02-11 04:44:44', NULL, 2, 1),
(7456, 400, 13, '2020-02-12 06:24:34', NULL, 2, 1),
(7457, 400, 15, '2020-02-12 06:24:34', NULL, 2, 1),
(7458, 400, 11, '2020-02-12 06:24:34', NULL, 2, 1),
(7459, 400, 8, '2020-02-12 06:24:34', NULL, 2, 1),
(7460, 400, 7, '2020-02-12 06:24:34', NULL, 2, 1),
(7466, 391, 13, '2020-02-13 04:23:01', NULL, 2, 1),
(7467, 391, 15, '2020-02-13 04:23:01', NULL, 2, 1),
(7468, 391, 11, '2020-02-13 04:23:01', NULL, 2, 1),
(7469, 391, 8, '2020-02-13 04:23:01', NULL, 2, 1),
(7470, 391, 7, '2020-02-13 04:23:01', NULL, 2, 1),
(7471, 394, 13, '2020-02-13 04:23:35', NULL, 2, 1),
(7472, 394, 15, '2020-02-13 04:23:35', NULL, 2, 1),
(7473, 394, 11, '2020-02-13 04:23:35', NULL, 2, 1),
(7474, 394, 8, '2020-02-13 04:23:35', NULL, 2, 1),
(7475, 394, 7, '2020-02-13 04:23:35', NULL, 2, 1),
(7476, 399, 13, '2020-02-13 04:24:20', NULL, 2, 1),
(7477, 399, 15, '2020-02-13 04:24:20', NULL, 2, 1),
(7478, 399, 11, '2020-02-13 04:24:20', NULL, 2, 1),
(7479, 399, 8, '2020-02-13 04:24:20', NULL, 2, 1),
(7480, 399, 7, '2020-02-13 04:24:20', NULL, 2, 1),
(7481, 384, 13, '2020-02-13 04:25:19', NULL, 2, 1),
(7482, 384, 15, '2020-02-13 04:25:19', NULL, 2, 1),
(7483, 384, 27, '2020-02-13 04:25:19', NULL, 2, 1),
(7484, 384, 11, '2020-02-13 04:25:19', NULL, 2, 1),
(7485, 384, 8, '2020-02-13 04:25:19', NULL, 2, 1),
(7486, 384, 7, '2020-02-13 04:25:19', NULL, 2, 1),
(7487, 389, 13, '2020-02-13 04:26:06', NULL, 2, 1),
(7488, 389, 15, '2020-02-13 04:26:06', NULL, 2, 1),
(7489, 389, 11, '2020-02-13 04:26:06', NULL, 2, 1),
(7490, 389, 8, '2020-02-13 04:26:06', NULL, 2, 1),
(7491, 389, 7, '2020-02-13 04:26:06', NULL, 2, 1),
(7492, 390, 13, '2020-02-13 04:27:06', NULL, 2, 1),
(7493, 390, 15, '2020-02-13 04:27:06', NULL, 2, 1),
(7494, 390, 11, '2020-02-13 04:27:06', NULL, 2, 1),
(7495, 390, 8, '2020-02-13 04:27:06', NULL, 2, 1),
(7496, 390, 7, '2020-02-13 04:27:06', NULL, 2, 1),
(7497, 402, 13, '2020-02-13 04:27:51', NULL, 2, 1),
(7498, 402, 15, '2020-02-13 04:27:51', NULL, 2, 1),
(7499, 402, 11, '2020-02-13 04:27:51', NULL, 2, 1),
(7500, 402, 8, '2020-02-13 04:27:51', NULL, 2, 1),
(7501, 402, 7, '2020-02-13 04:27:51', NULL, 2, 1),
(7507, 392, 13, '2020-02-13 04:52:40', NULL, 2, 1),
(7508, 392, 11, '2020-02-13 04:52:40', NULL, 2, 1),
(7509, 392, 8, '2020-02-13 04:52:40', NULL, 2, 1),
(7510, 392, 7, '2020-02-13 04:52:40', NULL, 2, 1),
(7511, 396, 13, '2020-02-13 04:53:35', NULL, 2, 1),
(7512, 396, 15, '2020-02-13 04:53:35', NULL, 2, 1),
(7513, 396, 11, '2020-02-13 04:53:35', NULL, 2, 1),
(7514, 396, 8, '2020-02-13 04:53:35', NULL, 2, 1),
(7515, 396, 7, '2020-02-13 04:53:35', NULL, 2, 1),
(7516, 395, 13, '2020-02-13 04:54:26', NULL, 2, 1),
(7517, 395, 8, '2020-02-13 04:54:26', NULL, 2, 1),
(7518, 395, 7, '2020-02-13 04:54:26', NULL, 2, 1),
(7529, 405, 13, '2020-02-13 18:40:40', NULL, 2, 1),
(7530, 405, 15, '2020-02-13 18:40:40', NULL, 2, 1),
(7531, 405, 11, '2020-02-13 18:40:40', NULL, 2, 1),
(7532, 405, 8, '2020-02-13 18:40:40', NULL, 2, 1),
(7533, 405, 7, '2020-02-13 18:40:40', NULL, 2, 1),
(7629, 316, 13, '2020-02-14 03:21:27', NULL, 2, 1),
(7630, 316, 15, '2020-02-14 03:21:27', NULL, 2, 1),
(7631, 316, 11, '2020-02-14 03:21:27', NULL, 2, 1),
(7632, 316, 8, '2020-02-14 03:21:27', NULL, 2, 1),
(7633, 316, 7, '2020-02-14 03:21:27', NULL, 2, 1),
(7634, 388, 13, '2020-02-14 03:23:01', NULL, 2, 1),
(7635, 388, 15, '2020-02-14 03:23:01', NULL, 2, 1),
(7636, 388, 11, '2020-02-14 03:23:01', NULL, 2, 1),
(7637, 388, 8, '2020-02-14 03:23:01', NULL, 2, 1),
(7638, 388, 7, '2020-02-14 03:23:01', NULL, 2, 1),
(7639, 352, 13, '2020-02-14 03:23:23', NULL, 2, 1),
(7640, 343, 13, '2020-02-14 03:23:56', NULL, 2, 1),
(7641, 344, 13, '2020-02-14 03:24:23', NULL, 2, 1),
(7652, 341, 13, '2020-02-14 03:26:21', NULL, 2, 1),
(7653, 299, 13, '2020-02-14 03:26:50', NULL, 2, 1),
(7654, 299, 15, '2020-02-14 03:26:50', NULL, 2, 1),
(7655, 299, 11, '2020-02-14 03:26:50', NULL, 2, 1),
(7656, 299, 8, '2020-02-14 03:26:50', NULL, 2, 1),
(7657, 299, 7, '2020-02-14 03:26:50', NULL, 2, 1),
(7658, 345, 13, '2020-02-14 03:27:12', NULL, 2, 1),
(7659, 337, 13, '2020-02-14 03:28:26', NULL, 2, 1),
(7747, 410, 31, '2020-02-17 23:46:30', NULL, 2, 1),
(7748, 421, 13, '2020-02-17 23:48:01', NULL, 2, 1),
(7749, 421, 15, '2020-02-17 23:48:01', NULL, 2, 1),
(7750, 421, 11, '2020-02-17 23:48:01', NULL, 2, 1),
(7751, 421, 8, '2020-02-17 23:48:01', NULL, 2, 1),
(7752, 421, 7, '2020-02-17 23:48:01', NULL, 2, 1),
(7753, 413, 13, '2020-02-17 23:50:06', NULL, 2, 1),
(7754, 413, 15, '2020-02-17 23:50:06', NULL, 2, 1),
(7755, 413, 11, '2020-02-17 23:50:06', NULL, 2, 1),
(7756, 413, 8, '2020-02-17 23:50:06', NULL, 2, 1),
(7757, 413, 7, '2020-02-17 23:50:06', NULL, 2, 1),
(7763, 420, 13, '2020-02-17 23:53:04', NULL, 2, 1),
(7764, 420, 15, '2020-02-17 23:53:04', NULL, 2, 1),
(7765, 420, 11, '2020-02-17 23:53:04', NULL, 2, 1),
(7766, 420, 8, '2020-02-17 23:53:04', NULL, 2, 1),
(7767, 420, 7, '2020-02-17 23:53:04', NULL, 2, 1),
(7768, 417, 13, '2020-02-17 23:54:11', NULL, 2, 1),
(7769, 417, 15, '2020-02-17 23:54:11', NULL, 2, 1),
(7770, 417, 11, '2020-02-17 23:54:11', NULL, 2, 1),
(7771, 417, 8, '2020-02-17 23:54:11', NULL, 2, 1),
(7772, 417, 7, '2020-02-17 23:54:11', NULL, 2, 1),
(7773, 419, 13, '2020-02-17 23:56:00', NULL, 2, 1),
(7774, 372, 13, '2020-02-17 23:58:05', NULL, 2, 1),
(7775, 372, 15, '2020-02-17 23:58:05', NULL, 2, 1),
(7776, 372, 11, '2020-02-17 23:58:05', NULL, 2, 1),
(7777, 372, 8, '2020-02-17 23:58:05', NULL, 2, 1),
(7778, 372, 7, '2020-02-17 23:58:05', NULL, 2, 1),
(7784, 409, 13, '2020-02-17 23:59:37', NULL, 2, 1),
(7785, 409, 15, '2020-02-17 23:59:37', NULL, 2, 1),
(7786, 409, 11, '2020-02-17 23:59:37', NULL, 2, 1),
(7787, 409, 8, '2020-02-17 23:59:37', NULL, 2, 1),
(7788, 409, 7, '2020-02-17 23:59:37', NULL, 2, 1),
(7789, 415, 13, '2020-02-18 00:00:15', NULL, 2, 1),
(7790, 415, 15, '2020-02-18 00:00:15', NULL, 2, 1),
(7791, 415, 11, '2020-02-18 00:00:15', NULL, 2, 1),
(7792, 415, 8, '2020-02-18 00:00:15', NULL, 2, 1),
(7793, 415, 7, '2020-02-18 00:00:15', NULL, 2, 1),
(7794, 414, 13, '2020-02-18 00:02:54', NULL, 2, 1),
(7795, 414, 15, '2020-02-18 00:02:54', NULL, 2, 1),
(7796, 414, 8, '2020-02-18 00:02:54', NULL, 2, 1),
(7797, 414, 7, '2020-02-18 00:02:54', NULL, 2, 1),
(7798, 411, 13, '2020-02-18 00:04:08', NULL, 2, 1),
(7799, 411, 15, '2020-02-18 00:04:08', NULL, 2, 1),
(7800, 411, 11, '2020-02-18 00:04:08', NULL, 2, 1),
(7801, 411, 8, '2020-02-18 00:04:08', NULL, 2, 1),
(7802, 411, 7, '2020-02-18 00:04:08', NULL, 2, 1),
(7803, 408, 13, '2020-02-18 00:05:36', NULL, 2, 1),
(7804, 408, 15, '2020-02-18 00:05:36', NULL, 2, 1),
(7805, 408, 11, '2020-02-18 00:05:36', NULL, 2, 1),
(7806, 408, 8, '2020-02-18 00:05:36', NULL, 2, 1),
(7807, 408, 7, '2020-02-18 00:05:36', NULL, 2, 1),
(7808, 407, 13, '2020-02-18 00:06:31', NULL, 2, 1),
(7809, 407, 15, '2020-02-18 00:06:31', NULL, 2, 1),
(7810, 407, 11, '2020-02-18 00:06:31', NULL, 2, 1),
(7811, 407, 8, '2020-02-18 00:06:31', NULL, 2, 1),
(7812, 407, 7, '2020-02-18 00:06:31', NULL, 2, 1),
(7813, 412, 13, '2020-02-18 00:07:36', NULL, 2, 1),
(7814, 412, 15, '2020-02-18 00:07:36', NULL, 2, 1),
(7815, 412, 11, '2020-02-18 00:07:36', NULL, 2, 1),
(7816, 412, 8, '2020-02-18 00:07:36', NULL, 2, 1),
(7817, 412, 7, '2020-02-18 00:07:36', NULL, 2, 1),
(7818, 406, 13, '2020-02-18 20:30:14', NULL, 2, 1),
(7819, 422, 13, '2020-02-18 20:31:36', NULL, 2, 1),
(7820, 422, 15, '2020-02-18 20:31:36', NULL, 2, 1),
(7821, 422, 8, '2020-02-18 20:31:36', NULL, 2, 1),
(7822, 422, 7, '2020-02-18 20:31:36', NULL, 2, 1),
(7837, 418, 13, '2020-02-19 13:38:54', NULL, 2, 1),
(7838, 418, 15, '2020-02-19 13:38:54', NULL, 2, 1),
(7839, 418, 11, '2020-02-19 13:38:54', NULL, 2, 1),
(7840, 418, 8, '2020-02-19 13:38:54', NULL, 2, 1),
(7841, 418, 7, '2020-02-19 13:38:54', NULL, 2, 1),
(7852, 444, 13, '2020-02-20 18:18:49', NULL, 2, 1),
(7853, 444, 8, '2020-02-20 18:18:49', NULL, 2, 1),
(7854, 444, 7, '2020-02-20 18:18:49', NULL, 2, 1),
(7863, 443, 13, '2020-02-20 21:41:10', NULL, 2, 1),
(7864, 443, 15, '2020-02-20 21:41:10', NULL, 2, 1),
(7865, 443, 8, '2020-02-20 21:41:10', NULL, 2, 1),
(7866, 443, 7, '2020-02-20 21:41:10', NULL, 2, 1),
(7867, 447, 13, '2020-02-20 22:05:20', NULL, 2, 1),
(7868, 449, 13, '2020-02-20 22:12:46', NULL, 2, 1),
(7869, 449, 15, '2020-02-20 22:12:46', NULL, 2, 1),
(7870, 449, 8, '2020-02-20 22:12:46', NULL, 2, 1),
(7871, 449, 7, '2020-02-20 22:12:46', NULL, 2, 1),
(7872, 446, 13, '2020-02-20 23:10:22', NULL, 2, 1),
(7873, 446, 15, '2020-02-20 23:10:22', NULL, 2, 1),
(7874, 446, 8, '2020-02-20 23:10:22', NULL, 2, 1),
(7875, 446, 7, '2020-02-20 23:10:22', NULL, 2, 1),
(7925, 452, 13, '2020-02-22 15:25:47', NULL, 2, 1),
(7926, 452, 15, '2020-02-22 15:25:47', NULL, 2, 1),
(7927, 452, 11, '2020-02-22 15:25:47', NULL, 2, 1),
(7928, 452, 8, '2020-02-22 15:25:47', NULL, 2, 1),
(7929, 452, 7, '2020-02-22 15:25:47', NULL, 2, 1),
(7936, 454, 13, '2020-02-22 15:47:29', NULL, 2, 1),
(7937, 454, 15, '2020-02-22 15:47:29', NULL, 2, 1),
(7938, 454, 8, '2020-02-22 15:47:29', NULL, 2, 1),
(7939, 454, 7, '2020-02-22 15:47:29', NULL, 2, 1),
(7940, 455, 25, '2020-02-22 16:25:09', NULL, 2, 1),
(7941, 455, 13, '2020-02-22 16:25:09', NULL, 2, 1),
(7942, 455, 15, '2020-02-22 16:25:09', NULL, 2, 1),
(7943, 455, 11, '2020-02-22 16:25:09', NULL, 2, 1),
(7944, 455, 8, '2020-02-22 16:25:09', NULL, 2, 1),
(7945, 455, 7, '2020-02-22 16:25:09', NULL, 2, 1),
(7954, 398, 13, '2020-02-22 19:35:33', NULL, 2, 1),
(7955, 398, 15, '2020-02-22 19:35:33', NULL, 2, 1),
(7956, 398, 11, '2020-02-22 19:35:33', NULL, 2, 1),
(7957, 398, 8, '2020-02-22 19:35:33', NULL, 2, 1),
(7958, 398, 7, '2020-02-22 19:35:33', NULL, 2, 1),
(7959, 453, 13, '2020-02-22 19:44:50', NULL, 2, 1),
(7960, 453, 15, '2020-02-22 19:44:50', NULL, 2, 1),
(7961, 453, 11, '2020-02-22 19:44:50', NULL, 2, 1),
(7962, 453, 8, '2020-02-22 19:44:50', NULL, 2, 1),
(7963, 453, 7, '2020-02-22 19:44:50', NULL, 2, 1),
(7964, 456, 13, '2020-02-22 19:51:23', NULL, 2, 1),
(7965, 456, 15, '2020-02-22 19:51:23', NULL, 2, 1),
(7966, 456, 8, '2020-02-22 19:51:23', NULL, 2, 1),
(7967, 456, 7, '2020-02-22 19:51:23', NULL, 2, 1),
(7968, 451, 13, '2020-02-22 20:27:25', NULL, 2, 1),
(7969, 451, 15, '2020-02-22 20:27:25', NULL, 2, 1),
(7970, 451, 8, '2020-02-22 20:27:25', NULL, 2, 1),
(7971, 451, 32, '2020-02-22 20:27:25', NULL, 2, 1),
(7972, 451, 7, '2020-02-22 20:27:25', NULL, 2, 1),
(7998, 367, 13, '2020-02-22 23:46:44', NULL, 2, 1),
(7999, 367, 15, '2020-02-22 23:46:44', NULL, 2, 1),
(8000, 367, 11, '2020-02-22 23:46:44', NULL, 2, 1),
(8001, 367, 8, '2020-02-22 23:46:44', NULL, 2, 1),
(8002, 367, 7, '2020-02-22 23:46:44', NULL, 2, 1),
(8003, 401, 13, '2020-02-22 23:49:54', NULL, 2, 1),
(8004, 401, 15, '2020-02-22 23:49:54', NULL, 2, 1),
(8005, 401, 11, '2020-02-22 23:49:54', NULL, 2, 1),
(8006, 401, 8, '2020-02-22 23:49:54', NULL, 2, 1),
(8007, 401, 7, '2020-02-22 23:49:54', NULL, 2, 1),
(8008, 393, 13, '2020-02-22 23:51:21', NULL, 2, 1),
(8009, 393, 15, '2020-02-22 23:51:21', NULL, 2, 1),
(8010, 393, 11, '2020-02-22 23:51:21', NULL, 2, 1),
(8011, 393, 8, '2020-02-22 23:51:21', NULL, 2, 1),
(8012, 393, 7, '2020-02-22 23:51:21', NULL, 2, 1),
(8013, 382, 13, '2020-02-22 23:53:04', NULL, 2, 1),
(8019, 378, 13, '2020-02-24 15:23:12', NULL, 2, 1),
(8020, 378, 15, '2020-02-24 15:23:12', NULL, 2, 1),
(8021, 378, 11, '2020-02-24 15:23:12', NULL, 2, 1),
(8022, 378, 8, '2020-02-24 15:23:12', NULL, 2, 1),
(8023, 378, 7, '2020-02-24 15:23:12', NULL, 2, 1),
(8034, 457, 13, '2020-02-24 17:31:23', NULL, 2, 1),
(8035, 457, 15, '2020-02-24 17:31:23', NULL, 2, 1),
(8036, 457, 11, '2020-02-24 17:31:23', NULL, 2, 1),
(8037, 457, 8, '2020-02-24 17:31:23', NULL, 2, 1),
(8038, 457, 7, '2020-02-24 17:31:23', NULL, 2, 1),
(8067, 416, 13, '2020-02-25 20:07:59', NULL, 2, 1),
(8068, 416, 15, '2020-02-25 20:07:59', NULL, 2, 1),
(8069, 416, 11, '2020-02-25 20:07:59', NULL, 2, 1),
(8070, 416, 8, '2020-02-25 20:07:59', NULL, 2, 1),
(8071, 416, 7, '2020-02-25 20:07:59', NULL, 2, 1),
(8072, 291, 33, '2020-02-25 20:15:39', NULL, 2, 1),
(8073, 291, 13, '2020-02-25 20:15:39', NULL, 2, 1),
(8074, 291, 15, '2020-02-25 20:15:39', NULL, 2, 1),
(8075, 291, 10, '2020-02-25 20:15:39', NULL, 2, 1),
(8076, 291, 27, '2020-02-25 20:15:39', NULL, 2, 1),
(8077, 291, 8, '2020-02-25 20:15:39', NULL, 2, 1),
(8078, 291, 32, '2020-02-25 20:15:39', NULL, 2, 1),
(8079, 291, 7, '2020-02-25 20:15:39', NULL, 2, 1),
(8080, 284, 13, '2020-02-25 20:38:56', NULL, 2, 1),
(8081, 284, 15, '2020-02-25 20:38:56', NULL, 2, 1),
(8082, 284, 11, '2020-02-25 20:38:56', NULL, 2, 1),
(8083, 284, 8, '2020-02-25 20:38:56', NULL, 2, 1),
(8084, 284, 7, '2020-02-25 20:38:56', NULL, 2, 1),
(8085, 363, 13, '2020-02-25 21:11:07', NULL, 2, 1),
(8086, 363, 15, '2020-02-25 21:11:07', NULL, 2, 1),
(8087, 363, 11, '2020-02-25 21:11:07', NULL, 2, 1),
(8088, 363, 8, '2020-02-25 21:11:07', NULL, 2, 1),
(8089, 363, 7, '2020-02-25 21:11:07', NULL, 2, 1),
(8174, 328, 13, '2020-02-27 02:04:40', NULL, 2, 1),
(8175, 328, 15, '2020-02-27 02:04:40', NULL, 2, 1),
(8176, 328, 8, '2020-02-27 02:04:40', NULL, 2, 1),
(8177, 328, 7, '2020-02-27 02:04:40', NULL, 2, 1),
(8186, 329, 13, '2020-02-27 02:05:14', NULL, 2, 1),
(8187, 329, 15, '2020-02-27 02:05:14', NULL, 2, 1),
(8188, 329, 8, '2020-02-27 02:05:14', NULL, 2, 1),
(8189, 329, 7, '2020-02-27 02:05:14', NULL, 2, 1),
(8203, 458, 13, '2020-02-27 14:29:10', NULL, 2, 1),
(8204, 458, 15, '2020-02-27 14:29:10', NULL, 2, 1),
(8205, 458, 11, '2020-02-27 14:29:10', NULL, 2, 1),
(8206, 458, 8, '2020-02-27 14:29:10', NULL, 2, 1),
(8207, 458, 7, '2020-02-27 14:29:10', NULL, 2, 1),
(8208, 466, 13, '2020-02-27 15:28:39', NULL, 2, 1),
(8209, 466, 15, '2020-02-27 15:28:39', NULL, 2, 1),
(8210, 466, 11, '2020-02-27 15:28:39', NULL, 2, 1),
(8211, 466, 8, '2020-02-27 15:28:39', NULL, 2, 1),
(8212, 466, 7, '2020-02-27 15:28:39', NULL, 2, 1),
(8213, 465, 13, '2020-02-27 15:33:39', NULL, 2, 1),
(8214, 465, 15, '2020-02-27 15:33:39', NULL, 2, 1),
(8215, 465, 11, '2020-02-27 15:33:39', NULL, 2, 1),
(8216, 465, 8, '2020-02-27 15:33:39', NULL, 2, 1),
(8217, 465, 7, '2020-02-27 15:33:39', NULL, 2, 1),
(8218, 470, 25, '2020-02-27 15:53:22', NULL, 2, 1),
(8219, 470, 30, '2020-02-27 15:53:22', NULL, 2, 1),
(8220, 470, 29, '2020-02-27 15:53:22', NULL, 2, 1),
(8221, 470, 28, '2020-02-27 15:53:22', NULL, 2, 1),
(8222, 470, 26, '2020-02-27 15:53:22', NULL, 2, 1),
(8223, 470, 13, '2020-02-27 15:53:22', NULL, 2, 1),
(8224, 470, 15, '2020-02-27 15:53:22', NULL, 2, 1),
(8225, 470, 27, '2020-02-27 15:53:22', NULL, 2, 1),
(8226, 470, 8, '2020-02-27 15:53:22', NULL, 2, 1),
(8227, 470, 21, '2020-02-27 15:53:22', NULL, 2, 1),
(8228, 470, 7, '2020-02-27 15:53:22', NULL, 2, 1),
(8229, 468, 30, '2020-02-27 15:58:56', NULL, 2, 1),
(8230, 468, 29, '2020-02-27 15:58:56', NULL, 2, 1),
(8231, 468, 28, '2020-02-27 15:58:56', NULL, 2, 1),
(8232, 468, 13, '2020-02-27 15:58:56', NULL, 2, 1),
(8233, 468, 15, '2020-02-27 15:58:56', NULL, 2, 1),
(8234, 468, 27, '2020-02-27 15:58:56', NULL, 2, 1),
(8235, 468, 8, '2020-02-27 15:58:56', NULL, 2, 1),
(8236, 468, 7, '2020-02-27 15:58:56', NULL, 2, 1),
(8304, 332, 30, '2020-02-28 22:31:19', NULL, 2, 1),
(8305, 332, 29, '2020-02-28 22:31:19', NULL, 2, 1),
(8306, 332, 28, '2020-02-28 22:31:19', NULL, 2, 1),
(8307, 332, 13, '2020-02-28 22:31:19', NULL, 2, 1),
(8308, 332, 15, '2020-02-28 22:31:19', NULL, 2, 1),
(8309, 332, 27, '2020-02-28 22:31:19', NULL, 2, 1),
(8310, 332, 8, '2020-02-28 22:31:19', NULL, 2, 1),
(8311, 332, 7, '2020-02-28 22:31:19', NULL, 2, 1),
(8315, 318, 13, '2020-02-28 22:37:08', NULL, 2, 1),
(8316, 311, 13, '2020-02-28 22:38:54', NULL, 2, 1),
(8326, 327, 13, '2020-02-28 22:58:57', NULL, 2, 1),
(8327, 327, 8, '2020-02-28 22:58:57', NULL, 2, 1),
(8328, 327, 7, '2020-02-28 22:58:57', NULL, 2, 1),
(8371, 224, 25, '2020-02-29 04:25:32', NULL, 2, 1),
(8372, 224, 31, '2020-02-29 04:25:32', NULL, 2, 1),
(8373, 224, 30, '2020-02-29 04:25:32', NULL, 2, 1),
(8374, 224, 29, '2020-02-29 04:25:32', NULL, 2, 1),
(8375, 224, 28, '2020-02-29 04:25:32', NULL, 2, 1),
(8376, 224, 13, '2020-02-29 04:25:32', NULL, 2, 1),
(8377, 224, 15, '2020-02-29 04:25:32', NULL, 2, 1),
(8378, 224, 11, '2020-02-29 04:25:32', NULL, 2, 1),
(8379, 224, 8, '2020-02-29 04:25:32', NULL, 2, 1),
(8380, 224, 32, '2020-02-29 04:25:32', NULL, 2, 1),
(8381, 224, 7, '2020-02-29 04:25:32', NULL, 2, 1),
(8424, 228, 30, '2020-03-01 04:39:23', NULL, 2, 1),
(8425, 228, 29, '2020-03-01 04:39:23', NULL, 2, 1),
(8426, 228, 28, '2020-03-01 04:39:23', NULL, 2, 1),
(8427, 228, 13, '2020-03-01 04:39:23', NULL, 2, 1),
(8428, 228, 15, '2020-03-01 04:39:23', NULL, 2, 1),
(8429, 228, 8, '2020-03-01 04:39:23', NULL, 2, 1),
(8430, 228, 7, '2020-03-01 04:39:23', NULL, 2, 1),
(8533, 233, 25, '2020-03-02 01:11:20', NULL, 2, 1),
(8534, 233, 30, '2020-03-02 01:11:20', NULL, 2, 1),
(8535, 233, 29, '2020-03-02 01:11:20', NULL, 2, 1),
(8536, 233, 28, '2020-03-02 01:11:20', NULL, 2, 1),
(8537, 233, 26, '2020-03-02 01:11:20', NULL, 2, 1),
(8538, 233, 13, '2020-03-02 01:11:20', NULL, 2, 1),
(8539, 233, 15, '2020-03-02 01:11:20', NULL, 2, 1),
(8540, 233, 27, '2020-03-02 01:11:20', NULL, 2, 1),
(8541, 233, 8, '2020-03-02 01:11:20', NULL, 2, 1),
(8542, 233, 7, '2020-03-02 01:11:20', NULL, 2, 1),
(8552, 477, 25, '2020-03-02 01:12:51', NULL, 2, 1),
(8553, 477, 30, '2020-03-02 01:12:51', NULL, 2, 1),
(8554, 477, 29, '2020-03-02 01:12:51', NULL, 2, 1),
(8555, 477, 28, '2020-03-02 01:12:51', NULL, 2, 1),
(8556, 477, 26, '2020-03-02 01:12:51', NULL, 2, 1),
(8557, 477, 13, '2020-03-02 01:12:51', NULL, 2, 1),
(8558, 477, 15, '2020-03-02 01:12:51', NULL, 2, 1),
(8559, 477, 27, '2020-03-02 01:12:51', NULL, 2, 1),
(8560, 477, 8, '2020-03-02 01:12:51', NULL, 2, 1),
(8561, 477, 7, '2020-03-02 01:12:51', NULL, 2, 1),
(8586, 469, 25, '2020-03-02 01:18:41', NULL, 2, 1),
(8587, 469, 30, '2020-03-02 01:18:41', NULL, 2, 1),
(8588, 469, 29, '2020-03-02 01:18:41', NULL, 2, 1),
(8589, 469, 28, '2020-03-02 01:18:41', NULL, 2, 1),
(8590, 469, 26, '2020-03-02 01:18:41', NULL, 2, 1),
(8591, 469, 13, '2020-03-02 01:18:41', NULL, 2, 1),
(8592, 469, 15, '2020-03-02 01:18:41', NULL, 2, 1),
(8593, 469, 27, '2020-03-02 01:18:41', NULL, 2, 1),
(8594, 469, 8, '2020-03-02 01:18:41', NULL, 2, 1),
(8595, 469, 7, '2020-03-02 01:18:41', NULL, 2, 1),
(8596, 467, 30, '2020-03-02 01:19:08', NULL, 2, 1),
(8597, 467, 29, '2020-03-02 01:19:08', NULL, 2, 1),
(8598, 467, 28, '2020-03-02 01:19:08', NULL, 2, 1),
(8599, 467, 13, '2020-03-02 01:19:08', NULL, 2, 1),
(8600, 467, 15, '2020-03-02 01:19:08', NULL, 2, 1),
(8601, 467, 8, '2020-03-02 01:19:08', NULL, 2, 1),
(8602, 467, 7, '2020-03-02 01:19:08', NULL, 2, 1),
(8603, 397, 13, '2020-03-02 01:20:42', NULL, 2, 1),
(8604, 397, 15, '2020-03-02 01:20:42', NULL, 2, 1),
(8605, 397, 11, '2020-03-02 01:20:42', NULL, 2, 1),
(8606, 397, 8, '2020-03-02 01:20:42', NULL, 2, 1),
(8607, 397, 7, '2020-03-02 01:20:42', NULL, 2, 1),
(8608, 379, 13, '2020-03-02 01:21:37', NULL, 2, 1),
(8609, 379, 15, '2020-03-02 01:21:37', NULL, 2, 1),
(8610, 379, 11, '2020-03-02 01:21:37', NULL, 2, 1),
(8611, 379, 8, '2020-03-02 01:21:37', NULL, 2, 1),
(8612, 379, 7, '2020-03-02 01:21:37', NULL, 2, 1),
(8613, 370, 13, '2020-03-02 01:23:21', NULL, 2, 1),
(8614, 370, 15, '2020-03-02 01:23:21', NULL, 2, 1),
(8615, 370, 11, '2020-03-02 01:23:21', NULL, 2, 1),
(8616, 370, 8, '2020-03-02 01:23:21', NULL, 2, 1),
(8617, 370, 7, '2020-03-02 01:23:21', NULL, 2, 1),
(8682, 480, 25, '2020-03-05 19:33:18', NULL, 2, 1),
(8683, 480, 30, '2020-03-05 19:33:18', NULL, 2, 1),
(8684, 480, 29, '2020-03-05 19:33:18', NULL, 2, 1),
(8685, 480, 26, '2020-03-05 19:33:18', NULL, 2, 1),
(8686, 480, 13, '2020-03-05 19:33:18', NULL, 2, 1),
(8687, 480, 15, '2020-03-05 19:33:18', NULL, 2, 1),
(8688, 480, 27, '2020-03-05 19:33:18', NULL, 2, 1),
(8689, 480, 8, '2020-03-05 19:33:18', NULL, 2, 1),
(8690, 474, 30, '2020-03-05 19:34:42', NULL, 2, 1),
(8691, 474, 29, '2020-03-05 19:34:42', NULL, 2, 1),
(8692, 474, 28, '2020-03-05 19:34:42', NULL, 2, 1),
(8693, 474, 13, '2020-03-05 19:34:42', NULL, 2, 1),
(8694, 474, 15, '2020-03-05 19:34:42', NULL, 2, 1),
(8695, 474, 27, '2020-03-05 19:34:42', NULL, 2, 1),
(8696, 474, 8, '2020-03-05 19:34:42', NULL, 2, 1),
(8697, 474, 7, '2020-03-05 19:34:42', NULL, 2, 1),
(8698, 472, 20, '2020-03-05 19:36:21', NULL, 2, 1),
(8699, 472, 30, '2020-03-05 19:36:21', NULL, 2, 1),
(8700, 472, 29, '2020-03-05 19:36:21', NULL, 2, 1),
(8701, 472, 28, '2020-03-05 19:36:21', NULL, 2, 1),
(8702, 472, 26, '2020-03-05 19:36:21', NULL, 2, 1),
(8703, 472, 13, '2020-03-05 19:36:21', NULL, 2, 1),
(8704, 472, 15, '2020-03-05 19:36:21', NULL, 2, 1),
(8705, 472, 27, '2020-03-05 19:36:21', NULL, 2, 1),
(8706, 472, 8, '2020-03-05 19:36:21', NULL, 2, 1),
(8707, 472, 21, '2020-03-05 19:36:21', NULL, 2, 1),
(8708, 472, 7, '2020-03-05 19:36:21', NULL, 2, 1),
(8709, 478, 30, '2020-03-05 19:37:55', NULL, 2, 1),
(8710, 478, 29, '2020-03-05 19:37:55', NULL, 2, 1),
(8711, 478, 28, '2020-03-05 19:37:55', NULL, 2, 1),
(8712, 478, 26, '2020-03-05 19:37:55', NULL, 2, 1),
(8713, 478, 13, '2020-03-05 19:37:55', NULL, 2, 1),
(8714, 478, 15, '2020-03-05 19:37:55', NULL, 2, 1),
(8715, 478, 27, '2020-03-05 19:37:55', NULL, 2, 1),
(8716, 478, 8, '2020-03-05 19:37:55', NULL, 2, 1),
(8717, 478, 7, '2020-03-05 19:37:55', NULL, 2, 1),
(8718, 487, 25, '2020-03-05 19:38:45', NULL, 2, 1),
(8719, 487, 30, '2020-03-05 19:38:45', NULL, 2, 1),
(8720, 487, 29, '2020-03-05 19:38:45', NULL, 2, 1),
(8721, 487, 28, '2020-03-05 19:38:45', NULL, 2, 1),
(8722, 487, 26, '2020-03-05 19:38:45', NULL, 2, 1),
(8723, 487, 13, '2020-03-05 19:38:45', NULL, 2, 1),
(8724, 487, 15, '2020-03-05 19:38:45', NULL, 2, 1),
(8725, 487, 27, '2020-03-05 19:38:45', NULL, 2, 1),
(8726, 487, 11, '2020-03-05 19:38:45', NULL, 2, 1),
(8727, 487, 8, '2020-03-05 19:38:45', NULL, 2, 1),
(8728, 487, 7, '2020-03-05 19:38:45', NULL, 2, 1),
(8729, 475, 30, '2020-03-05 19:39:52', NULL, 2, 1),
(8730, 475, 29, '2020-03-05 19:39:52', NULL, 2, 1),
(8731, 475, 28, '2020-03-05 19:39:52', NULL, 2, 1),
(8732, 475, 13, '2020-03-05 19:39:52', NULL, 2, 1),
(8733, 475, 15, '2020-03-05 19:39:52', NULL, 2, 1),
(8734, 475, 27, '2020-03-05 19:39:52', NULL, 2, 1),
(8735, 475, 8, '2020-03-05 19:39:52', NULL, 2, 1),
(8736, 475, 7, '2020-03-05 19:39:52', NULL, 2, 1),
(8737, 471, 25, '2020-03-05 20:07:40', NULL, 2, 1),
(8738, 471, 30, '2020-03-05 20:07:40', NULL, 2, 1),
(8739, 471, 29, '2020-03-05 20:07:40', NULL, 2, 1),
(8740, 471, 28, '2020-03-05 20:07:40', NULL, 2, 1),
(8741, 471, 26, '2020-03-05 20:07:40', NULL, 2, 1),
(8742, 471, 13, '2020-03-05 20:07:40', NULL, 2, 1),
(8743, 471, 15, '2020-03-05 20:07:40', NULL, 2, 1),
(8744, 471, 27, '2020-03-05 20:07:40', NULL, 2, 1),
(8745, 471, 8, '2020-03-05 20:07:40', NULL, 2, 1),
(8746, 471, 7, '2020-03-05 20:07:40', NULL, 2, 1),
(8747, 476, 29, '2020-03-05 20:08:52', NULL, 2, 1),
(8748, 476, 13, '2020-03-05 20:08:52', NULL, 2, 1),
(8749, 476, 15, '2020-03-05 20:08:52', NULL, 2, 1),
(8750, 476, 27, '2020-03-05 20:08:52', NULL, 2, 1),
(8751, 476, 8, '2020-03-05 20:08:52', NULL, 2, 1),
(8752, 476, 7, '2020-03-05 20:08:52', NULL, 2, 1),
(8753, 479, 30, '2020-03-05 20:09:53', NULL, 2, 1),
(8754, 479, 29, '2020-03-05 20:09:53', NULL, 2, 1),
(8755, 479, 28, '2020-03-05 20:09:53', NULL, 2, 1),
(8756, 479, 13, '2020-03-05 20:09:53', NULL, 2, 1),
(8757, 479, 15, '2020-03-05 20:09:53', NULL, 2, 1),
(8758, 479, 27, '2020-03-05 20:09:53', NULL, 2, 1),
(8759, 479, 8, '2020-03-05 20:09:53', NULL, 2, 1),
(8760, 479, 7, '2020-03-05 20:09:53', NULL, 2, 1),
(8761, 473, 30, '2020-03-05 21:23:30', NULL, 2, 1),
(8762, 473, 29, '2020-03-05 21:23:30', NULL, 2, 1),
(8763, 473, 28, '2020-03-05 21:23:30', NULL, 2, 1),
(8764, 473, 13, '2020-03-05 21:23:30', NULL, 2, 1),
(8765, 473, 15, '2020-03-05 21:23:30', NULL, 2, 1),
(8766, 473, 27, '2020-03-05 21:23:30', NULL, 2, 1),
(8767, 473, 8, '2020-03-05 21:23:30', NULL, 2, 1),
(8768, 473, 7, '2020-03-05 21:23:30', NULL, 2, 1),
(8895, 308, 13, '2020-03-10 19:55:35', NULL, 36, 1),
(8896, 308, 15, '2020-03-10 19:55:35', NULL, 36, 1),
(8897, 308, 10, '2020-03-10 19:55:35', NULL, 36, 1),
(8898, 308, 27, '2020-03-10 19:55:35', NULL, 36, 1),
(8899, 308, 11, '2020-03-10 19:55:35', NULL, 36, 1),
(8900, 308, 8, '2020-03-10 19:55:35', NULL, 36, 1),
(8901, 308, 22, '2020-03-10 19:55:35', NULL, 36, 1),
(8902, 308, 21, '2020-03-10 19:55:35', NULL, 36, 1),
(8903, 308, 7, '2020-03-10 19:55:35', NULL, 36, 1),
(8904, 481, 30, '2020-03-12 22:29:20', NULL, 2, 1),
(8905, 481, 29, '2020-03-12 22:29:20', NULL, 2, 1),
(8906, 481, 28, '2020-03-12 22:29:20', NULL, 2, 1),
(8907, 481, 13, '2020-03-12 22:29:20', NULL, 2, 1),
(8908, 481, 15, '2020-03-12 22:29:20', NULL, 2, 1),
(8909, 481, 27, '2020-03-12 22:29:20', NULL, 2, 1),
(8910, 481, 8, '2020-03-12 22:29:20', NULL, 2, 1),
(8911, 481, 7, '2020-03-12 22:29:20', NULL, 2, 1),
(8912, 482, 30, '2020-03-12 22:33:25', NULL, 2, 1),
(8913, 482, 29, '2020-03-12 22:33:25', NULL, 2, 1),
(8914, 482, 28, '2020-03-12 22:33:25', NULL, 2, 1),
(8915, 482, 26, '2020-03-12 22:33:25', NULL, 2, 1),
(8916, 482, 13, '2020-03-12 22:33:25', NULL, 2, 1),
(8917, 482, 15, '2020-03-12 22:33:25', NULL, 2, 1),
(8918, 482, 27, '2020-03-12 22:33:25', NULL, 2, 1),
(8919, 482, 8, '2020-03-12 22:33:25', NULL, 2, 1),
(8920, 482, 7, '2020-03-12 22:33:25', NULL, 2, 1);

-- --------------------------------------------------------

--
-- Estrutura para tabela `loja_frete`
--

CREATE TABLE `loja_frete` (
  `id` int(11) NOT NULL,
  `id_loja` int(11) NOT NULL,
  `id_cidade` int(11) NOT NULL,
  `id_bairro` int(11) NOT NULL,
  `valor_frete` decimal(10,2) NOT NULL DEFAULT '0.00',
  `data_cadastro` timestamp NOT NULL DEFAULT CURRENT_TIMESTAMP,
  `data_alteracao` timestamp NULL DEFAULT NULL ON UPDATE CURRENT_TIMESTAMP,
  `id_update_user` int(11) DEFAULT NULL,
  `status` tinyint(1) NOT NULL DEFAULT '1'
) ENGINE=InnoDB DEFAULT CHARSET=utf8 ROW_FORMAT=COMPACT;

--
-- Fazendo dump de dados para tabela `loja_frete`
--

INSERT INTO `loja_frete` (`id`, `id_loja`, `id_cidade`, `id_bairro`, `valor_frete`, `data_cadastro`, `data_alteracao`, `id_update_user`, `status`) VALUES
(10, 256, 4, 72, '3.00', '2019-09-03 20:42:45', NULL, 32, 1),
(11, 228, 4, 105, '0.00', '2019-09-15 19:57:06', NULL, 2, 1),
(12, 333, 4, 105, '0.00', '2019-11-29 18:17:59', NULL, 2, 1),
(13, 333, 4, 104, '0.00', '2019-11-29 18:18:34', NULL, 2, 1),
(16, 475, 4, 111, '5.00', '2020-02-29 18:22:31', NULL, 35, 1),
(17, 475, 4, 112, '5.00', '2020-02-29 18:22:54', NULL, 35, 1),
(18, 475, 4, 113, '5.00', '2020-02-29 18:23:14', NULL, 35, 1),
(19, 475, 4, 114, '5.00', '2020-02-29 18:23:43', NULL, 35, 1),
(20, 475, 4, 115, '3.00', '2020-02-29 18:23:58', NULL, 35, 1),
(21, 475, 4, 106, '6.00', '2020-02-29 18:24:19', NULL, 35, 1),
(22, 475, 4, 107, '4.00', '2020-02-29 18:24:33', NULL, 35, 1),
(23, 475, 4, 108, '3.00', '2020-02-29 18:24:47', NULL, 35, 1),
(24, 475, 4, 109, '4.00', '2020-02-29 18:25:02', NULL, 35, 1),
(25, 475, 4, 110, '4.00', '2020-02-29 18:25:21', NULL, 35, 1),
(26, 475, 4, 98, '3.00', '2020-02-29 18:25:41', NULL, 35, 1),
(27, 475, 4, 99, '3.00', '2020-02-29 18:25:55', NULL, 35, 1),
(28, 475, 4, 100, '3.00', '2020-02-29 18:26:10', NULL, 35, 1),
(29, 475, 4, 101, '3.00', '2020-02-29 18:26:23', NULL, 35, 1),
(30, 475, 4, 102, '6.00', '2020-02-29 18:26:40', NULL, 35, 1),
(31, 475, 4, 103, '4.00', '2020-02-29 18:26:52', NULL, 35, 1),
(32, 475, 4, 104, '2.00', '2020-02-29 18:27:05', NULL, 35, 1),
(33, 475, 4, 105, '2.00', '2020-02-29 18:27:17', NULL, 35, 1),
(34, 475, 4, 89, '3.00', '2020-02-29 18:27:44', NULL, 35, 1),
(35, 475, 4, 90, '6.00', '2020-02-29 18:27:56', NULL, 35, 1),
(36, 475, 4, 91, '5.00', '2020-02-29 18:28:09', NULL, 35, 1),
(37, 475, 4, 92, '3.00', '2020-02-29 18:28:27', NULL, 35, 1),
(38, 475, 4, 93, '4.00', '2020-02-29 18:28:52', NULL, 35, 1),
(39, 475, 4, 94, '4.00', '2020-02-29 18:29:07', NULL, 35, 1),
(40, 475, 4, 95, '4.00', '2020-02-29 18:29:22', NULL, 35, 1),
(41, 475, 4, 96, '4.00', '2020-02-29 18:29:36', NULL, 35, 1),
(42, 475, 4, 97, '4.00', '2020-02-29 18:29:47', NULL, 35, 1),
(43, 475, 4, 80, '4.00', '2020-02-29 18:30:07', NULL, 35, 1),
(44, 475, 4, 81, '3.00', '2020-02-29 18:30:17', NULL, 35, 1),
(45, 475, 4, 82, '6.00', '2020-02-29 18:30:28', NULL, 35, 1),
(46, 475, 4, 83, '4.00', '2020-02-29 18:30:43', NULL, 35, 1),
(47, 475, 4, 84, '4.00', '2020-02-29 18:30:56', NULL, 35, 1),
(48, 475, 4, 85, '5.00', '2020-02-29 18:31:06', NULL, 35, 1),
(49, 475, 4, 86, '4.00', '2020-02-29 18:31:14', NULL, 35, 1),
(50, 475, 4, 87, '4.00', '2020-02-29 18:31:26', NULL, 35, 1),
(51, 475, 4, 88, '4.00', '2020-02-29 18:31:38', NULL, 35, 1),
(52, 475, 4, 71, '4.00', '2020-02-29 18:31:59', NULL, 35, 1),
(53, 475, 4, 72, '5.00', '2020-02-29 18:32:08', NULL, 35, 1),
(54, 475, 4, 73, '4.00', '2020-02-29 18:32:18', NULL, 35, 1),
(55, 475, 4, 74, '3.00', '2020-02-29 18:32:27', NULL, 35, 1),
(56, 475, 4, 75, '3.00', '2020-02-29 18:32:40', NULL, 35, 1),
(57, 475, 4, 76, '3.00', '2020-02-29 18:32:50', NULL, 35, 1),
(58, 475, 4, 77, '3.00', '2020-02-29 18:32:58', NULL, 35, 1),
(59, 475, 4, 78, '3.00', '2020-02-29 18:33:09', NULL, 35, 1),
(60, 475, 4, 79, '6.00', '2020-02-29 18:33:17', NULL, 35, 1);

-- --------------------------------------------------------

--
-- Estrutura para tabela `loja_horario`
--

CREATE TABLE `loja_horario` (
  `id` int(11) NOT NULL,
  `id_loja` int(11) NOT NULL,
  `dia` enum('Domingo','Segunda','Terça','Quarta','Quinta','Sexta','Sábado') NOT NULL,
  `hora_inicio` time DEFAULT '00:00:00',
  `hora_fim` time DEFAULT '00:00:00',
  `data_cadastro` timestamp NOT NULL DEFAULT CURRENT_TIMESTAMP,
  `data_alteracao` timestamp NULL DEFAULT NULL ON UPDATE CURRENT_TIMESTAMP,
  `id_update_user` int(11) DEFAULT NULL,
  `status` tinyint(1) NOT NULL DEFAULT '1'
) ENGINE=InnoDB DEFAULT CHARSET=utf8;

--
-- Fazendo dump de dados para tabela `loja_horario`
--

INSERT INTO `loja_horario` (`id`, `id_loja`, `dia`, `hora_inicio`, `hora_fim`, `data_cadastro`, `data_alteracao`, `id_update_user`, `status`) VALUES
(5048, 216, 'Domingo', '11:00:00', '00:00:00', '2019-04-12 23:28:24', NULL, 4, 1),
(5049, 216, 'Terça', '11:00:00', '00:00:00', '2019-04-12 23:28:24', NULL, 4, 1),
(5050, 216, 'Quarta', '11:00:00', '00:00:00', '2019-04-12 23:28:24', NULL, 4, 1),
(5051, 216, 'Quinta', '11:00:00', '00:00:00', '2019-04-12 23:28:24', NULL, 4, 1),
(5052, 216, 'Sexta', '11:00:00', '00:00:00', '2019-04-12 23:28:24', NULL, 4, 1),
(5053, 216, 'Sábado', '11:00:00', '00:00:00', '2019-04-12 23:28:24', NULL, 4, 1),
(7065, 241, 'Segunda', '07:30:00', '17:30:00', '2019-09-10 03:27:13', NULL, NULL, 1),
(7066, 241, 'Terça', '07:30:00', '17:30:00', '2019-09-10 03:27:13', NULL, NULL, 1),
(7067, 241, 'Quarta', '07:30:00', '17:30:00', '2019-09-10 03:27:13', NULL, NULL, 1),
(7068, 241, 'Quinta', '07:30:00', '17:30:00', '2019-09-10 03:27:13', NULL, NULL, 1),
(7069, 241, 'Sexta', '07:30:00', '17:30:00', '2019-09-10 03:27:13', NULL, NULL, 1),
(7070, 241, 'Sábado', '07:30:00', '14:00:00', '2019-09-10 03:27:13', NULL, NULL, 1),
(7071, 258, 'Segunda', '07:40:00', '21:10:00', '2019-09-10 03:27:29', NULL, NULL, 1),
(7072, 258, 'Terça', '07:40:00', '21:10:00', '2019-09-10 03:27:29', NULL, NULL, 1),
(7073, 258, 'Quarta', '07:40:00', '21:10:00', '2019-09-10 03:27:29', NULL, NULL, 1),
(7074, 258, 'Quinta', '07:40:00', '21:10:00', '2019-09-10 03:27:29', NULL, NULL, 1),
(7075, 258, 'Sexta', '07:40:00', '21:10:00', '2019-09-10 03:27:29', NULL, NULL, 1),
(7076, 258, 'Sábado', '07:40:00', '17:00:00', '2019-09-10 03:27:29', NULL, NULL, 1),
(7084, 239, 'Segunda', '07:00:00', '17:00:00', '2019-09-10 03:28:02', NULL, NULL, 1),
(7085, 239, 'Terça', '07:00:00', '17:00:00', '2019-09-10 03:28:02', NULL, NULL, 1),
(7086, 239, 'Quarta', '07:00:00', '17:00:00', '2019-09-10 03:28:02', NULL, NULL, 1),
(7087, 239, 'Quinta', '07:00:00', '17:00:00', '2019-09-10 03:28:02', NULL, NULL, 1),
(7088, 239, 'Sexta', '07:00:00', '17:00:00', '2019-09-10 03:28:02', NULL, NULL, 1),
(7089, 239, 'Sábado', '07:00:00', '14:00:00', '2019-09-10 03:28:02', NULL, NULL, 1),
(7114, 235, 'Terça', '08:00:00', '18:00:00', '2019-09-10 03:33:31', NULL, NULL, 1),
(7115, 235, 'Segunda', '08:00:00', '18:00:00', '2019-09-10 03:33:31', NULL, NULL, 1),
(7116, 235, 'Quarta', '08:00:00', '18:00:00', '2019-09-10 03:33:31', NULL, NULL, 1),
(7117, 235, 'Quinta', '08:00:00', '18:00:00', '2019-09-10 03:33:31', NULL, NULL, 1),
(7118, 235, 'Sexta', '08:00:00', '18:00:00', '2019-09-10 03:33:31', NULL, NULL, 1),
(7119, 235, 'Sábado', '08:00:00', '12:00:00', '2019-09-10 03:33:31', NULL, NULL, 1),
(7133, 260, 'Segunda', '07:00:00', '17:00:00', '2019-09-10 03:34:11', NULL, NULL, 1),
(7134, 260, 'Terça', '07:00:00', '17:00:00', '2019-09-10 03:34:11', NULL, NULL, 1),
(7135, 260, 'Quarta', '07:00:00', '17:00:00', '2019-09-10 03:34:11', NULL, NULL, 1),
(7136, 260, 'Quinta', '07:00:00', '17:00:00', '2019-09-10 03:34:11', NULL, NULL, 1),
(7137, 260, 'Sexta', '07:00:00', '17:00:00', '2019-09-10 03:34:11', NULL, NULL, 1),
(7178, 230, 'Segunda', '07:30:00', '17:30:00', '2019-09-10 03:37:06', NULL, NULL, 1),
(7179, 230, 'Terça', '07:30:00', '17:30:00', '2019-09-10 03:37:06', NULL, NULL, 1),
(7180, 230, 'Quarta', '07:30:00', '17:30:00', '2019-09-10 03:37:06', NULL, NULL, 1),
(7181, 230, 'Quinta', '07:30:00', '17:30:00', '2019-09-10 03:37:06', NULL, NULL, 1),
(7182, 230, 'Sexta', '07:30:00', '17:30:00', '2019-09-10 03:37:06', NULL, NULL, 1),
(7183, 230, 'Sábado', '07:30:00', '13:30:00', '2019-09-10 03:37:06', NULL, NULL, 1),
(7184, 255, 'Segunda', '07:30:00', '17:30:00', '2019-09-10 03:37:22', NULL, NULL, 1),
(7185, 255, 'Terça', '07:30:00', '17:30:00', '2019-09-10 03:37:22', NULL, NULL, 1),
(7186, 255, 'Quarta', '07:30:00', '17:30:00', '2019-09-10 03:37:22', NULL, NULL, 1),
(7187, 255, 'Quinta', '07:30:00', '17:30:00', '2019-09-10 03:37:22', NULL, NULL, 1),
(7188, 255, 'Sexta', '07:30:00', '17:30:00', '2019-09-10 03:37:22', NULL, NULL, 1),
(7189, 255, 'Sábado', '07:00:00', '12:00:00', '2019-09-10 03:37:22', NULL, NULL, 1),
(7197, 243, 'Segunda', '07:00:00', '17:00:00', '2019-09-10 03:39:46', NULL, NULL, 1),
(7198, 243, 'Terça', '07:00:00', '17:00:00', '2019-09-10 03:39:46', NULL, NULL, 1),
(7199, 243, 'Quarta', '07:00:00', '17:00:00', '2019-09-10 03:39:46', NULL, NULL, 1),
(7200, 243, 'Quinta', '07:00:00', '17:00:00', '2019-09-10 03:39:46', NULL, NULL, 1),
(7201, 243, 'Sexta', '07:00:00', '17:00:00', '2019-09-10 03:39:46', NULL, NULL, 1),
(7202, 243, 'Sábado', '07:00:00', '12:00:00', '2019-09-10 03:39:46', NULL, NULL, 1),
(7215, 231, 'Segunda', '08:00:00', '20:00:00', '2019-09-10 03:49:57', NULL, NULL, 1),
(7216, 231, 'Terça', '08:00:00', '20:00:00', '2019-09-10 03:49:57', NULL, NULL, 1),
(7217, 231, 'Quarta', '08:00:00', '20:00:00', '2019-09-10 03:49:57', NULL, NULL, 1),
(7218, 231, 'Quinta', '08:00:00', '20:00:00', '2019-09-10 03:49:57', NULL, NULL, 1),
(7219, 231, 'Sexta', '08:00:00', '20:00:00', '2019-09-10 03:49:57', NULL, NULL, 1),
(7220, 231, 'Sábado', '07:00:00', '17:00:00', '2019-09-10 03:49:57', NULL, NULL, 1),
(7221, 245, 'Segunda', '07:00:00', '17:50:00', '2019-09-10 03:50:22', NULL, NULL, 1),
(7222, 245, 'Terça', '07:00:00', '17:50:00', '2019-09-10 03:50:22', NULL, NULL, 1),
(7223, 245, 'Quarta', '07:00:00', '17:50:00', '2019-09-10 03:50:22', NULL, NULL, 1),
(7224, 245, 'Quinta', '07:00:00', '17:50:00', '2019-09-10 03:50:22', NULL, NULL, 1),
(7225, 245, 'Sexta', '07:00:00', '17:50:00', '2019-09-10 03:50:22', NULL, NULL, 1),
(7226, 225, 'Segunda', '06:00:00', '22:00:00', '2019-09-10 03:50:46', NULL, NULL, 1),
(7227, 225, 'Terça', '06:00:00', '22:00:00', '2019-09-10 03:50:46', NULL, NULL, 1),
(7228, 225, 'Quarta', '06:00:00', '22:00:00', '2019-09-10 03:50:46', NULL, NULL, 1),
(7229, 225, 'Quinta', '06:00:00', '22:00:00', '2019-09-10 03:50:46', NULL, NULL, 1),
(7230, 225, 'Sexta', '06:00:00', '22:00:00', '2019-09-10 03:50:46', NULL, NULL, 1),
(7231, 225, 'Sábado', '06:00:00', '22:00:00', '2019-09-10 03:50:46', NULL, NULL, 1),
(7232, 226, 'Domingo', '07:00:00', '15:00:00', '2019-09-10 03:51:04', NULL, NULL, 1),
(7233, 226, 'Segunda', '07:00:00', '15:00:00', '2019-09-10 03:51:04', NULL, NULL, 1),
(7234, 226, 'Terça', '07:00:00', '15:00:00', '2019-09-10 03:51:04', NULL, NULL, 1),
(7235, 226, 'Quarta', '07:00:00', '15:00:00', '2019-09-10 03:51:04', NULL, NULL, 1),
(7236, 226, 'Quinta', '07:00:00', '15:00:00', '2019-09-10 03:51:04', NULL, NULL, 1),
(7237, 226, 'Sexta', '07:00:00', '15:00:00', '2019-09-10 03:51:04', NULL, NULL, 1),
(7238, 226, 'Sábado', '07:00:00', '15:00:00', '2019-09-10 03:51:04', NULL, NULL, 1),
(7244, 238, 'Segunda', '07:00:00', '17:00:00', '2019-09-10 03:51:44', NULL, NULL, 1),
(7245, 238, 'Terça', '07:00:00', '17:00:00', '2019-09-10 03:51:44', NULL, NULL, 1),
(7246, 238, 'Quarta', '07:00:00', '17:00:00', '2019-09-10 03:51:44', NULL, NULL, 1),
(7247, 238, 'Quinta', '07:00:00', '17:00:00', '2019-09-10 03:51:44', NULL, NULL, 1),
(7248, 238, 'Sexta', '07:00:00', '17:00:00', '2019-09-10 03:51:44', NULL, NULL, 1),
(7249, 238, 'Sábado', '07:00:00', '12:00:00', '2019-09-10 03:51:44', NULL, NULL, 1),
(7256, 302, 'Segunda', '07:00:00', '17:00:00', '2019-09-10 04:00:23', NULL, NULL, 1),
(7257, 302, 'Terça', '07:00:00', '17:00:00', '2019-09-10 04:00:23', NULL, NULL, 1),
(7258, 302, 'Quarta', '07:00:00', '17:00:00', '2019-09-10 04:00:23', NULL, NULL, 1),
(7259, 302, 'Quinta', '07:00:00', '17:00:00', '2019-09-10 04:00:23', NULL, NULL, 1),
(7260, 302, 'Sexta', '07:00:00', '17:00:00', '2019-09-10 04:00:23', NULL, NULL, 1),
(7261, 302, 'Sábado', '07:00:00', '13:00:00', '2019-09-10 04:00:23', NULL, NULL, 1),
(7262, 234, 'Segunda', '07:30:00', '17:30:00', '2019-09-10 04:01:15', NULL, NULL, 1),
(7263, 234, 'Terça', '07:30:00', '17:30:00', '2019-09-10 04:01:15', NULL, NULL, 1),
(7264, 234, 'Quarta', '07:30:00', '17:30:00', '2019-09-10 04:01:15', NULL, NULL, 1),
(7265, 234, 'Quinta', '07:30:00', '17:30:00', '2019-09-10 04:01:15', NULL, NULL, 1),
(7266, 234, 'Sexta', '07:30:00', '17:30:00', '2019-09-10 04:01:15', NULL, NULL, 1),
(7267, 234, 'Sábado', '07:30:00', '12:00:00', '2019-09-10 04:01:15', NULL, NULL, 1),
(7268, 236, 'Domingo', '14:00:00', '22:00:00', '2019-09-10 04:08:53', NULL, NULL, 1),
(7269, 236, 'Segunda', '14:00:00', '22:00:00', '2019-09-10 04:08:53', NULL, NULL, 1),
(7270, 236, 'Terça', '14:00:00', '22:00:00', '2019-09-10 04:08:53', NULL, NULL, 1),
(7271, 236, 'Quarta', '14:00:00', '22:00:00', '2019-09-10 04:08:53', NULL, NULL, 1),
(7272, 236, 'Quinta', '14:00:00', '22:00:00', '2019-09-10 04:08:53', NULL, NULL, 1),
(7273, 236, 'Sexta', '14:00:00', '22:00:00', '2019-09-10 04:08:53', NULL, NULL, 1),
(7274, 236, 'Sábado', '14:00:00', '22:00:00', '2019-09-10 04:08:53', NULL, NULL, 1),
(7321, 270, 'Domingo', '00:00:00', '23:59:00', '2019-09-10 04:46:19', NULL, NULL, 1),
(7322, 270, 'Segunda', '00:00:00', '23:59:00', '2019-09-10 04:46:19', NULL, NULL, 1),
(7323, 270, 'Terça', '00:00:00', '23:59:00', '2019-09-10 04:46:19', NULL, NULL, 1),
(7324, 270, 'Quarta', '00:00:00', '23:59:00', '2019-09-10 04:46:19', NULL, NULL, 1),
(7325, 270, 'Quinta', '00:00:00', '23:59:00', '2019-09-10 04:46:19', NULL, NULL, 1),
(7326, 270, 'Sexta', '00:00:00', '23:59:00', '2019-09-10 04:46:19', NULL, NULL, 1),
(7327, 270, 'Sábado', '00:00:00', '23:59:00', '2019-09-10 04:46:19', NULL, NULL, 1),
(7367, 256, 'Domingo', '00:00:00', '23:59:00', '2019-09-13 18:37:01', NULL, 2, 1),
(7368, 256, 'Segunda', '00:00:00', '23:59:00', '2019-09-13 18:37:01', NULL, 2, 1),
(7369, 256, 'Terça', '00:00:00', '23:59:00', '2019-09-13 18:37:01', NULL, 2, 1),
(7370, 256, 'Quarta', '00:00:00', '23:59:00', '2019-09-13 18:37:01', NULL, 2, 1),
(7371, 256, 'Quinta', '00:00:00', '23:59:00', '2019-09-13 18:37:01', NULL, 2, 1),
(7372, 256, 'Sexta', '00:00:00', '23:59:00', '2019-09-13 18:37:01', NULL, 2, 1),
(7373, 256, 'Sábado', '00:00:00', '23:59:00', '2019-09-13 18:37:01', NULL, 2, 1),
(7374, 256, 'Quarta', '00:00:00', '23:59:00', '2019-09-13 18:37:01', NULL, 2, 1),
(7453, 306, 'Segunda', '07:00:00', '11:45:00', '2019-09-20 13:53:07', NULL, 2, 1),
(7454, 306, 'Segunda', '18:00:00', '22:15:00', '2019-09-20 13:53:07', NULL, 2, 1),
(7455, 306, 'Terça', '07:00:00', '11:45:00', '2019-09-20 13:53:07', NULL, 2, 1),
(7456, 306, 'Terça', '18:00:00', '22:15:00', '2019-09-20 13:53:07', NULL, 2, 1),
(7457, 306, 'Quarta', '07:00:00', '11:45:00', '2019-09-20 13:53:07', NULL, 2, 1),
(7458, 306, 'Quarta', '18:00:00', '22:15:00', '2019-09-20 13:53:07', NULL, 2, 1),
(7459, 306, 'Quinta', '07:00:00', '11:45:00', '2019-09-20 13:53:07', NULL, 2, 1),
(7460, 306, 'Quinta', '18:00:00', '22:15:00', '2019-09-20 13:53:07', NULL, 2, 1),
(7461, 306, 'Sexta', '07:00:00', '11:45:00', '2019-09-20 13:53:07', NULL, 2, 1),
(7462, 306, 'Sexta', '18:00:00', '22:15:00', '2019-09-20 13:53:07', NULL, 2, 1),
(7549, 312, 'Segunda', '08:00:00', '17:00:00', '2019-09-24 23:55:55', NULL, NULL, 1),
(7550, 312, 'Terça', '08:00:00', '17:00:00', '2019-09-24 23:55:55', NULL, NULL, 1),
(7551, 312, 'Quarta', '08:00:00', '17:00:00', '2019-09-24 23:55:55', NULL, NULL, 1),
(7552, 312, 'Quinta', '08:00:00', '17:00:00', '2019-09-24 23:55:55', NULL, NULL, 1),
(7553, 312, 'Sexta', '08:00:00', '17:00:00', '2019-09-24 23:55:55', NULL, NULL, 1),
(7554, 312, 'Sábado', '08:00:00', '13:00:00', '2019-09-24 23:55:55', NULL, NULL, 1),
(7620, 276, 'Domingo', '15:00:00', '23:00:00', '2019-10-04 00:46:15', NULL, NULL, 1),
(7621, 276, 'Segunda', '15:00:00', '23:00:00', '2019-10-04 00:46:15', NULL, NULL, 1),
(7622, 276, 'Terça', '15:00:00', '23:00:00', '2019-10-04 00:46:15', NULL, NULL, 1),
(7623, 276, 'Quarta', '15:00:00', '23:00:00', '2019-10-04 00:46:15', NULL, NULL, 1),
(7624, 276, 'Quinta', '15:00:00', '23:00:00', '2019-10-04 00:46:15', NULL, NULL, 1),
(7625, 276, 'Sexta', '15:00:00', '23:00:00', '2019-10-04 00:46:15', NULL, NULL, 1),
(7626, 276, 'Sábado', '15:00:00', '23:00:00', '2019-10-04 00:46:15', NULL, NULL, 1),
(7645, 274, 'Segunda', '08:00:00', '18:00:00', '2019-10-04 21:51:31', NULL, NULL, 1),
(7646, 274, 'Terça', '08:00:00', '18:00:00', '2019-10-04 21:51:31', NULL, NULL, 1),
(7647, 274, 'Quarta', '08:00:00', '18:00:00', '2019-10-04 21:51:31', NULL, NULL, 1),
(7648, 274, 'Quinta', '08:00:00', '18:00:00', '2019-10-04 21:51:31', NULL, NULL, 1),
(7649, 274, 'Sexta', '08:00:00', '18:00:00', '2019-10-04 21:51:31', NULL, NULL, 1),
(7650, 274, 'Sábado', '08:00:00', '18:00:00', '2019-10-04 21:51:31', NULL, NULL, 1),
(7671, 321, 'Segunda', '08:00:00', '17:00:00', '2019-10-05 22:09:57', NULL, NULL, 1),
(7672, 321, 'Terça', '08:00:00', '17:00:00', '2019-10-05 22:09:57', NULL, NULL, 1),
(7673, 321, 'Quarta', '08:00:00', '17:00:00', '2019-10-05 22:09:57', NULL, NULL, 1),
(7674, 321, 'Quinta', '08:00:00', '17:00:00', '2019-10-05 22:09:57', NULL, NULL, 1),
(7675, 321, 'Sexta', '08:00:00', '17:00:00', '2019-10-05 22:09:57', NULL, NULL, 1),
(7676, 321, 'Sábado', '08:00:00', '13:00:00', '2019-10-05 22:09:57', NULL, NULL, 1),
(7691, 326, 'Segunda', '08:00:00', '17:00:00', '2019-10-08 00:17:13', NULL, NULL, 1),
(7692, 326, 'Terça', '08:00:00', '17:00:00', '2019-10-08 00:17:13', NULL, NULL, 1),
(7693, 326, 'Quarta', '08:00:00', '17:00:00', '2019-10-08 00:17:13', NULL, NULL, 1),
(7694, 326, 'Quinta', '08:00:00', '17:00:00', '2019-10-08 00:17:13', NULL, NULL, 1),
(7695, 326, 'Sexta', '08:00:00', '17:00:00', '2019-10-08 00:17:13', NULL, NULL, 1),
(7696, 326, 'Sábado', '08:00:00', '12:00:00', '2019-10-08 00:17:13', NULL, NULL, 1),
(7896, 331, 'Segunda', '05:00:00', '23:00:00', '2019-10-14 23:23:59', NULL, NULL, 1),
(7897, 331, 'Terça', '05:00:00', '23:00:00', '2019-10-14 23:23:59', NULL, NULL, 1),
(7898, 331, 'Quarta', '05:00:00', '23:00:00', '2019-10-14 23:23:59', NULL, NULL, 1),
(7899, 331, 'Quinta', '05:00:00', '23:00:00', '2019-10-14 23:23:59', NULL, NULL, 1),
(7900, 331, 'Sexta', '05:00:00', '23:00:00', '2019-10-14 23:23:59', NULL, NULL, 1),
(7901, 331, 'Sábado', '08:00:00', '11:00:00', '2019-10-14 23:23:59', NULL, NULL, 1),
(7902, 331, 'Sábado', '14:00:00', '18:00:00', '2019-10-14 23:23:59', NULL, NULL, 1),
(7903, 331, 'Domingo', '09:00:00', '11:00:00', '2019-10-14 23:23:59', NULL, NULL, 1),
(7975, 254, 'Segunda', '07:30:00', '17:00:00', '2020-01-21 23:32:46', NULL, 2, 1),
(7976, 254, 'Terça', '07:30:00', '17:00:00', '2020-01-21 23:32:46', NULL, 2, 1),
(7977, 254, 'Quarta', '07:30:00', '17:00:00', '2020-01-21 23:32:46', NULL, 2, 1),
(7978, 254, 'Quinta', '07:30:00', '17:00:00', '2020-01-21 23:32:46', NULL, 2, 1),
(7979, 254, 'Sexta', '07:30:00', '17:00:00', '2020-01-21 23:32:46', NULL, 2, 1),
(8074, 342, 'Segunda', '07:00:00', '17:30:00', '2020-01-22 18:45:10', NULL, 2, 1),
(8075, 342, 'Terça', '07:00:00', '17:30:00', '2020-01-22 18:45:10', NULL, 2, 1),
(8076, 342, 'Quarta', '07:00:00', '17:30:00', '2020-01-22 18:45:10', NULL, 2, 1),
(8077, 342, 'Quinta', '07:00:00', '17:30:00', '2020-01-22 18:45:10', NULL, 2, 1),
(8078, 342, 'Sexta', '07:00:00', '17:30:00', '2020-01-22 18:45:10', NULL, 2, 1),
(8079, 342, 'Sábado', '07:00:00', '12:00:00', '2020-01-22 18:45:10', NULL, 2, 1),
(8213, 351, 'Segunda', '07:00:00', '17:30:00', '2020-01-23 20:02:14', NULL, 2, 1),
(8214, 351, 'Terça', '07:00:00', '17:30:00', '2020-01-23 20:02:14', NULL, 2, 1),
(8215, 351, 'Quarta', '07:00:00', '17:30:00', '2020-01-23 20:02:14', NULL, 2, 1),
(8216, 351, 'Quinta', '07:00:00', '17:30:00', '2020-01-23 20:02:14', NULL, 2, 1),
(8217, 351, 'Sexta', '07:00:00', '17:30:00', '2020-01-23 20:02:14', NULL, 2, 1),
(8218, 351, 'Sábado', '07:00:00', '13:00:00', '2020-01-23 20:02:14', NULL, 2, 1),
(8219, 348, 'Segunda', '08:00:00', '18:00:00', '2020-01-23 20:03:02', NULL, 2, 1),
(8220, 348, 'Terça', '08:00:00', '18:00:00', '2020-01-23 20:03:02', NULL, 2, 1),
(8221, 348, 'Quarta', '08:00:00', '18:00:00', '2020-01-23 20:03:02', NULL, 2, 1),
(8222, 348, 'Quinta', '08:00:00', '18:00:00', '2020-01-23 20:03:02', NULL, 2, 1),
(8223, 348, 'Sexta', '08:00:00', '18:00:00', '2020-01-23 20:03:02', NULL, 2, 1),
(8224, 348, 'Sábado', '08:00:00', '14:00:00', '2020-01-23 20:03:02', NULL, 2, 1),
(8225, 347, 'Segunda', '08:00:00', '17:30:00', '2020-01-23 20:04:06', NULL, 2, 1),
(8226, 347, 'Terça', '08:00:00', '17:30:00', '2020-01-23 20:04:06', NULL, 2, 1),
(8227, 347, 'Quarta', '08:00:00', '17:30:00', '2020-01-23 20:04:06', NULL, 2, 1),
(8228, 347, 'Quinta', '08:00:00', '17:30:00', '2020-01-23 20:04:06', NULL, 2, 1),
(8229, 347, 'Sexta', '08:00:00', '17:30:00', '2020-01-23 20:04:06', NULL, 2, 1),
(8230, 347, 'Sábado', '08:00:00', '13:00:00', '2020-01-23 20:04:06', NULL, 2, 1),
(8237, 349, 'Domingo', '07:00:00', '22:00:00', '2020-01-23 20:05:43', NULL, 2, 1),
(8238, 349, 'Segunda', '07:00:00', '22:00:00', '2020-01-23 20:05:43', NULL, 2, 1),
(8239, 349, 'Terça', '07:00:00', '22:00:00', '2020-01-23 20:05:43', NULL, 2, 1),
(8240, 349, 'Quarta', '07:00:00', '22:00:00', '2020-01-23 20:05:43', NULL, 2, 1),
(8241, 349, 'Quinta', '07:00:00', '22:00:00', '2020-01-23 20:05:43', NULL, 2, 1),
(8242, 349, 'Sexta', '07:00:00', '22:00:00', '2020-01-23 20:05:43', NULL, 2, 1),
(8243, 349, 'Sábado', '07:00:00', '22:00:00', '2020-01-23 20:05:43', NULL, 2, 1),
(8244, 350, 'Segunda', '07:00:00', '17:00:00', '2020-01-23 20:06:22', NULL, 2, 1),
(8245, 350, 'Terça', '07:00:00', '17:00:00', '2020-01-23 20:06:22', NULL, 2, 1),
(8246, 350, 'Quarta', '07:00:00', '17:00:00', '2020-01-23 20:06:22', NULL, 2, 1),
(8247, 350, 'Quinta', '07:00:00', '17:00:00', '2020-01-23 20:06:22', NULL, 2, 1),
(8248, 350, 'Sexta', '07:00:00', '17:00:00', '2020-01-23 20:06:22', NULL, 2, 1),
(8249, 350, 'Sábado', '07:00:00', '14:00:00', '2020-01-23 20:06:22', NULL, 2, 1),
(8278, 354, 'Segunda', '08:00:00', '17:00:00', '2020-01-26 20:08:41', NULL, 2, 1),
(8279, 354, 'Terça', '08:00:00', '17:00:00', '2020-01-26 20:08:41', NULL, 2, 1),
(8280, 354, 'Quarta', '08:00:00', '17:00:00', '2020-01-26 20:08:41', NULL, 2, 1),
(8281, 354, 'Quinta', '08:00:00', '17:00:00', '2020-01-26 20:08:41', NULL, 2, 1),
(8282, 354, 'Sexta', '08:00:00', '17:00:00', '2020-01-26 20:08:41', NULL, 2, 1),
(8283, 354, 'Sábado', '08:00:00', '13:00:00', '2020-01-26 20:08:41', NULL, 2, 1),
(8284, 355, 'Segunda', '08:00:00', '17:00:00', '2020-01-26 20:09:31', NULL, 2, 1),
(8285, 355, 'Terça', '08:00:00', '17:00:00', '2020-01-26 20:09:31', NULL, 2, 1),
(8286, 355, 'Quarta', '08:00:00', '17:00:00', '2020-01-26 20:09:31', NULL, 2, 1),
(8287, 355, 'Quinta', '08:00:00', '17:00:00', '2020-01-26 20:09:31', NULL, 2, 1),
(8288, 355, 'Sexta', '08:00:00', '17:00:00', '2020-01-26 20:09:31', NULL, 2, 1),
(8289, 355, 'Sábado', '08:00:00', '13:00:00', '2020-01-26 20:09:31', NULL, 2, 1),
(8328, 357, 'Domingo', '08:00:00', '20:00:00', '2020-01-28 17:22:59', NULL, 2, 1),
(8329, 357, 'Segunda', '07:00:00', '22:00:00', '2020-01-28 17:22:59', NULL, 2, 1),
(8330, 357, 'Terça', '07:00:00', '22:00:00', '2020-01-28 17:22:59', NULL, 2, 1),
(8331, 357, 'Quarta', '07:00:00', '22:00:00', '2020-01-28 17:22:59', NULL, 2, 1),
(8332, 357, 'Quinta', '07:00:00', '22:00:00', '2020-01-28 17:22:59', NULL, 2, 1),
(8333, 357, 'Sexta', '07:00:00', '22:00:00', '2020-01-28 17:22:59', NULL, 2, 1),
(8334, 357, 'Sábado', '07:00:00', '22:00:00', '2020-01-28 17:22:59', NULL, 2, 1),
(8354, 304, 'Segunda', '07:00:00', '17:00:00', '2020-01-29 04:32:59', NULL, 2, 1),
(8355, 304, 'Terça', '07:00:00', '17:00:00', '2020-01-29 04:32:59', NULL, 2, 1),
(8356, 304, 'Quarta', '07:00:00', '17:00:00', '2020-01-29 04:32:59', NULL, 2, 1),
(8357, 304, 'Quinta', '07:00:00', '17:00:00', '2020-01-29 04:32:59', NULL, 2, 1),
(8358, 304, 'Sexta', '07:00:00', '17:00:00', '2020-01-29 04:32:59', NULL, 2, 1),
(8359, 304, 'Sábado', '07:00:00', '13:00:00', '2020-01-29 04:32:59', NULL, 2, 1),
(8360, 309, 'Segunda', '07:00:00', '17:00:00', '2020-01-29 04:36:04', NULL, 2, 1),
(8361, 309, 'Terça', '07:00:00', '17:00:00', '2020-01-29 04:36:04', NULL, 2, 1),
(8362, 309, 'Quarta', '07:00:00', '17:00:00', '2020-01-29 04:36:04', NULL, 2, 1),
(8363, 309, 'Quinta', '07:00:00', '17:00:00', '2020-01-29 04:36:04', NULL, 2, 1),
(8364, 309, 'Sexta', '07:00:00', '17:00:00', '2020-01-29 04:36:04', NULL, 2, 1),
(8365, 310, 'Segunda', '06:00:00', '19:30:00', '2020-01-29 04:36:36', NULL, 2, 1),
(8366, 310, 'Terça', '06:00:00', '19:30:00', '2020-01-29 04:36:36', NULL, 2, 1),
(8367, 310, 'Quarta', '06:00:00', '19:30:00', '2020-01-29 04:36:36', NULL, 2, 1),
(8368, 310, 'Quinta', '06:00:00', '19:30:00', '2020-01-29 04:36:36', NULL, 2, 1),
(8369, 310, 'Sexta', '06:00:00', '19:30:00', '2020-01-29 04:36:36', NULL, 2, 1),
(8370, 310, 'Sábado', '06:00:00', '19:30:00', '2020-01-29 04:36:36', NULL, 2, 1),
(8377, 237, 'Segunda', '07:00:00', '15:00:00', '2020-01-29 04:47:33', NULL, 2, 1),
(8378, 237, 'Terça', '07:00:00', '15:00:00', '2020-01-29 04:47:33', NULL, 2, 1),
(8379, 237, 'Quarta', '07:00:00', '15:00:00', '2020-01-29 04:47:33', NULL, 2, 1),
(8380, 237, 'Quinta', '07:00:00', '15:00:00', '2020-01-29 04:47:33', NULL, 2, 1),
(8381, 237, 'Sexta', '07:00:00', '15:00:00', '2020-01-29 04:47:33', NULL, 2, 1),
(8382, 237, 'Sábado', '18:00:00', '22:00:00', '2020-01-29 04:47:33', NULL, 2, 1),
(8383, 252, 'Segunda', '07:00:00', '17:00:00', '2020-01-29 04:52:17', NULL, 2, 1),
(8384, 252, 'Terça', '07:00:00', '17:00:00', '2020-01-29 04:52:17', NULL, 2, 1),
(8385, 252, 'Quarta', '07:00:00', '17:00:00', '2020-01-29 04:52:17', NULL, 2, 1),
(8386, 252, 'Quinta', '07:00:00', '17:00:00', '2020-01-29 04:52:17', NULL, 2, 1),
(8387, 252, 'Sexta', '07:00:00', '17:00:00', '2020-01-29 04:52:17', NULL, 2, 1),
(8388, 251, 'Segunda', '07:00:00', '17:00:00', '2020-01-29 04:52:36', NULL, 2, 1),
(8389, 251, 'Terça', '07:00:00', '17:00:00', '2020-01-29 04:52:36', NULL, 2, 1),
(8390, 251, 'Quarta', '07:00:00', '17:00:00', '2020-01-29 04:52:36', NULL, 2, 1),
(8391, 251, 'Quinta', '07:00:00', '17:00:00', '2020-01-29 04:52:36', NULL, 2, 1),
(8392, 251, 'Sexta', '07:00:00', '17:00:00', '2020-01-29 04:52:36', NULL, 2, 1),
(8393, 358, 'Segunda', '08:00:00', '17:00:00', '2020-01-29 04:57:22', NULL, 2, 1),
(8394, 358, 'Terça', '08:00:00', '17:00:00', '2020-01-29 04:57:22', NULL, 2, 1),
(8395, 358, 'Quinta', '08:00:00', '17:00:00', '2020-01-29 04:57:22', NULL, 2, 1),
(8396, 358, 'Quinta', '08:00:00', '17:00:00', '2020-01-29 04:57:22', NULL, 2, 1),
(8397, 358, 'Sexta', '08:00:00', '17:00:00', '2020-01-29 04:57:22', NULL, 2, 1),
(8398, 358, 'Sábado', '08:00:00', '11:00:00', '2020-01-29 04:57:22', NULL, 2, 1),
(8399, 353, 'Segunda', '09:00:00', '17:00:00', '2020-01-29 05:01:31', NULL, 2, 1),
(8400, 353, 'Terça', '09:00:00', '17:00:00', '2020-01-29 05:01:31', NULL, 2, 1),
(8401, 353, 'Quarta', '09:00:00', '17:00:00', '2020-01-29 05:01:31', NULL, 2, 1),
(8402, 353, 'Quinta', '09:00:00', '17:00:00', '2020-01-29 05:01:31', NULL, 2, 1),
(8403, 353, 'Sexta', '09:00:00', '17:00:00', '2020-01-29 05:01:31', NULL, 2, 1),
(8430, 333, 'Domingo', '00:01:00', '23:59:00', '2020-01-29 05:05:16', NULL, 2, 1),
(8431, 333, 'Segunda', '00:01:00', '23:59:00', '2020-01-29 05:05:16', NULL, 2, 1),
(8432, 333, 'Terça', '00:01:00', '23:59:00', '2020-01-29 05:05:16', NULL, 2, 1),
(8433, 333, 'Quarta', '00:01:00', '23:59:00', '2020-01-29 05:05:16', NULL, 2, 1),
(8434, 333, 'Quinta', '00:01:00', '23:59:00', '2020-01-29 05:05:16', NULL, 2, 1),
(8435, 333, 'Sexta', '00:01:00', '23:59:00', '2020-01-29 05:05:16', NULL, 2, 1),
(8436, 333, 'Sábado', '00:01:00', '23:59:00', '2020-01-29 05:05:16', NULL, 2, 1),
(8455, 359, 'Domingo', '07:00:00', '22:00:00', '2020-01-30 00:06:01', NULL, 2, 1),
(8456, 359, 'Segunda', '07:00:00', '22:00:00', '2020-01-30 00:06:01', NULL, 2, 1),
(8457, 359, 'Terça', '07:00:00', '22:00:00', '2020-01-30 00:06:01', NULL, 2, 1),
(8458, 359, 'Quarta', '07:00:00', '22:00:00', '2020-01-30 00:06:01', NULL, 2, 1),
(8459, 359, 'Quinta', '07:00:00', '22:00:00', '2020-01-30 00:06:01', NULL, 2, 1),
(8460, 359, 'Sexta', '07:00:00', '22:00:00', '2020-01-30 00:06:01', NULL, 2, 1),
(8461, 359, 'Sábado', '07:00:00', '22:00:00', '2020-01-30 00:06:01', NULL, 2, 1),
(8474, 361, 'Segunda', '07:00:00', '17:00:00', '2020-01-30 03:48:09', NULL, 2, 1),
(8475, 361, 'Terça', '07:00:00', '17:00:00', '2020-01-30 03:48:09', NULL, 2, 1),
(8476, 361, 'Quarta', '07:00:00', '17:00:00', '2020-01-30 03:48:09', NULL, 2, 1),
(8477, 361, 'Quinta', '07:00:00', '17:00:00', '2020-01-30 03:48:09', NULL, 2, 1),
(8478, 361, 'Sexta', '07:00:00', '17:00:00', '2020-01-30 03:48:09', NULL, 2, 1),
(8479, 361, 'Sábado', '07:00:00', '12:00:00', '2020-01-30 03:48:09', NULL, 2, 1),
(8480, 267, 'Segunda', '07:00:00', '16:30:00', '2020-01-30 19:27:27', NULL, 2, 1),
(8481, 267, 'Terça', '07:00:00', '16:30:00', '2020-01-30 19:27:27', NULL, 2, 1),
(8482, 267, 'Quarta', '07:00:00', '16:30:00', '2020-01-30 19:27:27', NULL, 2, 1),
(8483, 267, 'Quinta', '07:00:00', '16:30:00', '2020-01-30 19:27:27', NULL, 2, 1),
(8484, 267, 'Sexta', '07:00:00', '16:30:00', '2020-01-30 19:27:27', NULL, 2, 1),
(8561, 365, 'Segunda', '06:00:00', '21:00:00', '2020-02-01 04:52:46', NULL, 2, 1),
(8562, 365, 'Terça', '06:00:00', '21:00:00', '2020-02-01 04:52:46', NULL, 2, 1),
(8563, 365, 'Quarta', '06:00:00', '21:00:00', '2020-02-01 04:52:46', NULL, 2, 1),
(8564, 365, 'Quinta', '06:00:00', '21:00:00', '2020-02-01 04:52:46', NULL, 2, 1),
(8565, 365, 'Sexta', '06:00:00', '21:00:00', '2020-02-01 04:52:46', NULL, 2, 1),
(8628, 368, 'Segunda', '07:00:00', '20:00:00', '2020-02-03 18:48:06', NULL, 2, 1),
(8629, 368, 'Terça', '07:00:00', '20:00:00', '2020-02-03 18:48:06', NULL, 2, 1),
(8630, 368, 'Quarta', '07:00:00', '20:00:00', '2020-02-03 18:48:06', NULL, 2, 1),
(8631, 368, 'Quinta', '07:00:00', '20:00:00', '2020-02-03 18:48:06', NULL, 2, 1),
(8632, 368, 'Sexta', '07:00:00', '20:00:00', '2020-02-03 18:48:06', NULL, 2, 1),
(8633, 368, 'Sábado', '07:00:00', '20:00:00', '2020-02-03 18:48:06', NULL, 2, 1),
(8634, 272, 'Domingo', '00:00:00', '23:59:00', '2020-02-04 03:26:31', NULL, 2, 1),
(8635, 272, 'Segunda', '00:00:00', '23:59:00', '2020-02-04 03:26:31', NULL, 2, 1),
(8636, 272, 'Terça', '00:00:00', '23:59:00', '2020-02-04 03:26:31', NULL, 2, 1),
(8637, 272, 'Quarta', '00:00:00', '23:59:00', '2020-02-04 03:26:31', NULL, 2, 1),
(8638, 272, 'Quinta', '00:00:00', '23:59:00', '2020-02-04 03:26:31', NULL, 2, 1),
(8639, 272, 'Sexta', '00:00:00', '23:59:00', '2020-02-04 03:26:31', NULL, 2, 1),
(8640, 272, 'Sábado', '00:00:00', '23:59:00', '2020-02-04 03:26:31', NULL, 2, 1),
(8641, 275, 'Domingo', '00:00:00', '23:59:00', '2020-02-04 03:27:00', NULL, 2, 1),
(8642, 275, 'Segunda', '00:00:00', '23:59:00', '2020-02-04 03:27:00', NULL, 2, 1),
(8643, 275, 'Terça', '00:00:00', '23:59:00', '2020-02-04 03:27:00', NULL, 2, 1),
(8644, 275, 'Quarta', '00:00:00', '23:59:00', '2020-02-04 03:27:00', NULL, 2, 1),
(8645, 275, 'Quinta', '00:00:00', '23:59:00', '2020-02-04 03:27:00', NULL, 2, 1),
(8646, 275, 'Sexta', '00:00:00', '23:59:00', '2020-02-04 03:27:00', NULL, 2, 1),
(8647, 275, 'Sábado', '00:00:00', '23:59:00', '2020-02-04 03:27:00', NULL, 2, 1),
(8648, 281, 'Domingo', '00:00:00', '23:59:00', '2020-02-04 03:29:51', NULL, 2, 1),
(8649, 281, 'Segunda', '00:00:00', '23:59:00', '2020-02-04 03:29:51', NULL, 2, 1),
(8650, 281, 'Terça', '00:00:00', '23:59:00', '2020-02-04 03:29:51', NULL, 2, 1),
(8651, 281, 'Quarta', '00:00:00', '23:59:00', '2020-02-04 03:29:51', NULL, 2, 1),
(8652, 281, 'Quinta', '00:00:00', '23:59:00', '2020-02-04 03:29:51', NULL, 2, 1),
(8653, 281, 'Sexta', '00:00:00', '23:59:00', '2020-02-04 03:29:51', NULL, 2, 1),
(8654, 281, 'Sábado', '00:00:00', '23:59:00', '2020-02-04 03:29:51', NULL, 2, 1),
(8655, 282, 'Domingo', '00:00:00', '23:59:00', '2020-02-04 03:30:06', NULL, 2, 1),
(8656, 282, 'Segunda', '00:00:00', '23:59:00', '2020-02-04 03:30:06', NULL, 2, 1),
(8657, 282, 'Terça', '00:00:00', '23:59:00', '2020-02-04 03:30:06', NULL, 2, 1),
(8658, 282, 'Quarta', '00:00:00', '23:59:00', '2020-02-04 03:30:06', NULL, 2, 1),
(8659, 282, 'Quinta', '00:00:00', '23:59:00', '2020-02-04 03:30:06', NULL, 2, 1),
(8660, 282, 'Sexta', '00:00:00', '23:59:00', '2020-02-04 03:30:06', NULL, 2, 1),
(8661, 282, 'Sábado', '00:00:00', '23:59:00', '2020-02-04 03:30:06', NULL, 2, 1),
(8662, 221, 'Domingo', '00:00:00', '23:59:00', '2020-02-04 03:32:26', NULL, 2, 1),
(8663, 221, 'Segunda', '00:00:00', '23:59:00', '2020-02-04 03:32:26', NULL, 2, 1),
(8664, 221, 'Terça', '00:00:00', '23:59:00', '2020-02-04 03:32:26', NULL, 2, 1),
(8665, 221, 'Quarta', '00:00:00', '23:59:00', '2020-02-04 03:32:26', NULL, 2, 1),
(8666, 221, 'Quinta', '00:00:00', '23:59:00', '2020-02-04 03:32:26', NULL, 2, 1),
(8667, 221, 'Sexta', '00:00:00', '23:59:00', '2020-02-04 03:32:26', NULL, 2, 1),
(8668, 221, 'Sábado', '00:00:00', '23:59:00', '2020-02-04 03:32:26', NULL, 2, 1),
(8669, 222, 'Domingo', '00:00:00', '23:59:00', '2020-02-04 03:33:05', NULL, 2, 1),
(8670, 222, 'Segunda', '00:00:00', '23:59:00', '2020-02-04 03:33:05', NULL, 2, 1),
(8671, 222, 'Terça', '00:00:00', '23:59:00', '2020-02-04 03:33:05', NULL, 2, 1),
(8672, 222, 'Quarta', '00:00:00', '23:59:00', '2020-02-04 03:33:05', NULL, 2, 1),
(8673, 222, 'Quinta', '00:00:00', '23:59:00', '2020-02-04 03:33:05', NULL, 2, 1),
(8674, 222, 'Sexta', '00:00:00', '23:59:00', '2020-02-04 03:33:05', NULL, 2, 1),
(8675, 222, 'Sábado', '00:00:00', '23:59:00', '2020-02-04 03:33:05', NULL, 2, 1),
(8676, 336, 'Domingo', '00:00:00', '23:59:00', '2020-02-04 03:41:19', NULL, 2, 1),
(8677, 336, 'Segunda', '00:00:00', '23:59:00', '2020-02-04 03:41:19', NULL, 2, 1),
(8678, 336, 'Terça', '00:00:00', '23:59:00', '2020-02-04 03:41:19', NULL, 2, 1),
(8679, 336, 'Quarta', '00:00:00', '23:59:00', '2020-02-04 03:41:19', NULL, 2, 1),
(8680, 336, 'Quinta', '00:00:00', '23:59:00', '2020-02-04 03:41:19', NULL, 2, 1),
(8681, 336, 'Sexta', '00:00:00', '23:59:00', '2020-02-04 03:41:19', NULL, 2, 1),
(8682, 336, 'Sábado', '00:00:00', '23:59:00', '2020-02-04 03:41:19', NULL, 2, 1),
(8683, 217, 'Segunda', '08:00:00', '18:00:00', '2020-02-04 03:46:18', NULL, 2, 1),
(8684, 217, 'Terça', '08:00:00', '18:00:00', '2020-02-04 03:46:18', NULL, 2, 1),
(8685, 217, 'Quarta', '08:00:00', '18:00:00', '2020-02-04 03:46:18', NULL, 2, 1),
(8686, 217, 'Quinta', '08:00:00', '18:00:00', '2020-02-04 03:46:18', NULL, 2, 1),
(8687, 217, 'Sexta', '08:00:00', '18:00:00', '2020-02-04 03:46:18', NULL, 2, 1),
(8688, 217, 'Sábado', '08:00:00', '12:00:00', '2020-02-04 03:46:18', NULL, 2, 1),
(8689, 257, 'Segunda', '08:00:00', '20:00:00', '2020-02-04 03:48:51', NULL, 2, 1),
(8690, 257, 'Terça', '08:00:00', '20:00:00', '2020-02-04 03:48:51', NULL, 2, 1),
(8691, 257, 'Quarta', '08:00:00', '20:00:00', '2020-02-04 03:48:51', NULL, 2, 1),
(8692, 257, 'Quinta', '08:00:00', '20:00:00', '2020-02-04 03:48:51', NULL, 2, 1),
(8693, 257, 'Sexta', '08:00:00', '20:00:00', '2020-02-04 03:48:51', NULL, 2, 1),
(8694, 257, 'Sábado', '08:30:00', '12:00:00', '2020-02-04 03:48:51', NULL, 2, 1),
(8695, 259, 'Segunda', '07:00:00', '17:00:00', '2020-02-04 03:57:04', NULL, 2, 1),
(8696, 259, 'Terça', '07:00:00', '17:00:00', '2020-02-04 03:57:04', NULL, 2, 1),
(8697, 259, 'Quarta', '07:00:00', '17:00:00', '2020-02-04 03:57:04', NULL, 2, 1),
(8698, 259, 'Quinta', '07:00:00', '17:00:00', '2020-02-04 03:57:04', NULL, 2, 1),
(8699, 259, 'Sexta', '07:00:00', '17:00:00', '2020-02-04 03:57:04', NULL, 2, 1),
(8700, 259, 'Sábado', '07:00:00', '17:00:00', '2020-02-04 03:57:04', NULL, 2, 1),
(8701, 261, 'Terça', '08:30:00', '18:00:00', '2020-02-04 04:24:52', NULL, 2, 1),
(8702, 261, 'Quarta', '08:30:00', '18:00:00', '2020-02-04 04:24:52', NULL, 2, 1),
(8703, 261, 'Quinta', '08:30:00', '18:00:00', '2020-02-04 04:24:52', NULL, 2, 1),
(8704, 261, 'Sexta', '08:30:00', '18:00:00', '2020-02-04 04:24:52', NULL, 2, 1),
(8705, 261, 'Sábado', '08:30:00', '18:00:00', '2020-02-04 04:24:52', NULL, 2, 1),
(8706, 262, 'Segunda', '07:00:00', '17:00:00', '2020-02-04 04:32:16', NULL, 2, 1),
(8707, 262, 'Terça', '07:00:00', '17:00:00', '2020-02-04 04:32:16', NULL, 2, 1),
(8708, 262, 'Quarta', '07:00:00', '17:00:00', '2020-02-04 04:32:16', NULL, 2, 1),
(8709, 262, 'Quinta', '07:00:00', '17:00:00', '2020-02-04 04:32:16', NULL, 2, 1),
(8710, 262, 'Quinta', '07:00:00', '17:00:00', '2020-02-04 04:32:16', NULL, 2, 1),
(8711, 262, 'Sexta', '07:00:00', '17:00:00', '2020-02-04 04:32:16', NULL, 2, 1),
(8712, 262, 'Sábado', '07:00:00', '17:00:00', '2020-02-04 04:32:16', NULL, 2, 1),
(8713, 263, 'Segunda', '07:00:00', '14:00:00', '2020-02-04 04:32:42', NULL, 2, 1),
(8714, 263, 'Terça', '07:00:00', '14:00:00', '2020-02-04 04:32:42', NULL, 2, 1),
(8715, 263, 'Quarta', '07:00:00', '14:00:00', '2020-02-04 04:32:42', NULL, 2, 1),
(8716, 263, 'Quinta', '07:00:00', '14:00:00', '2020-02-04 04:32:42', NULL, 2, 1),
(8717, 263, 'Sexta', '07:00:00', '14:00:00', '2020-02-04 04:32:42', NULL, 2, 1),
(8718, 264, 'Segunda', '07:00:00', '22:00:00', '2020-02-04 04:34:30', NULL, 2, 1),
(8719, 264, 'Terça', '07:00:00', '22:00:00', '2020-02-04 04:34:30', NULL, 2, 1),
(8720, 264, 'Quarta', '07:00:00', '22:00:00', '2020-02-04 04:34:30', NULL, 2, 1),
(8721, 264, 'Quinta', '07:00:00', '22:00:00', '2020-02-04 04:34:30', NULL, 2, 1),
(8722, 264, 'Sexta', '07:00:00', '22:00:00', '2020-02-04 04:34:30', NULL, 2, 1),
(8723, 265, 'Segunda', '07:00:00', '22:00:00', '2020-02-04 04:39:08', NULL, 2, 1),
(8724, 265, 'Terça', '07:00:00', '22:00:00', '2020-02-04 04:39:08', NULL, 2, 1),
(8725, 265, 'Quarta', '07:00:00', '22:00:00', '2020-02-04 04:39:08', NULL, 2, 1),
(8726, 265, 'Quinta', '07:00:00', '22:00:00', '2020-02-04 04:39:08', NULL, 2, 1),
(8727, 265, 'Sexta', '07:00:00', '22:00:00', '2020-02-04 04:39:08', NULL, 2, 1),
(8728, 266, 'Segunda', '07:00:00', '22:00:00', '2020-02-04 04:40:07', NULL, 2, 1),
(8729, 266, 'Terça', '07:00:00', '22:00:00', '2020-02-04 04:40:07', NULL, 2, 1),
(8730, 266, 'Quarta', '07:00:00', '22:00:00', '2020-02-04 04:40:07', NULL, 2, 1),
(8731, 266, 'Quinta', '07:00:00', '22:00:00', '2020-02-04 04:40:07', NULL, 2, 1),
(8732, 266, 'Sexta', '07:00:00', '22:00:00', '2020-02-04 04:40:07', NULL, 2, 1),
(8733, 266, 'Sexta', '07:00:00', '22:00:00', '2020-02-04 04:40:07', NULL, 2, 1),
(8734, 271, 'Segunda', '07:00:00', '17:00:00', '2020-02-04 05:01:01', NULL, 2, 1),
(8735, 271, 'Terça', '07:00:00', '17:00:00', '2020-02-04 05:01:01', NULL, 2, 1),
(8736, 271, 'Quarta', '07:00:00', '17:00:00', '2020-02-04 05:01:01', NULL, 2, 1),
(8737, 271, 'Quinta', '07:00:00', '17:00:00', '2020-02-04 05:01:01', NULL, 2, 1),
(8738, 271, 'Sexta', '07:00:00', '17:00:00', '2020-02-04 05:01:01', NULL, 2, 1),
(8739, 277, 'Segunda', '08:00:00', '17:00:00', '2020-02-04 05:03:56', NULL, 2, 1),
(8740, 277, 'Terça', '08:00:00', '17:00:00', '2020-02-04 05:03:56', NULL, 2, 1),
(8741, 277, 'Quarta', '08:00:00', '17:00:00', '2020-02-04 05:03:56', NULL, 2, 1),
(8742, 277, 'Quinta', '08:00:00', '17:00:00', '2020-02-04 05:03:56', NULL, 2, 1),
(8743, 277, 'Sexta', '08:00:00', '17:00:00', '2020-02-04 05:03:56', NULL, 2, 1),
(8744, 278, 'Segunda', '08:00:00', '17:00:00', '2020-02-04 05:04:10', NULL, 2, 1),
(8745, 278, 'Terça', '08:00:00', '17:00:00', '2020-02-04 05:04:10', NULL, 2, 1),
(8746, 278, 'Quarta', '08:00:00', '17:00:00', '2020-02-04 05:04:10', NULL, 2, 1),
(8747, 278, 'Quinta', '08:00:00', '17:00:00', '2020-02-04 05:04:10', NULL, 2, 1),
(8748, 278, 'Sexta', '08:00:00', '17:00:00', '2020-02-04 05:04:10', NULL, 2, 1),
(8749, 279, 'Segunda', '07:30:00', '17:30:00', '2020-02-04 05:04:30', NULL, 2, 1),
(8750, 279, 'Terça', '07:30:00', '17:30:00', '2020-02-04 05:04:30', NULL, 2, 1),
(8751, 279, 'Quarta', '07:30:00', '17:30:00', '2020-02-04 05:04:30', NULL, 2, 1),
(8752, 279, 'Quinta', '07:30:00', '17:30:00', '2020-02-04 05:04:30', NULL, 2, 1),
(8753, 279, 'Sexta', '07:30:00', '17:30:00', '2020-02-04 05:04:30', NULL, 2, 1),
(8754, 283, 'Segunda', '08:00:00', '17:00:00', '2020-02-04 05:05:13', NULL, 2, 1),
(8755, 283, 'Terça', '08:00:00', '17:00:00', '2020-02-04 05:05:13', NULL, 2, 1),
(8756, 283, 'Quarta', '08:00:00', '17:00:00', '2020-02-04 05:05:13', NULL, 2, 1),
(8757, 283, 'Quinta', '08:00:00', '17:00:00', '2020-02-04 05:05:13', NULL, 2, 1),
(8758, 283, 'Sexta', '08:00:00', '17:00:00', '2020-02-04 05:05:13', NULL, 2, 1),
(8765, 288, 'Segunda', '08:00:00', '18:00:00', '2020-02-04 05:07:39', NULL, 2, 1),
(8766, 288, 'Terça', '08:00:00', '18:00:00', '2020-02-04 05:07:39', NULL, 2, 1),
(8767, 288, 'Quarta', '08:00:00', '18:00:00', '2020-02-04 05:07:39', NULL, 2, 1),
(8768, 288, 'Quinta', '08:00:00', '18:00:00', '2020-02-04 05:07:39', NULL, 2, 1),
(8769, 288, 'Sexta', '08:00:00', '18:00:00', '2020-02-04 05:07:39', NULL, 2, 1),
(8770, 288, 'Sábado', '08:00:00', '13:00:00', '2020-02-04 05:07:39', NULL, 2, 1),
(8771, 290, 'Segunda', '07:00:00', '21:00:00', '2020-02-04 05:15:38', NULL, 2, 1),
(8772, 290, 'Terça', '07:00:00', '21:00:00', '2020-02-04 05:15:38', NULL, 2, 1),
(8773, 290, 'Quarta', '07:00:00', '21:00:00', '2020-02-04 05:15:38', NULL, 2, 1),
(8774, 290, 'Quinta', '07:00:00', '21:00:00', '2020-02-04 05:15:38', NULL, 2, 1),
(8775, 290, 'Sexta', '07:00:00', '21:00:00', '2020-02-04 05:15:38', NULL, 2, 1),
(8776, 290, 'Sábado', '07:00:00', '21:00:00', '2020-02-04 05:15:38', NULL, 2, 1),
(8806, 280, 'Segunda', '08:00:00', '17:00:00', '2020-02-04 05:46:42', NULL, 2, 1),
(8807, 280, 'Terça', '08:00:00', '17:00:00', '2020-02-04 05:46:42', NULL, 2, 1),
(8808, 280, 'Quarta', '08:00:00', '17:00:00', '2020-02-04 05:46:42', NULL, 2, 1),
(8809, 280, 'Quinta', '08:00:00', '17:00:00', '2020-02-04 05:46:42', NULL, 2, 1),
(8810, 280, 'Sexta', '08:00:00', '17:00:00', '2020-02-04 05:46:42', NULL, 2, 1),
(8811, 293, 'Segunda', '08:00:00', '18:00:00', '2020-02-04 05:53:23', NULL, 2, 1),
(8812, 293, 'Terça', '08:00:00', '18:00:00', '2020-02-04 05:53:23', NULL, 2, 1),
(8813, 293, 'Quarta', '08:00:00', '18:00:00', '2020-02-04 05:53:23', NULL, 2, 1),
(8814, 293, 'Quinta', '08:00:00', '18:00:00', '2020-02-04 05:53:23', NULL, 2, 1),
(8815, 293, 'Sexta', '08:00:00', '18:00:00', '2020-02-04 05:53:23', NULL, 2, 1),
(8816, 293, 'Sábado', '08:00:00', '12:00:00', '2020-02-04 05:53:23', NULL, 2, 1),
(8817, 303, 'Segunda', '07:00:00', '17:00:00', '2020-02-04 05:57:43', NULL, 2, 1),
(8818, 303, 'Terça', '07:00:00', '17:00:00', '2020-02-04 05:57:43', NULL, 2, 1),
(8819, 303, 'Quarta', '07:00:00', '17:00:00', '2020-02-04 05:57:43', NULL, 2, 1),
(8820, 303, 'Quinta', '07:00:00', '17:00:00', '2020-02-04 05:57:43', NULL, 2, 1),
(8821, 303, 'Sexta', '07:00:00', '17:00:00', '2020-02-04 05:57:43', NULL, 2, 1),
(8822, 303, 'Sábado', '07:00:00', '13:00:00', '2020-02-04 05:57:43', NULL, 2, 1),
(8823, 305, 'Segunda', '07:00:00', '17:00:00', '2020-02-04 06:23:18', NULL, 2, 1),
(8824, 305, 'Terça', '07:00:00', '17:00:00', '2020-02-04 06:23:18', NULL, 2, 1),
(8825, 305, 'Quarta', '07:00:00', '17:00:00', '2020-02-04 06:23:18', NULL, 2, 1),
(8826, 305, 'Quinta', '07:00:00', '17:00:00', '2020-02-04 06:23:18', NULL, 2, 1),
(8827, 305, 'Sexta', '07:00:00', '17:00:00', '2020-02-04 06:23:18', NULL, 2, 1),
(8828, 305, 'Sábado', '07:00:00', '13:00:00', '2020-02-04 06:23:18', NULL, 2, 1),
(8834, 364, 'Segunda', '05:00:00', '21:00:00', '2020-02-05 20:02:02', NULL, 2, 1),
(8835, 364, 'Terça', '05:00:00', '21:00:00', '2020-02-05 20:02:02', NULL, 2, 1),
(8836, 364, 'Quarta', '05:00:00', '21:00:00', '2020-02-05 20:02:02', NULL, 2, 1),
(8837, 364, 'Quinta', '05:00:00', '21:00:00', '2020-02-05 20:02:02', NULL, 2, 1),
(8838, 364, 'Sexta', '05:00:00', '22:00:00', '2020-02-05 20:02:02', NULL, 2, 1),
(8839, 364, 'Sábado', '05:00:00', '22:00:00', '2020-02-05 20:02:02', NULL, 2, 1),
(8840, 364, 'Domingo', '05:00:00', '21:00:00', '2020-02-05 20:02:02', NULL, 2, 1),
(8864, 314, 'Segunda', '08:00:00', '17:00:00', '2020-02-06 03:45:05', NULL, 2, 1),
(8865, 314, 'Terça', '08:00:00', '17:00:00', '2020-02-06 03:45:05', NULL, 2, 1),
(8866, 314, 'Quarta', '08:00:00', '17:00:00', '2020-02-06 03:45:05', NULL, 2, 1),
(8867, 314, 'Quinta', '08:00:00', '17:00:00', '2020-02-06 03:45:05', NULL, 2, 1),
(8868, 314, 'Sexta', '08:00:00', '17:00:00', '2020-02-06 03:45:05', NULL, 2, 1),
(8869, 314, 'Sábado', '08:00:00', '13:00:00', '2020-02-06 03:45:05', NULL, 2, 1),
(8870, 317, 'Segunda', '07:00:00', '18:00:00', '2020-02-06 03:56:09', NULL, 2, 1),
(8871, 317, 'Terça', '07:00:00', '18:00:00', '2020-02-06 03:56:09', NULL, 2, 1),
(8872, 317, 'Quarta', '07:00:00', '18:00:00', '2020-02-06 03:56:09', NULL, 2, 1),
(8873, 317, 'Quinta', '07:00:00', '18:00:00', '2020-02-06 03:56:09', NULL, 2, 1),
(8874, 317, 'Sexta', '07:00:00', '18:00:00', '2020-02-06 03:56:09', NULL, 2, 1),
(8875, 317, 'Sábado', '07:00:00', '18:00:00', '2020-02-06 03:56:09', NULL, 2, 1),
(8883, 319, 'Segunda', '14:00:00', '23:00:00', '2020-02-06 03:57:38', NULL, 2, 1),
(8884, 319, 'Terça', '14:00:00', '23:00:00', '2020-02-06 03:57:38', NULL, 2, 1),
(8885, 319, 'Quarta', '14:00:00', '23:00:00', '2020-02-06 03:57:38', NULL, 2, 1),
(8886, 319, 'Quinta', '14:00:00', '23:00:00', '2020-02-06 03:57:38', NULL, 2, 1),
(8887, 319, 'Sexta', '14:00:00', '23:00:00', '2020-02-06 03:57:38', NULL, 2, 1),
(8888, 319, 'Sábado', '14:00:00', '23:00:00', '2020-02-06 03:57:38', NULL, 2, 1),
(8889, 319, 'Domingo', '16:00:00', '23:00:00', '2020-02-06 03:57:38', NULL, 2, 1),
(8890, 320, 'Segunda', '07:30:00', '17:00:00', '2020-02-06 04:03:19', NULL, 2, 1),
(8891, 320, 'Terça', '07:30:00', '17:00:00', '2020-02-06 04:03:19', NULL, 2, 1),
(8892, 320, 'Quarta', '07:30:00', '17:00:00', '2020-02-06 04:03:19', NULL, 2, 1),
(8893, 320, 'Quinta', '07:30:00', '17:00:00', '2020-02-06 04:03:19', NULL, 2, 1),
(8894, 320, 'Sexta', '07:30:00', '17:00:00', '2020-02-06 04:03:19', NULL, 2, 1),
(8895, 320, 'Sábado', '07:30:00', '13:00:00', '2020-02-06 04:03:19', NULL, 2, 1),
(8896, 324, 'Segunda', '05:00:00', '22:00:00', '2020-02-06 04:18:57', NULL, 2, 1),
(8897, 324, 'Terça', '05:00:00', '22:00:00', '2020-02-06 04:18:57', NULL, 2, 1),
(8898, 324, 'Quarta', '05:00:00', '22:00:00', '2020-02-06 04:18:57', NULL, 2, 1),
(8899, 324, 'Quinta', '05:00:00', '22:00:00', '2020-02-06 04:18:57', NULL, 2, 1),
(8900, 324, 'Sexta', '05:00:00', '22:00:00', '2020-02-06 04:18:57', NULL, 2, 1),
(8901, 324, 'Sábado', '14:00:00', '18:00:00', '2020-02-06 04:18:57', NULL, 2, 1),
(8902, 324, 'Domingo', '09:00:00', '12:00:00', '2020-02-06 04:18:57', NULL, 2, 1),
(8925, 219, 'Segunda', '08:00:00', '17:00:00', '2020-02-06 04:27:21', NULL, 2, 1),
(8926, 219, 'Terça', '08:00:00', '17:00:00', '2020-02-06 04:27:21', NULL, 2, 1),
(8927, 219, 'Quarta', '08:00:00', '17:00:00', '2020-02-06 04:27:21', NULL, 2, 1),
(8928, 219, 'Quinta', '08:00:00', '17:00:00', '2020-02-06 04:27:21', NULL, 2, 1),
(8929, 219, 'Sexta', '08:00:00', '17:00:00', '2020-02-06 04:27:21', NULL, 2, 1),
(8930, 229, 'Segunda', '07:00:00', '17:00:00', '2020-02-06 04:39:18', NULL, 2, 1),
(8931, 229, 'Terça', '07:00:00', '17:00:00', '2020-02-06 04:39:18', NULL, 2, 1),
(8932, 229, 'Quarta', '07:00:00', '17:00:00', '2020-02-06 04:39:18', NULL, 2, 1),
(8933, 229, 'Quinta', '07:00:00', '17:00:00', '2020-02-06 04:39:18', NULL, 2, 1),
(8934, 229, 'Sexta', '07:00:00', '17:00:00', '2020-02-06 04:39:18', NULL, 2, 1),
(8935, 229, 'Sábado', '07:00:00', '13:00:00', '2020-02-06 04:39:18', NULL, 2, 1),
(8936, 232, 'Segunda', '08:00:00', '18:00:00', '2020-02-06 04:44:41', NULL, 2, 1),
(8937, 232, 'Terça', '08:00:00', '18:00:00', '2020-02-06 04:44:41', NULL, 2, 1),
(8938, 232, 'Quarta', '08:00:00', '18:00:00', '2020-02-06 04:44:41', NULL, 2, 1),
(8939, 232, 'Quinta', '08:00:00', '18:00:00', '2020-02-06 04:44:41', NULL, 2, 1),
(8940, 232, 'Sexta', '08:00:00', '18:00:00', '2020-02-06 04:44:41', NULL, 2, 1),
(8941, 232, 'Sábado', '08:00:00', '17:00:00', '2020-02-06 04:44:41', NULL, 2, 1),
(8942, 240, 'Segunda', '09:00:00', '18:00:00', '2020-02-06 04:47:58', NULL, 2, 1),
(8943, 240, 'Terça', '09:00:00', '18:00:00', '2020-02-06 04:47:58', NULL, 2, 1),
(8944, 240, 'Quarta', '09:00:00', '18:00:00', '2020-02-06 04:47:58', NULL, 2, 1),
(8945, 240, 'Quinta', '09:00:00', '18:00:00', '2020-02-06 04:47:58', NULL, 2, 1),
(8946, 240, 'Sexta', '09:00:00', '18:00:00', '2020-02-06 04:47:59', NULL, 2, 1),
(8947, 240, 'Sábado', '09:00:00', '17:00:00', '2020-02-06 04:47:59', NULL, 2, 1),
(8948, 244, 'Segunda', '08:00:00', '17:00:00', '2020-02-06 04:52:12', NULL, 2, 1),
(8949, 244, 'Terça', '08:00:00', '17:00:00', '2020-02-06 04:52:12', NULL, 2, 1),
(8950, 244, 'Quarta', '08:00:00', '17:00:00', '2020-02-06 04:52:12', NULL, 2, 1),
(8951, 244, 'Quinta', '08:00:00', '17:00:00', '2020-02-06 04:52:12', NULL, 2, 1),
(8952, 244, 'Sexta', '08:00:00', '17:00:00', '2020-02-06 04:52:12', NULL, 2, 1),
(8958, 346, 'Segunda', '08:00:00', '18:00:00', '2020-02-06 05:33:12', NULL, 2, 1),
(8959, 346, 'Terça', '08:00:00', '18:00:00', '2020-02-06 05:33:12', NULL, 2, 1),
(8960, 346, 'Quarta', '08:00:00', '18:00:00', '2020-02-06 05:33:12', NULL, 2, 1),
(8961, 346, 'Quinta', '08:00:00', '18:00:00', '2020-02-06 05:33:12', NULL, 2, 1),
(8962, 346, 'Sexta', '08:00:00', '18:00:00', '2020-02-06 05:33:12', NULL, 2, 1),
(8963, 346, 'Sábado', '08:00:00', '14:00:00', '2020-02-06 05:33:12', NULL, 2, 1),
(8982, 362, 'Domingo', '14:00:00', '22:00:00', '2020-02-07 01:26:10', NULL, 2, 1),
(8983, 362, 'Segunda', '09:00:00', '22:00:00', '2020-02-07 01:26:10', NULL, 2, 1),
(8984, 362, 'Terça', '09:00:00', '22:00:00', '2020-02-07 01:26:10', NULL, 2, 1),
(8985, 362, 'Quarta', '09:00:00', '22:00:00', '2020-02-07 01:26:10', NULL, 2, 1),
(8986, 362, 'Quinta', '09:00:00', '22:00:00', '2020-02-07 01:26:10', NULL, 2, 1),
(8987, 362, 'Sexta', '09:00:00', '22:00:00', '2020-02-07 01:26:10', NULL, 2, 1),
(8988, 362, 'Sábado', '09:00:00', '22:00:00', '2020-02-07 01:26:10', NULL, 2, 1),
(9126, 307, 'Segunda', '07:00:00', '17:00:00', '2020-02-08 05:44:44', NULL, 2, 1),
(9127, 307, 'Terça', '07:00:00', '17:00:00', '2020-02-08 05:44:44', NULL, 2, 1),
(9128, 307, 'Quarta', '07:00:00', '17:00:00', '2020-02-08 05:44:44', NULL, 2, 1),
(9129, 307, 'Quinta', '07:00:00', '17:00:00', '2020-02-08 05:44:44', NULL, 2, 1),
(9130, 307, 'Sexta', '07:00:00', '17:00:00', '2020-02-08 05:44:44', NULL, 2, 1),
(9131, 307, 'Sábado', '07:00:00', '13:00:00', '2020-02-08 05:44:44', NULL, 2, 1),
(9161, 338, 'Segunda', '07:00:00', '17:00:00', '2020-02-08 05:47:09', NULL, 2, 1),
(9162, 338, 'Terça', '07:00:00', '17:00:00', '2020-02-08 05:47:09', NULL, 2, 1),
(9163, 338, 'Quarta', '07:00:00', '17:00:00', '2020-02-08 05:47:09', NULL, 2, 1),
(9164, 338, 'Quinta', '07:00:00', '17:00:00', '2020-02-08 05:47:09', NULL, 2, 1),
(9165, 338, 'Sexta', '07:00:00', '17:00:00', '2020-02-08 05:47:10', NULL, 2, 1),
(9166, 338, 'Sábado', '07:00:00', '17:00:00', '2020-02-08 05:47:10', NULL, 2, 1),
(9167, 340, 'Segunda', '07:00:00', '17:00:00', '2020-02-08 05:47:40', NULL, 2, 1),
(9168, 340, 'Terça', '07:00:00', '17:00:00', '2020-02-08 05:47:40', NULL, 2, 1),
(9169, 340, 'Quarta', '07:00:00', '17:00:00', '2020-02-08 05:47:40', NULL, 2, 1),
(9170, 340, 'Quinta', '07:00:00', '17:00:00', '2020-02-08 05:47:40', NULL, 2, 1),
(9171, 340, 'Sexta', '07:00:00', '17:00:00', '2020-02-08 05:47:40', NULL, 2, 1),
(9172, 340, 'Sábado', '07:00:00', '17:00:00', '2020-02-08 05:47:40', NULL, 2, 1),
(9173, 339, 'Segunda', '07:00:00', '17:00:00', '2020-02-08 05:49:43', NULL, 2, 1),
(9174, 339, 'Terça', '07:00:00', '17:00:00', '2020-02-08 05:49:43', NULL, 2, 1),
(9175, 339, 'Quarta', '07:00:00', '17:00:00', '2020-02-08 05:49:43', NULL, 2, 1),
(9176, 339, 'Quinta', '07:00:00', '17:00:00', '2020-02-08 05:49:43', NULL, 2, 1),
(9177, 339, 'Sexta', '07:00:00', '17:00:00', '2020-02-08 05:49:43', NULL, 2, 1),
(9178, 339, 'Sábado', '07:00:00', '17:00:00', '2020-02-08 05:49:43', NULL, 2, 1),
(9179, 356, 'Segunda', '08:00:00', '17:00:00', '2020-02-08 05:50:13', NULL, 2, 1),
(9180, 356, 'Terça', '08:00:00', '17:00:00', '2020-02-08 05:50:13', NULL, 2, 1),
(9181, 356, 'Quarta', '08:00:00', '17:00:00', '2020-02-08 05:50:13', NULL, 2, 1),
(9182, 356, 'Quinta', '08:00:00', '17:00:00', '2020-02-08 05:50:13', NULL, 2, 1),
(9183, 356, 'Sexta', '08:00:00', '17:00:00', '2020-02-08 05:50:13', NULL, 2, 1),
(9184, 356, 'Sábado', '08:00:00', '12:00:00', '2020-02-08 05:50:13', NULL, 2, 1),
(9197, 383, 'Segunda', '07:00:00', '20:00:00', '2020-02-08 20:21:25', NULL, 2, 1),
(9198, 383, 'Terça', '07:00:00', '20:00:00', '2020-02-08 20:21:25', NULL, 2, 1),
(9199, 383, 'Quarta', '07:00:00', '20:00:00', '2020-02-08 20:21:25', NULL, 2, 1),
(9200, 383, 'Quinta', '07:00:00', '20:00:00', '2020-02-08 20:21:25', NULL, 2, 1),
(9201, 383, 'Sexta', '07:00:00', '20:00:00', '2020-02-08 20:21:25', NULL, 2, 1),
(9202, 383, 'Sábado', '07:00:00', '20:00:00', '2020-02-08 20:21:25', NULL, 2, 1),
(9203, 387, 'Segunda', '08:30:00', '18:00:00', '2020-02-08 20:28:11', NULL, 2, 1),
(9204, 387, 'Terça', '08:30:00', '18:00:00', '2020-02-08 20:28:11', NULL, 2, 1),
(9205, 387, 'Quarta', '08:30:00', '18:00:00', '2020-02-08 20:28:11', NULL, 2, 1),
(9206, 387, 'Quinta', '08:30:00', '18:00:00', '2020-02-08 20:28:11', NULL, 2, 1),
(9207, 387, 'Sexta', '08:30:00', '18:00:00', '2020-02-08 20:28:11', NULL, 2, 1),
(9208, 387, 'Sábado', '08:30:00', '18:00:00', '2020-02-08 20:28:11', NULL, 2, 1),
(9216, 381, 'Segunda', '07:00:00', '11:00:00', '2020-02-08 20:37:06', NULL, 2, 1),
(9217, 381, 'Segunda', '13:00:00', '17:00:00', '2020-02-08 20:37:06', NULL, 2, 1),
(9218, 381, 'Terça', '07:00:00', '11:00:00', '2020-02-08 20:37:06', NULL, 2, 1),
(9219, 381, 'Terça', '13:00:00', '17:00:00', '2020-02-08 20:37:06', NULL, 2, 1),
(9220, 381, 'Quarta', '07:00:00', '11:00:00', '2020-02-08 20:37:06', NULL, 2, 1),
(9221, 381, 'Quarta', '13:00:00', '17:00:00', '2020-02-08 20:37:06', NULL, 2, 1),
(9222, 381, 'Quinta', '07:00:00', '11:00:00', '2020-02-08 20:37:06', NULL, 2, 1),
(9223, 381, 'Quinta', '13:00:00', '17:00:00', '2020-02-08 20:37:06', NULL, 2, 1),
(9224, 381, 'Sexta', '07:00:00', '11:00:00', '2020-02-08 20:37:06', NULL, 2, 1),
(9225, 381, 'Sexta', '13:00:00', '17:00:00', '2020-02-08 20:37:06', NULL, 2, 1),
(9226, 381, 'Sábado', '07:00:00', '11:00:00', '2020-02-08 20:37:06', NULL, 2, 1),
(9227, 385, 'Segunda', '07:30:00', '17:30:00', '2020-02-08 20:42:43', NULL, 2, 1),
(9228, 385, 'Terça', '07:30:00', '17:30:00', '2020-02-08 20:42:43', NULL, 2, 1),
(9229, 385, 'Quarta', '07:30:00', '17:30:00', '2020-02-08 20:42:43', NULL, 2, 1),
(9230, 385, 'Quinta', '07:30:00', '17:30:00', '2020-02-08 20:42:43', NULL, 2, 1),
(9231, 385, 'Sexta', '07:30:00', '17:30:00', '2020-02-08 20:42:43', NULL, 2, 1),
(9232, 385, 'Sábado', '07:30:00', '12:00:00', '2020-02-08 20:42:43', NULL, 2, 1),
(9244, 380, 'Segunda', '07:00:00', '17:00:00', '2020-02-08 20:49:13', NULL, 2, 1),
(9245, 380, 'Terça', '07:00:00', '17:00:00', '2020-02-08 20:49:13', NULL, 2, 1),
(9246, 380, 'Quarta', '07:00:00', '17:00:00', '2020-02-08 20:49:13', NULL, 2, 1),
(9247, 380, 'Quinta', '07:00:00', '17:00:00', '2020-02-08 20:49:13', NULL, 2, 1),
(9248, 380, 'Sexta', '07:00:00', '17:00:00', '2020-02-08 20:49:13', NULL, 2, 1),
(9249, 380, 'Sábado', '07:00:00', '11:00:00', '2020-02-08 20:49:13', NULL, 2, 1),
(9250, 375, 'Segunda', '07:30:00', '17:30:00', '2020-02-08 20:50:37', NULL, 2, 1),
(9251, 375, 'Terça', '07:30:00', '17:30:00', '2020-02-08 20:50:37', NULL, 2, 1),
(9252, 375, 'Quarta', '07:30:00', '17:30:00', '2020-02-08 20:50:37', NULL, 2, 1),
(9253, 375, 'Quinta', '07:30:00', '17:30:00', '2020-02-08 20:50:37', NULL, 2, 1),
(9254, 375, 'Sexta', '07:30:00', '17:30:00', '2020-02-08 20:50:37', NULL, 2, 1),
(9255, 375, 'Sábado', '08:00:00', '12:00:00', '2020-02-08 20:50:37', NULL, 2, 1);
INSERT INTO `loja_horario` (`id`, `id_loja`, `dia`, `hora_inicio`, `hora_fim`, `data_cadastro`, `data_alteracao`, `id_update_user`, `status`) VALUES
(9267, 377, 'Segunda', '08:00:00', '17:00:00', '2020-02-08 20:53:50', NULL, 2, 1),
(9268, 377, 'Terça', '08:00:00', '17:00:00', '2020-02-08 20:53:50', NULL, 2, 1),
(9269, 377, 'Quarta', '08:00:00', '17:00:00', '2020-02-08 20:53:50', NULL, 2, 1),
(9270, 377, 'Quinta', '08:00:00', '17:00:00', '2020-02-08 20:53:50', NULL, 2, 1),
(9271, 377, 'Sexta', '08:00:00', '17:00:00', '2020-02-08 20:53:50', NULL, 2, 1),
(9272, 377, 'Sábado', '08:00:00', '13:00:00', '2020-02-08 20:53:50', NULL, 2, 1),
(9273, 386, 'Segunda', '07:30:00', '17:00:00', '2020-02-08 20:55:29', NULL, 2, 1),
(9274, 386, 'Terça', '07:30:00', '17:00:00', '2020-02-08 20:55:29', NULL, 2, 1),
(9275, 386, 'Quarta', '07:30:00', '17:00:00', '2020-02-08 20:55:29', NULL, 2, 1),
(9276, 386, 'Quinta', '07:30:00', '17:00:00', '2020-02-08 20:55:29', NULL, 2, 1),
(9277, 386, 'Sexta', '07:30:00', '17:00:00', '2020-02-08 20:55:29', NULL, 2, 1),
(9278, 386, 'Sábado', '07:30:00', '12:00:00', '2020-02-08 20:55:29', NULL, 2, 1),
(9279, 366, 'Segunda', '06:00:00', '20:00:00', '2020-02-08 20:57:01', NULL, 2, 1),
(9280, 366, 'Terça', '06:00:00', '20:00:00', '2020-02-08 20:57:01', NULL, 2, 1),
(9281, 366, 'Quarta', '06:00:00', '20:00:00', '2020-02-08 20:57:01', NULL, 2, 1),
(9282, 366, 'Quinta', '06:00:00', '20:00:00', '2020-02-08 20:57:01', NULL, 2, 1),
(9283, 366, 'Sexta', '06:00:00', '20:00:00', '2020-02-08 20:57:01', NULL, 2, 1),
(9284, 369, 'Segunda', '07:30:00', '17:30:00', '2020-02-09 21:33:05', NULL, 2, 1),
(9285, 369, 'Terça', '07:30:00', '17:30:00', '2020-02-09 21:33:05', NULL, 2, 1),
(9286, 369, 'Quarta', '07:30:00', '17:30:00', '2020-02-09 21:33:05', NULL, 2, 1),
(9287, 369, 'Quinta', '07:30:00', '17:30:00', '2020-02-09 21:33:05', NULL, 2, 1),
(9288, 369, 'Sexta', '07:30:00', '17:30:00', '2020-02-09 21:33:05', NULL, 2, 1),
(9289, 371, 'Segunda', '06:30:00', '17:00:00', '2020-02-09 21:41:10', NULL, 2, 1),
(9290, 371, 'Terça', '06:30:00', '17:00:00', '2020-02-09 21:41:10', NULL, 2, 1),
(9291, 371, 'Quarta', '06:30:00', '17:00:00', '2020-02-09 21:41:10', NULL, 2, 1),
(9292, 371, 'Quinta', '06:30:00', '17:00:00', '2020-02-09 21:41:10', NULL, 2, 1),
(9293, 371, 'Sexta', '06:30:00', '17:00:00', '2020-02-09 21:41:10', NULL, 2, 1),
(9294, 371, 'Sábado', '07:00:00', '11:00:00', '2020-02-09 21:41:10', NULL, 2, 1),
(9295, 373, 'Segunda', '05:00:00', '20:00:00', '2020-02-09 22:03:31', NULL, 2, 1),
(9296, 373, 'Terça', '05:00:00', '20:00:00', '2020-02-09 22:03:31', NULL, 2, 1),
(9297, 373, 'Quarta', '05:00:00', '20:00:00', '2020-02-09 22:03:31', NULL, 2, 1),
(9298, 373, 'Quinta', '05:00:00', '20:00:00', '2020-02-09 22:03:31', NULL, 2, 1),
(9299, 373, 'Sexta', '05:00:00', '20:00:00', '2020-02-09 22:03:31', NULL, 2, 1),
(9300, 373, 'Sábado', '05:00:00', '20:00:00', '2020-02-09 22:03:31', NULL, 2, 1),
(9301, 373, 'Domingo', '05:00:00', '10:00:00', '2020-02-09 22:03:31', NULL, 2, 1),
(9302, 376, 'Segunda', '07:00:00', '17:00:00', '2020-02-10 00:51:37', NULL, 2, 1),
(9303, 376, 'Terça', '07:00:00', '17:00:00', '2020-02-10 00:51:37', NULL, 2, 1),
(9304, 376, 'Quarta', '07:00:00', '17:00:00', '2020-02-10 00:51:37', NULL, 2, 1),
(9305, 376, 'Quinta', '07:00:00', '17:00:00', '2020-02-10 00:51:37', NULL, 2, 1),
(9306, 376, 'Sexta', '07:00:00', '17:00:00', '2020-02-10 00:51:37', NULL, 2, 1),
(9330, 374, 'Segunda', '07:00:00', '11:00:00', '2020-02-11 04:44:44', NULL, 2, 1),
(9331, 374, 'Segunda', '13:00:00', '18:20:00', '2020-02-11 04:44:44', NULL, 2, 1),
(9332, 374, 'Terça', '07:00:00', '11:00:00', '2020-02-11 04:44:44', NULL, 2, 1),
(9333, 374, 'Terça', '13:00:00', '18:20:00', '2020-02-11 04:44:44', NULL, 2, 1),
(9334, 374, 'Quarta', '07:00:00', '11:00:00', '2020-02-11 04:44:44', NULL, 2, 1),
(9335, 374, 'Quarta', '13:00:00', '18:20:00', '2020-02-11 04:44:44', NULL, 2, 1),
(9336, 374, 'Quinta', '07:00:00', '11:00:00', '2020-02-11 04:44:44', NULL, 2, 1),
(9337, 374, 'Quinta', '13:00:00', '18:20:00', '2020-02-11 04:44:44', NULL, 2, 1),
(9338, 374, 'Sexta', '07:00:00', '11:00:00', '2020-02-11 04:44:44', NULL, 2, 1),
(9339, 374, 'Sexta', '13:00:00', '18:20:00', '2020-02-11 04:44:44', NULL, 2, 1),
(9340, 374, 'Sábado', '07:30:00', '13:30:00', '2020-02-11 04:44:44', NULL, 2, 1),
(9442, 400, 'Segunda', '08:00:00', '12:00:00', '2020-02-12 06:24:34', NULL, 2, 1),
(9443, 400, 'Segunda', '14:00:00', '17:30:00', '2020-02-12 06:24:34', NULL, 2, 1),
(9444, 400, 'Terça', '08:00:00', '12:00:00', '2020-02-12 06:24:34', NULL, 2, 1),
(9445, 400, 'Terça', '14:00:00', '17:30:00', '2020-02-12 06:24:34', NULL, 2, 1),
(9446, 400, 'Quarta', '08:00:00', '12:00:00', '2020-02-12 06:24:34', NULL, 2, 1),
(9447, 400, 'Quarta', '14:00:00', '17:30:00', '2020-02-12 06:24:34', NULL, 2, 1),
(9448, 400, 'Quinta', '08:00:00', '12:00:00', '2020-02-12 06:24:34', NULL, 2, 1),
(9449, 400, 'Quinta', '14:00:00', '17:30:00', '2020-02-12 06:24:34', NULL, 2, 1),
(9450, 400, 'Sexta', '08:00:00', '12:00:00', '2020-02-12 06:24:34', NULL, 2, 1),
(9451, 400, 'Sexta', '14:00:00', '17:30:00', '2020-02-12 06:24:34', NULL, 2, 1),
(9452, 400, 'Sábado', '08:00:00', '13:00:00', '2020-02-12 06:24:34', NULL, 2, 1),
(9458, 391, 'Segunda', '07:00:00', '17:00:00', '2020-02-13 04:23:01', NULL, 2, 1),
(9459, 391, 'Terça', '07:00:00', '17:00:00', '2020-02-13 04:23:01', NULL, 2, 1),
(9460, 391, 'Quarta', '07:00:00', '17:00:00', '2020-02-13 04:23:01', NULL, 2, 1),
(9461, 391, 'Quinta', '07:00:00', '17:00:00', '2020-02-13 04:23:01', NULL, 2, 1),
(9462, 391, 'Quinta', '07:00:00', '17:00:00', '2020-02-13 04:23:01', NULL, 2, 1),
(9463, 391, 'Sexta', '07:00:00', '17:00:00', '2020-02-13 04:23:01', NULL, 2, 1),
(9464, 391, 'Sábado', '07:00:00', '13:00:00', '2020-02-13 04:23:01', NULL, 2, 1),
(9465, 394, 'Segunda', '16:00:00', '23:30:00', '2020-02-13 04:23:35', NULL, 2, 1),
(9466, 394, 'Terça', '16:00:00', '23:30:00', '2020-02-13 04:23:35', NULL, 2, 1),
(9467, 394, 'Quarta', '16:00:00', '23:30:00', '2020-02-13 04:23:35', NULL, 2, 1),
(9468, 394, 'Quinta', '16:00:00', '23:30:00', '2020-02-13 04:23:35', NULL, 2, 1),
(9469, 394, 'Sexta', '16:00:00', '23:30:00', '2020-02-13 04:23:35', NULL, 2, 1),
(9470, 394, 'Sábado', '10:00:00', '20:00:00', '2020-02-13 04:23:35', NULL, 2, 1),
(9471, 399, 'Segunda', '07:00:00', '17:00:00', '2020-02-13 04:24:20', NULL, 2, 1),
(9472, 399, 'Terça', '07:00:00', '17:00:00', '2020-02-13 04:24:20', NULL, 2, 1),
(9473, 399, 'Quarta', '07:00:00', '17:00:00', '2020-02-13 04:24:20', NULL, 2, 1),
(9474, 399, 'Quinta', '07:00:00', '17:00:00', '2020-02-13 04:24:20', NULL, 2, 1),
(9475, 399, 'Sexta', '07:00:00', '17:00:00', '2020-02-13 04:24:20', NULL, 2, 1),
(9476, 399, 'Sábado', '07:00:00', '13:00:00', '2020-02-13 04:24:20', NULL, 2, 1),
(9477, 384, 'Segunda', '07:30:00', '17:30:00', '2020-02-13 04:25:19', NULL, 2, 1),
(9478, 384, 'Terça', '07:30:00', '17:30:00', '2020-02-13 04:25:19', NULL, 2, 1),
(9479, 384, 'Quarta', '07:30:00', '17:30:00', '2020-02-13 04:25:19', NULL, 2, 1),
(9480, 384, 'Quinta', '07:30:00', '17:30:00', '2020-02-13 04:25:19', NULL, 2, 1),
(9481, 384, 'Sexta', '07:30:00', '17:30:00', '2020-02-13 04:25:19', NULL, 2, 1),
(9482, 384, 'Sábado', '07:30:00', '13:30:00', '2020-02-13 04:25:19', NULL, 2, 1),
(9483, 389, 'Segunda', '07:00:00', '17:30:00', '2020-02-13 04:26:06', NULL, 2, 1),
(9484, 389, 'Terça', '07:00:00', '17:30:00', '2020-02-13 04:26:06', NULL, 2, 1),
(9485, 389, 'Quarta', '07:00:00', '17:30:00', '2020-02-13 04:26:06', NULL, 2, 1),
(9486, 389, 'Quinta', '07:00:00', '17:30:00', '2020-02-13 04:26:06', NULL, 2, 1),
(9487, 389, 'Sexta', '07:00:00', '17:30:00', '2020-02-13 04:26:06', NULL, 2, 1),
(9488, 389, 'Sábado', '07:00:00', '14:00:00', '2020-02-13 04:26:06', NULL, 2, 1),
(9489, 390, 'Segunda', '07:00:00', '17:30:00', '2020-02-13 04:27:06', NULL, 2, 1),
(9490, 390, 'Terça', '07:00:00', '17:30:00', '2020-02-13 04:27:06', NULL, 2, 1),
(9491, 390, 'Quarta', '07:00:00', '17:30:00', '2020-02-13 04:27:06', NULL, 2, 1),
(9492, 390, 'Quinta', '07:00:00', '17:30:00', '2020-02-13 04:27:06', NULL, 2, 1),
(9493, 390, 'Sexta', '07:00:00', '17:30:00', '2020-02-13 04:27:06', NULL, 2, 1),
(9494, 390, 'Sábado', '07:00:00', '14:00:00', '2020-02-13 04:27:06', NULL, 2, 1),
(9500, 392, 'Segunda', '07:00:00', '17:00:00', '2020-02-13 04:52:40', NULL, 2, 1),
(9501, 392, 'Terça', '07:00:00', '17:00:00', '2020-02-13 04:52:40', NULL, 2, 1),
(9502, 392, 'Quarta', '07:00:00', '17:00:00', '2020-02-13 04:52:40', NULL, 2, 1),
(9503, 392, 'Quinta', '07:00:00', '17:00:00', '2020-02-13 04:52:40', NULL, 2, 1),
(9504, 392, 'Sexta', '07:00:00', '17:00:00', '2020-02-13 04:52:40', NULL, 2, 1),
(9505, 392, 'Sábado', '07:00:00', '13:00:00', '2020-02-13 04:52:40', NULL, 2, 1),
(9506, 396, 'Segunda', '07:00:00', '19:00:00', '2020-02-13 04:53:35', NULL, 2, 1),
(9507, 396, 'Terça', '07:00:00', '19:00:00', '2020-02-13 04:53:35', NULL, 2, 1),
(9508, 396, 'Quarta', '07:00:00', '19:00:00', '2020-02-13 04:53:35', NULL, 2, 1),
(9509, 396, 'Quinta', '07:00:00', '19:00:00', '2020-02-13 04:53:35', NULL, 2, 1),
(9510, 396, 'Sexta', '07:00:00', '19:00:00', '2020-02-13 04:53:35', NULL, 2, 1),
(9511, 396, 'Sábado', '07:00:00', '12:00:00', '2020-02-13 04:53:35', NULL, 2, 1),
(9512, 403, 'Segunda', '08:00:00', '16:00:00', '2020-02-13 05:03:16', NULL, 2, 1),
(9513, 403, 'Terça', '08:00:00', '16:00:00', '2020-02-13 05:03:16', NULL, 2, 1),
(9514, 403, 'Quarta', '08:00:00', '16:00:00', '2020-02-13 05:03:16', NULL, 2, 1),
(9515, 403, 'Quinta', '08:00:00', '16:00:00', '2020-02-13 05:03:16', NULL, 2, 1),
(9516, 403, 'Sexta', '08:00:00', '16:00:00', '2020-02-13 05:03:16', NULL, 2, 1),
(9522, 405, 'Segunda', '08:00:00', '22:00:00', '2020-02-13 18:40:40', NULL, 2, 1),
(9523, 405, 'Terça', '08:00:00', '22:00:00', '2020-02-13 18:40:40', NULL, 2, 1),
(9524, 405, 'Quarta', '08:00:00', '22:00:00', '2020-02-13 18:40:40', NULL, 2, 1),
(9525, 405, 'Quinta', '08:00:00', '22:00:00', '2020-02-13 18:40:40', NULL, 2, 1),
(9526, 405, 'Sábado', '09:00:00', '16:00:00', '2020-02-13 18:40:40', NULL, 2, 1),
(9606, 388, 'Segunda', '07:00:00', '18:00:00', '2020-02-14 03:23:01', NULL, 2, 1),
(9607, 388, 'Terça', '07:00:00', '18:00:00', '2020-02-14 03:23:01', NULL, 2, 1),
(9608, 388, 'Quarta', '07:00:00', '18:00:00', '2020-02-14 03:23:01', NULL, 2, 1),
(9609, 388, 'Quinta', '07:00:00', '18:00:00', '2020-02-14 03:23:01', NULL, 2, 1),
(9610, 388, 'Sexta', '07:00:00', '18:00:00', '2020-02-14 03:23:01', NULL, 2, 1),
(9611, 388, 'Sábado', '07:00:00', '18:00:00', '2020-02-14 03:23:01', NULL, 2, 1),
(9612, 388, 'Domingo', '07:00:00', '11:00:00', '2020-02-14 03:23:01', NULL, 2, 1),
(9613, 352, 'Segunda', '07:00:00', '17:00:00', '2020-02-14 03:23:23', NULL, 2, 1),
(9614, 352, 'Terça', '07:00:00', '17:00:00', '2020-02-14 03:23:23', NULL, 2, 1),
(9615, 352, 'Quarta', '07:00:00', '17:00:00', '2020-02-14 03:23:23', NULL, 2, 1),
(9616, 352, 'Quinta', '07:00:00', '17:00:00', '2020-02-14 03:23:23', NULL, 2, 1),
(9617, 352, 'Sexta', '07:00:00', '17:00:00', '2020-02-14 03:23:23', NULL, 2, 1),
(9618, 352, 'Sábado', '07:00:00', '13:00:00', '2020-02-14 03:23:23', NULL, 2, 1),
(9619, 343, 'Segunda', '07:00:00', '17:00:00', '2020-02-14 03:23:56', NULL, 2, 1),
(9620, 343, 'Terça', '07:00:00', '17:00:00', '2020-02-14 03:23:56', NULL, 2, 1),
(9621, 343, 'Quarta', '07:00:00', '17:00:00', '2020-02-14 03:23:56', NULL, 2, 1),
(9622, 343, 'Quinta', '07:00:00', '17:00:00', '2020-02-14 03:23:56', NULL, 2, 1),
(9623, 343, 'Sexta', '07:00:00', '17:00:00', '2020-02-14 03:23:56', NULL, 2, 1),
(9624, 343, 'Sábado', '07:00:00', '17:00:00', '2020-02-14 03:23:56', NULL, 2, 1),
(9625, 344, 'Segunda', '07:00:00', '17:00:00', '2020-02-14 03:24:23', NULL, 2, 1),
(9626, 344, 'Terça', '07:00:00', '17:00:00', '2020-02-14 03:24:23', NULL, 2, 1),
(9627, 344, 'Quarta', '07:00:00', '17:00:00', '2020-02-14 03:24:23', NULL, 2, 1),
(9628, 344, 'Quinta', '07:00:00', '17:00:00', '2020-02-14 03:24:23', NULL, 2, 1),
(9629, 344, 'Sexta', '07:00:00', '17:00:00', '2020-02-14 03:24:23', NULL, 2, 1),
(9630, 344, 'Sábado', '07:00:00', '17:00:00', '2020-02-14 03:24:23', NULL, 2, 1),
(9642, 341, 'Segunda', '07:00:00', '17:00:00', '2020-02-14 03:26:21', NULL, 2, 1),
(9643, 341, 'Terça', '07:00:00', '17:00:00', '2020-02-14 03:26:21', NULL, 2, 1),
(9644, 341, 'Quarta', '07:00:00', '17:00:00', '2020-02-14 03:26:21', NULL, 2, 1),
(9645, 341, 'Quinta', '07:00:00', '17:00:00', '2020-02-14 03:26:21', NULL, 2, 1),
(9646, 341, 'Sexta', '07:00:00', '17:00:00', '2020-02-14 03:26:21', NULL, 2, 1),
(9647, 341, 'Sábado', '07:00:00', '17:00:00', '2020-02-14 03:26:21', NULL, 2, 1),
(9648, 345, 'Segunda', '07:00:00', '17:00:00', '2020-02-14 03:27:12', NULL, 2, 1),
(9649, 345, 'Terça', '07:00:00', '17:00:00', '2020-02-14 03:27:12', NULL, 2, 1),
(9650, 345, 'Quarta', '07:00:00', '17:00:00', '2020-02-14 03:27:12', NULL, 2, 1),
(9651, 345, 'Quinta', '07:00:00', '17:00:00', '2020-02-14 03:27:12', NULL, 2, 1),
(9652, 345, 'Sexta', '07:00:00', '17:00:00', '2020-02-14 03:27:12', NULL, 2, 1),
(9653, 345, 'Sábado', '07:00:00', '17:00:00', '2020-02-14 03:27:12', NULL, 2, 1),
(9654, 337, 'Domingo', '06:00:00', '12:00:00', '2020-02-14 03:28:26', NULL, 2, 1),
(9655, 337, 'Segunda', '06:00:00', '13:00:00', '2020-02-14 03:28:26', NULL, 2, 1),
(9656, 337, 'Segunda', '14:00:00', '17:30:00', '2020-02-14 03:28:26', NULL, 2, 1),
(9657, 337, 'Terça', '06:00:00', '13:00:00', '2020-02-14 03:28:26', NULL, 2, 1),
(9658, 337, 'Terça', '14:00:00', '17:30:00', '2020-02-14 03:28:26', NULL, 2, 1),
(9659, 337, 'Quarta', '06:00:00', '13:00:00', '2020-02-14 03:28:26', NULL, 2, 1),
(9660, 337, 'Quarta', '14:00:00', '17:30:00', '2020-02-14 03:28:26', NULL, 2, 1),
(9661, 337, 'Quinta', '06:00:00', '13:00:00', '2020-02-14 03:28:26', NULL, 2, 1),
(9662, 337, 'Quinta', '14:00:00', '17:30:00', '2020-02-14 03:28:26', NULL, 2, 1),
(9663, 337, 'Sexta', '06:00:00', '13:00:00', '2020-02-14 03:28:26', NULL, 2, 1),
(9664, 337, 'Sexta', '14:00:00', '17:30:00', '2020-02-14 03:28:26', NULL, 2, 1),
(9665, 337, 'Sábado', '06:00:00', '13:00:00', '2020-02-14 03:28:26', NULL, 2, 1),
(9666, 337, 'Sábado', '14:00:00', '17:30:00', '2020-02-14 03:28:26', NULL, 2, 1),
(9724, 410, 'Segunda', '07:00:00', '17:00:00', '2020-02-17 23:46:30', NULL, 2, 1),
(9725, 410, 'Terça', '07:00:00', '17:00:00', '2020-02-17 23:46:30', NULL, 2, 1),
(9726, 410, 'Quarta', '07:00:00', '17:00:00', '2020-02-17 23:46:30', NULL, 2, 1),
(9727, 410, 'Quinta', '07:00:00', '17:00:00', '2020-02-17 23:46:30', NULL, 2, 1),
(9728, 410, 'Sexta', '07:00:00', '17:00:00', '2020-02-17 23:46:30', NULL, 2, 1),
(9729, 410, 'Sábado', '07:00:00', '11:00:00', '2020-02-17 23:46:30', NULL, 2, 1),
(9730, 421, 'Segunda', '07:00:00', '17:00:00', '2020-02-17 23:48:01', NULL, 2, 1),
(9731, 421, 'Terça', '07:00:00', '17:00:00', '2020-02-17 23:48:01', NULL, 2, 1),
(9732, 421, 'Quarta', '07:00:00', '17:00:00', '2020-02-17 23:48:01', NULL, 2, 1),
(9733, 421, 'Quinta', '07:00:00', '17:00:00', '2020-02-17 23:48:01', NULL, 2, 1),
(9734, 421, 'Sexta', '07:00:00', '17:00:00', '2020-02-17 23:48:01', NULL, 2, 1),
(9735, 421, 'Sábado', '07:00:00', '07:00:00', '2020-02-17 23:48:01', NULL, 2, 1),
(9736, 413, 'Segunda', '07:00:00', '17:00:00', '2020-02-17 23:50:06', NULL, 2, 1),
(9737, 413, 'Terça', '07:00:00', '17:00:00', '2020-02-17 23:50:06', NULL, 2, 1),
(9738, 413, 'Quarta', '07:00:00', '17:00:00', '2020-02-17 23:50:06', NULL, 2, 1),
(9739, 413, 'Quinta', '07:00:00', '17:00:00', '2020-02-17 23:50:06', NULL, 2, 1),
(9740, 413, 'Sexta', '07:00:00', '17:00:00', '2020-02-17 23:50:06', NULL, 2, 1),
(9741, 413, 'Sábado', '07:00:00', '14:00:00', '2020-02-17 23:50:06', NULL, 2, 1),
(9748, 420, 'Segunda', '08:00:00', '17:00:00', '2020-02-17 23:53:04', NULL, 2, 1),
(9749, 420, 'Terça', '08:00:00', '17:00:00', '2020-02-17 23:53:04', NULL, 2, 1),
(9750, 420, 'Quarta', '08:00:00', '17:00:00', '2020-02-17 23:53:04', NULL, 2, 1),
(9751, 420, 'Quinta', '08:00:00', '17:00:00', '2020-02-17 23:53:04', NULL, 2, 1),
(9752, 420, 'Sexta', '08:00:00', '17:00:00', '2020-02-17 23:53:04', NULL, 2, 1),
(9753, 420, 'Sábado', '08:00:00', '12:00:00', '2020-02-17 23:53:04', NULL, 2, 1),
(9754, 417, 'Segunda', '07:00:00', '17:30:00', '2020-02-17 23:54:11', NULL, 2, 1),
(9755, 417, 'Terça', '07:00:00', '17:30:00', '2020-02-17 23:54:11', NULL, 2, 1),
(9756, 417, 'Quarta', '07:00:00', '17:30:00', '2020-02-17 23:54:11', NULL, 2, 1),
(9757, 417, 'Quinta', '07:00:00', '17:30:00', '2020-02-17 23:54:11', NULL, 2, 1),
(9758, 417, 'Sexta', '07:00:00', '17:30:00', '2020-02-17 23:54:11', NULL, 2, 1),
(9759, 417, 'Sábado', '07:00:00', '13:00:00', '2020-02-17 23:54:11', NULL, 2, 1),
(9760, 419, 'Segunda', '06:30:00', '17:00:00', '2020-02-17 23:56:00', NULL, 2, 1),
(9761, 419, 'Terça', '06:30:00', '17:00:00', '2020-02-17 23:56:00', NULL, 2, 1),
(9762, 419, 'Quarta', '06:30:00', '17:00:00', '2020-02-17 23:56:00', NULL, 2, 1),
(9763, 419, 'Quinta', '06:30:00', '17:00:00', '2020-02-17 23:56:00', NULL, 2, 1),
(9764, 419, 'Sexta', '06:30:00', '17:00:00', '2020-02-17 23:56:00', NULL, 2, 1),
(9765, 419, 'Sábado', '06:30:00', '12:00:00', '2020-02-17 23:56:00', NULL, 2, 1),
(9766, 372, 'Segunda', '07:00:00', '12:00:00', '2020-02-17 23:58:05', NULL, 2, 1),
(9767, 372, 'Segunda', '13:00:00', '17:30:00', '2020-02-17 23:58:05', NULL, 2, 1),
(9768, 372, 'Terça', '07:00:00', '12:00:00', '2020-02-17 23:58:05', NULL, 2, 1),
(9769, 372, 'Terça', '13:00:00', '17:30:00', '2020-02-17 23:58:05', NULL, 2, 1),
(9770, 372, 'Quarta', '07:00:00', '12:00:00', '2020-02-17 23:58:05', NULL, 2, 1),
(9771, 372, 'Quarta', '13:00:00', '17:30:00', '2020-02-17 23:58:05', NULL, 2, 1),
(9772, 372, 'Quinta', '07:00:00', '12:00:00', '2020-02-17 23:58:05', NULL, 2, 1),
(9773, 372, 'Quinta', '13:00:00', '17:30:00', '2020-02-17 23:58:05', NULL, 2, 1),
(9774, 372, 'Sexta', '07:00:00', '12:00:00', '2020-02-17 23:58:05', NULL, 2, 1),
(9775, 372, 'Sexta', '13:00:00', '17:30:00', '2020-02-17 23:58:05', NULL, 2, 1),
(9776, 372, 'Sábado', '07:00:00', '13:30:00', '2020-02-17 23:58:05', NULL, 2, 1),
(9783, 409, 'Segunda', '07:00:00', '17:00:00', '2020-02-17 23:59:37', NULL, 2, 1),
(9784, 409, 'Terça', '07:00:00', '17:00:00', '2020-02-17 23:59:37', NULL, 2, 1),
(9785, 409, 'Quarta', '07:00:00', '17:00:00', '2020-02-17 23:59:37', NULL, 2, 1),
(9786, 409, 'Quinta', '07:00:00', '17:00:00', '2020-02-17 23:59:37', NULL, 2, 1),
(9787, 409, 'Sexta', '07:00:00', '17:00:00', '2020-02-17 23:59:37', NULL, 2, 1),
(9788, 409, 'Sábado', '07:00:00', '12:00:00', '2020-02-17 23:59:37', NULL, 2, 1),
(9789, 415, 'Segunda', '07:30:00', '17:30:00', '2020-02-18 00:00:15', NULL, 2, 1),
(9790, 415, 'Terça', '07:30:00', '17:30:00', '2020-02-18 00:00:15', NULL, 2, 1),
(9791, 415, 'Quarta', '07:30:00', '17:30:00', '2020-02-18 00:00:15', NULL, 2, 1),
(9792, 415, 'Quinta', '07:30:00', '17:30:00', '2020-02-18 00:00:15', NULL, 2, 1),
(9793, 415, 'Sexta', '07:30:00', '17:30:00', '2020-02-18 00:00:15', NULL, 2, 1),
(9794, 415, 'Sábado', '07:30:00', '12:00:00', '2020-02-18 00:00:15', NULL, 2, 1),
(9795, 414, 'Segunda', '07:00:00', '11:30:00', '2020-02-18 00:02:54', NULL, 2, 1),
(9796, 414, 'Segunda', '13:00:00', '17:00:00', '2020-02-18 00:02:54', NULL, 2, 1),
(9797, 414, 'Terça', '07:00:00', '11:30:00', '2020-02-18 00:02:54', NULL, 2, 1),
(9798, 414, 'Terça', '13:00:00', '17:00:00', '2020-02-18 00:02:54', NULL, 2, 1),
(9799, 414, 'Quarta', '07:00:00', '11:30:00', '2020-02-18 00:02:54', NULL, 2, 1),
(9800, 414, 'Quarta', '13:00:00', '17:00:00', '2020-02-18 00:02:54', NULL, 2, 1),
(9801, 414, 'Quinta', '07:00:00', '11:30:00', '2020-02-18 00:02:54', NULL, 2, 1),
(9802, 414, 'Quinta', '13:00:00', '17:00:00', '2020-02-18 00:02:54', NULL, 2, 1),
(9803, 414, 'Sexta', '07:00:00', '11:30:00', '2020-02-18 00:02:54', NULL, 2, 1),
(9804, 414, 'Sexta', '13:00:00', '17:00:00', '2020-02-18 00:02:54', NULL, 2, 1),
(9805, 411, 'Segunda', '08:00:00', '17:00:00', '2020-02-18 00:04:08', NULL, 2, 1),
(9806, 411, 'Terça', '08:00:00', '17:00:00', '2020-02-18 00:04:08', NULL, 2, 1),
(9807, 411, 'Quarta', '08:00:00', '17:00:00', '2020-02-18 00:04:08', NULL, 2, 1),
(9808, 411, 'Quinta', '08:00:00', '17:00:00', '2020-02-18 00:04:08', NULL, 2, 1),
(9809, 411, 'Sexta', '08:00:00', '17:00:00', '2020-02-18 00:04:08', NULL, 2, 1),
(9810, 411, 'Sábado', '08:00:00', '14:00:00', '2020-02-18 00:04:08', NULL, 2, 1),
(9811, 407, 'Segunda', '07:30:00', '17:15:00', '2020-02-18 00:06:31', NULL, 2, 1),
(9812, 407, 'Terça', '07:30:00', '17:15:00', '2020-02-18 00:06:31', NULL, 2, 1),
(9813, 407, 'Quarta', '07:30:00', '17:15:00', '2020-02-18 00:06:31', NULL, 2, 1),
(9814, 407, 'Quinta', '07:30:00', '17:15:00', '2020-02-18 00:06:31', NULL, 2, 1),
(9815, 407, 'Sexta', '07:30:00', '17:15:00', '2020-02-18 00:06:31', NULL, 2, 1),
(9816, 407, 'Sábado', '07:30:00', '12:30:00', '2020-02-18 00:06:31', NULL, 2, 1),
(9817, 412, 'Segunda', '07:40:00', '17:40:00', '2020-02-18 00:07:36', NULL, 2, 1),
(9818, 412, 'Terça', '07:40:00', '17:40:00', '2020-02-18 00:07:36', NULL, 2, 1),
(9819, 412, 'Quarta', '07:40:00', '17:40:00', '2020-02-18 00:07:36', NULL, 2, 1),
(9820, 412, 'Quinta', '07:40:00', '17:40:00', '2020-02-18 00:07:36', NULL, 2, 1),
(9821, 412, 'Sexta', '07:40:00', '17:40:00', '2020-02-18 00:07:36', NULL, 2, 1),
(9822, 412, 'Sábado', '07:40:00', '14:00:00', '2020-02-18 00:07:36', NULL, 2, 1),
(9833, 406, 'Segunda', '07:00:00', '17:30:00', '2020-02-18 20:30:14', NULL, 2, 1),
(9834, 406, 'Terça', '07:00:00', '17:30:00', '2020-02-18 20:30:14', NULL, 2, 1),
(9835, 406, 'Quarta', '07:00:00', '17:30:00', '2020-02-18 20:30:14', NULL, 2, 1),
(9836, 406, 'Quinta', '07:00:00', '17:30:00', '2020-02-18 20:30:14', NULL, 2, 1),
(9837, 406, 'Sexta', '07:00:00', '17:30:00', '2020-02-18 20:30:14', NULL, 2, 1),
(9838, 406, 'Sábado', '07:00:00', '14:00:00', '2020-02-18 20:30:14', NULL, 2, 1),
(9850, 418, 'Segunda', '07:00:00', '17:00:00', '2020-02-19 13:38:54', NULL, 2, 1),
(9851, 418, 'Terça', '07:00:00', '17:00:00', '2020-02-19 13:38:54', NULL, 2, 1),
(9852, 418, 'Quarta', '07:00:00', '17:00:00', '2020-02-19 13:38:54', NULL, 2, 1),
(9853, 418, 'Quinta', '07:00:00', '17:00:00', '2020-02-19 13:38:54', NULL, 2, 1),
(9854, 418, 'Sexta', '07:00:00', '17:00:00', '2020-02-19 13:38:54', NULL, 2, 1),
(9867, 433, 'Segunda', '08:00:00', '12:00:00', '2020-02-20 18:08:06', NULL, 2, 1),
(9868, 433, 'Segunda', '13:30:00', '17:00:00', '2020-02-20 18:08:06', NULL, 2, 1),
(9869, 433, 'Terça', '08:00:00', '12:00:00', '2020-02-20 18:08:06', NULL, 2, 1),
(9870, 433, 'Terça', '13:30:00', '17:00:00', '2020-02-20 18:08:06', NULL, 2, 1),
(9871, 433, 'Quarta', '08:00:00', '12:00:00', '2020-02-20 18:08:06', NULL, 2, 1),
(9872, 433, 'Quarta', '13:30:00', '17:00:00', '2020-02-20 18:08:06', NULL, 2, 1),
(9873, 433, 'Quinta', '08:00:00', '12:00:00', '2020-02-20 18:08:06', NULL, 2, 1),
(9874, 433, 'Quinta', '13:30:00', '17:00:00', '2020-02-20 18:08:06', NULL, 2, 1),
(9875, 433, 'Sexta', '08:00:00', '12:00:00', '2020-02-20 18:08:06', NULL, 2, 1),
(9876, 433, 'Sexta', '13:30:00', '17:00:00', '2020-02-20 18:08:06', NULL, 2, 1),
(9877, 444, 'Segunda', '08:00:00', '17:00:00', '2020-02-20 18:18:49', NULL, 2, 1),
(9878, 444, 'Terça', '08:00:00', '17:00:00', '2020-02-20 18:18:49', NULL, 2, 1),
(9879, 444, 'Quarta', '08:00:00', '17:00:00', '2020-02-20 18:18:49', NULL, 2, 1),
(9880, 444, 'Quinta', '08:00:00', '17:00:00', '2020-02-20 18:18:49', NULL, 2, 1),
(9881, 444, 'Sexta', '08:00:00', '17:00:00', '2020-02-20 18:18:49', NULL, 2, 1),
(9882, 448, 'Segunda', '08:00:00', '11:30:00', '2020-02-20 19:44:08', NULL, 2, 1),
(9883, 448, 'Segunda', '13:30:00', '17:00:00', '2020-02-20 19:44:08', NULL, 2, 1),
(9884, 448, 'Terça', '08:00:00', '11:30:00', '2020-02-20 19:44:08', NULL, 2, 1),
(9885, 448, 'Terça', '13:30:00', '17:00:00', '2020-02-20 19:44:08', NULL, 2, 1),
(9886, 448, 'Quarta', '08:00:00', '11:30:00', '2020-02-20 19:44:08', NULL, 2, 1),
(9887, 448, 'Quarta', '13:30:00', '17:00:00', '2020-02-20 19:44:08', NULL, 2, 1),
(9888, 448, 'Quinta', '08:00:00', '11:30:00', '2020-02-20 19:44:08', NULL, 2, 1),
(9889, 448, 'Quinta', '13:30:00', '17:00:00', '2020-02-20 19:44:08', NULL, 2, 1),
(9890, 448, 'Sexta', '08:00:00', '11:30:00', '2020-02-20 19:44:08', NULL, 2, 1),
(9891, 448, 'Sexta', '13:30:00', '17:00:00', '2020-02-20 19:44:08', NULL, 2, 1),
(9898, 443, 'Segunda', '08:00:00', '19:00:00', '2020-02-20 21:41:10', NULL, 2, 1),
(9899, 443, 'Terça', '08:00:00', '19:00:00', '2020-02-20 21:41:10', NULL, 2, 1),
(9900, 443, 'Quarta', '08:00:00', '19:00:00', '2020-02-20 21:41:10', NULL, 2, 1),
(9901, 443, 'Quinta', '08:00:00', '19:00:00', '2020-02-20 21:41:10', NULL, 2, 1),
(9902, 443, 'Sexta', '08:00:00', '19:00:00', '2020-02-20 21:41:10', NULL, 2, 1),
(9903, 443, 'Sábado', '08:00:00', '19:00:00', '2020-02-20 21:41:10', NULL, 2, 1),
(9904, 447, 'Segunda', '08:00:00', '16:00:00', '2020-02-20 22:05:20', NULL, 2, 1),
(9905, 447, 'Terça', '08:00:00', '16:00:00', '2020-02-20 22:05:20', NULL, 2, 1),
(9906, 447, 'Quarta', '08:00:00', '16:00:00', '2020-02-20 22:05:20', NULL, 2, 1),
(9907, 447, 'Quinta', '08:00:00', '16:00:00', '2020-02-20 22:05:20', NULL, 2, 1),
(9908, 447, 'Sexta', '08:00:00', '16:00:00', '2020-02-20 22:05:20', NULL, 2, 1),
(9909, 447, 'Sábado', '08:00:00', '16:00:00', '2020-02-20 22:05:20', NULL, 2, 1),
(9910, 449, 'Segunda', '08:00:00', '17:00:00', '2020-02-20 22:12:46', NULL, 2, 1),
(9911, 449, 'Terça', '08:00:00', '17:00:00', '2020-02-20 22:12:46', NULL, 2, 1),
(9912, 449, 'Quarta', '08:00:00', '17:00:00', '2020-02-20 22:12:46', NULL, 2, 1),
(9913, 449, 'Quinta', '08:00:00', '17:00:00', '2020-02-20 22:12:46', NULL, 2, 1),
(9914, 449, 'Sexta', '08:00:00', '17:00:00', '2020-02-20 22:12:46', NULL, 2, 1),
(9915, 449, 'Sábado', '08:00:00', '13:00:00', '2020-02-20 22:12:46', NULL, 2, 1),
(9916, 446, 'Segunda', '08:00:00', '21:00:00', '2020-02-20 23:10:22', NULL, 2, 1),
(9917, 446, 'Terça', '08:00:00', '21:00:00', '2020-02-20 23:10:22', NULL, 2, 1),
(9918, 446, 'Quarta', '08:00:00', '21:00:00', '2020-02-20 23:10:22', NULL, 2, 1),
(9919, 446, 'Quinta', '08:00:00', '21:00:00', '2020-02-20 23:10:22', NULL, 2, 1),
(9920, 446, 'Sexta', '08:00:00', '21:00:00', '2020-02-20 23:10:22', NULL, 2, 1),
(9921, 446, 'Sábado', '08:00:00', '21:00:00', '2020-02-20 23:10:22', NULL, 2, 1),
(9952, 452, 'Segunda', '08:00:00', '18:00:00', '2020-02-22 15:25:47', NULL, 2, 1),
(9953, 452, 'Terça', '08:00:00', '18:00:00', '2020-02-22 15:25:47', NULL, 2, 1),
(9954, 452, 'Quarta', '08:00:00', '18:00:00', '2020-02-22 15:25:47', NULL, 2, 1),
(9955, 452, 'Quinta', '08:00:00', '18:00:00', '2020-02-22 15:25:47', NULL, 2, 1),
(9956, 452, 'Sexta', '08:00:00', '18:00:00', '2020-02-22 15:25:47', NULL, 2, 1),
(9957, 452, 'Sábado', '08:00:00', '14:00:00', '2020-02-22 15:25:47', NULL, 2, 1),
(9964, 454, 'Segunda', '08:00:00', '18:00:00', '2020-02-22 15:47:29', NULL, 2, 1),
(9965, 454, 'Terça', '08:00:00', '18:00:00', '2020-02-22 15:47:29', NULL, 2, 1),
(9966, 454, 'Quarta', '08:00:00', '18:00:00', '2020-02-22 15:47:29', NULL, 2, 1),
(9967, 454, 'Quinta', '08:00:00', '18:00:00', '2020-02-22 15:47:29', NULL, 2, 1),
(9968, 454, 'Sexta', '08:00:00', '18:00:00', '2020-02-22 15:47:29', NULL, 2, 1),
(9969, 454, 'Sábado', '08:00:00', '18:00:00', '2020-02-22 15:47:29', NULL, 2, 1),
(9970, 455, 'Segunda', '08:00:00', '18:00:00', '2020-02-22 16:25:09', NULL, 2, 1),
(9971, 455, 'Terça', '08:00:00', '18:00:00', '2020-02-22 16:25:09', NULL, 2, 1),
(9972, 455, 'Quarta', '08:00:00', '18:00:00', '2020-02-22 16:25:09', NULL, 2, 1),
(9973, 455, 'Quinta', '08:00:00', '18:00:00', '2020-02-22 16:25:09', NULL, 2, 1),
(9974, 455, 'Sexta', '08:00:00', '18:00:00', '2020-02-22 16:25:09', NULL, 2, 1),
(9975, 455, 'Sábado', '08:00:00', '16:00:00', '2020-02-22 16:25:09', NULL, 2, 1),
(9982, 398, 'Segunda', '08:00:00', '12:00:00', '2020-02-22 19:35:33', NULL, 2, 1),
(9983, 398, 'Segunda', '14:00:00', '18:00:00', '2020-02-22 19:35:33', NULL, 2, 1),
(9984, 398, 'Terça', '08:00:00', '12:00:00', '2020-02-22 19:35:33', NULL, 2, 1),
(9985, 398, 'Terça', '14:00:00', '18:00:00', '2020-02-22 19:35:33', NULL, 2, 1),
(9986, 398, 'Quarta', '08:00:00', '12:00:00', '2020-02-22 19:35:33', NULL, 2, 1),
(9987, 398, 'Quarta', '14:00:00', '18:00:00', '2020-02-22 19:35:33', NULL, 2, 1),
(9988, 398, 'Quinta', '08:00:00', '12:00:00', '2020-02-22 19:35:33', NULL, 2, 1),
(9989, 398, 'Quinta', '14:00:00', '18:00:00', '2020-02-22 19:35:33', NULL, 2, 1),
(9990, 398, 'Sexta', '08:00:00', '12:00:00', '2020-02-22 19:35:33', NULL, 2, 1),
(9991, 398, 'Sexta', '14:00:00', '18:00:00', '2020-02-22 19:35:33', NULL, 2, 1),
(9992, 398, 'Sábado', '08:00:00', '12:00:00', '2020-02-22 19:35:33', NULL, 2, 1),
(9993, 398, 'Sábado', '14:00:00', '18:00:00', '2020-02-22 19:35:33', NULL, 2, 1),
(9994, 453, 'Segunda', '08:00:00', '18:00:00', '2020-02-22 19:44:50', NULL, 2, 1),
(9995, 453, 'Terça', '08:00:00', '18:00:00', '2020-02-22 19:44:50', NULL, 2, 1),
(9996, 453, 'Quarta', '08:00:00', '18:00:00', '2020-02-22 19:44:50', NULL, 2, 1),
(9997, 453, 'Quinta', '08:00:00', '19:00:00', '2020-02-22 19:44:50', NULL, 2, 1),
(9998, 453, 'Sexta', '06:00:00', '18:00:00', '2020-02-22 19:44:50', NULL, 2, 1),
(9999, 453, 'Sexta', '08:00:00', '16:00:00', '2020-02-22 19:44:50', NULL, 2, 1),
(10000, 456, 'Segunda', '07:30:00', '17:00:00', '2020-02-22 19:51:23', NULL, 2, 1),
(10001, 456, 'Terça', '07:30:00', '17:00:00', '2020-02-22 19:51:23', NULL, 2, 1),
(10002, 456, 'Quarta', '07:30:00', '17:00:00', '2020-02-22 19:51:23', NULL, 2, 1),
(10003, 456, 'Quinta', '07:30:00', '17:00:00', '2020-02-22 19:51:23', NULL, 2, 1),
(10004, 456, 'Sexta', '07:30:00', '17:00:00', '2020-02-22 19:51:23', NULL, 2, 1),
(10005, 456, 'Sábado', '08:00:00', '14:00:00', '2020-02-22 19:51:23', NULL, 2, 1),
(10006, 451, 'Segunda', '08:00:00', '18:00:00', '2020-02-22 20:27:25', NULL, 2, 1),
(10007, 451, 'Terça', '08:00:00', '18:00:00', '2020-02-22 20:27:25', NULL, 2, 1),
(10008, 451, 'Quarta', '08:00:00', '18:00:00', '2020-02-22 20:27:25', NULL, 2, 1),
(10009, 451, 'Quinta', '08:00:00', '18:00:00', '2020-02-22 20:27:25', NULL, 2, 1),
(10010, 451, 'Sexta', '08:00:00', '18:00:00', '2020-02-22 20:27:25', NULL, 2, 1),
(10011, 451, 'Sábado', '08:00:00', '18:00:00', '2020-02-22 20:27:25', NULL, 2, 1),
(10020, 367, 'Domingo', '00:00:00', '23:59:00', '2020-02-22 23:46:44', NULL, 2, 1),
(10021, 367, 'Segunda', '00:00:00', '23:59:00', '2020-02-22 23:46:44', NULL, 2, 1),
(10022, 367, 'Terça', '00:00:00', '23:59:00', '2020-02-22 23:46:44', NULL, 2, 1),
(10023, 367, 'Quarta', '00:00:00', '23:59:00', '2020-02-22 23:46:44', NULL, 2, 1),
(10024, 367, 'Quinta', '00:00:00', '23:59:00', '2020-02-22 23:46:44', NULL, 2, 1),
(10025, 367, 'Sexta', '00:00:00', '23:59:00', '2020-02-22 23:46:44', NULL, 2, 1),
(10026, 367, 'Sábado', '00:00:00', '23:59:00', '2020-02-22 23:46:44', NULL, 2, 1),
(10027, 401, 'Segunda', '08:00:00', '17:30:00', '2020-02-22 23:49:54', NULL, 2, 1),
(10028, 401, 'Terça', '08:00:00', '17:30:00', '2020-02-22 23:49:54', NULL, 2, 1),
(10029, 401, 'Quarta', '08:00:00', '17:30:00', '2020-02-22 23:49:54', NULL, 2, 1),
(10030, 401, 'Quinta', '08:00:00', '17:30:00', '2020-02-22 23:49:54', NULL, 2, 1),
(10031, 401, 'Sexta', '08:00:00', '17:30:00', '2020-02-22 23:49:54', NULL, 2, 1),
(10032, 401, 'Sábado', '08:00:00', '14:00:00', '2020-02-22 23:49:54', NULL, 2, 1),
(10033, 393, 'Domingo', '00:00:00', '23:59:00', '2020-02-22 23:51:21', NULL, 2, 1),
(10034, 393, 'Segunda', '00:00:00', '23:59:00', '2020-02-22 23:51:21', NULL, 2, 1),
(10035, 393, 'Terça', '00:00:00', '23:59:00', '2020-02-22 23:51:21', NULL, 2, 1),
(10036, 393, 'Quarta', '00:00:00', '23:59:00', '2020-02-22 23:51:21', NULL, 2, 1),
(10037, 393, 'Quinta', '00:00:00', '23:59:00', '2020-02-22 23:51:21', NULL, 2, 1),
(10038, 393, 'Sexta', '00:00:00', '23:59:00', '2020-02-22 23:51:21', NULL, 2, 1),
(10039, 393, 'Sábado', '00:00:00', '23:59:00', '2020-02-22 23:51:21', NULL, 2, 1),
(10040, 382, 'Segunda', '07:00:00', '12:00:00', '2020-02-22 23:53:04', NULL, 2, 1),
(10041, 382, 'Segunda', '13:30:00', '19:30:00', '2020-02-22 23:53:04', NULL, 2, 1),
(10042, 382, 'Terça', '07:00:00', '12:00:00', '2020-02-22 23:53:04', NULL, 2, 1),
(10043, 382, 'Terça', '13:30:00', '19:30:00', '2020-02-22 23:53:04', NULL, 2, 1),
(10044, 382, 'Quarta', '07:00:00', '12:00:00', '2020-02-22 23:53:04', NULL, 2, 1),
(10045, 382, 'Quarta', '13:30:00', '19:30:00', '2020-02-22 23:53:04', NULL, 2, 1),
(10046, 382, 'Quinta', '07:00:00', '12:00:00', '2020-02-22 23:53:04', NULL, 2, 1),
(10047, 382, 'Quinta', '13:30:00', '19:30:00', '2020-02-22 23:53:04', NULL, 2, 1),
(10048, 382, 'Sexta', '07:00:00', '12:00:00', '2020-02-22 23:53:04', NULL, 2, 1),
(10049, 382, 'Sexta', '13:30:00', '19:30:00', '2020-02-22 23:53:04', NULL, 2, 1),
(10050, 382, 'Sábado', '07:00:00', '12:00:00', '2020-02-22 23:53:04', NULL, 2, 1),
(10051, 382, 'Sábado', '13:30:00', '19:30:00', '2020-02-22 23:53:04', NULL, 2, 1),
(10058, 300, 'Segunda', '07:00:00', '17:00:00', '2020-02-22 23:56:01', NULL, 2, 1),
(10059, 300, 'Terça', '07:00:00', '17:00:00', '2020-02-22 23:56:01', NULL, 2, 1),
(10060, 300, 'Quarta', '07:00:00', '17:00:00', '2020-02-22 23:56:01', NULL, 2, 1),
(10061, 300, 'Quinta', '07:00:00', '17:00:00', '2020-02-22 23:56:01', NULL, 2, 1),
(10062, 300, 'Sexta', '07:00:00', '17:00:00', '2020-02-22 23:56:01', NULL, 2, 1),
(10063, 300, 'Sábado', '07:00:00', '13:00:00', '2020-02-22 23:56:01', NULL, 2, 1),
(10075, 378, 'Segunda', '07:00:00', '11:30:00', '2020-02-24 15:23:12', NULL, 2, 1),
(10076, 378, 'Segunda', '13:30:00', '17:30:00', '2020-02-24 15:23:12', NULL, 2, 1),
(10077, 378, 'Terça', '07:00:00', '11:30:00', '2020-02-24 15:23:12', NULL, 2, 1),
(10078, 378, 'Terça', '13:30:00', '17:30:00', '2020-02-24 15:23:12', NULL, 2, 1),
(10079, 378, 'Quarta', '07:00:00', '11:30:00', '2020-02-24 15:23:12', NULL, 2, 1),
(10080, 378, 'Quarta', '13:30:00', '17:30:00', '2020-02-24 15:23:12', NULL, 2, 1),
(10081, 378, 'Quinta', '07:00:00', '11:30:00', '2020-02-24 15:23:12', NULL, 2, 1),
(10082, 378, 'Quinta', '13:30:00', '17:30:00', '2020-02-24 15:23:12', NULL, 2, 1),
(10083, 378, 'Sexta', '07:00:00', '11:30:00', '2020-02-24 15:23:12', NULL, 2, 1),
(10084, 378, 'Sexta', '13:30:00', '17:30:00', '2020-02-24 15:23:12', NULL, 2, 1),
(10085, 378, 'Sábado', '07:00:00', '11:00:00', '2020-02-24 15:23:12', NULL, 2, 1),
(10100, 253, 'Segunda', '07:00:00', '17:00:00', '2020-02-24 17:24:14', NULL, 2, 1),
(10101, 253, 'Terça', '07:00:00', '17:00:00', '2020-02-24 17:24:14', NULL, 2, 1),
(10102, 253, 'Quarta', '07:00:00', '17:00:00', '2020-02-24 17:24:14', NULL, 2, 1),
(10103, 253, 'Quinta', '07:00:00', '17:00:00', '2020-02-24 17:24:14', NULL, 2, 1),
(10104, 253, 'Sexta', '07:00:00', '17:00:00', '2020-02-24 17:24:14', NULL, 2, 1),
(10105, 457, 'Domingo', '00:00:00', '23:59:00', '2020-02-24 17:31:23', NULL, 2, 1),
(10106, 457, 'Segunda', '00:00:00', '23:59:00', '2020-02-24 17:31:23', NULL, 2, 1),
(10107, 457, 'Terça', '00:00:00', '23:59:00', '2020-02-24 17:31:23', NULL, 2, 1),
(10108, 457, 'Quarta', '00:00:00', '23:59:00', '2020-02-24 17:31:23', NULL, 2, 1),
(10109, 457, 'Quinta', '00:00:00', '23:59:00', '2020-02-24 17:31:23', NULL, 2, 1),
(10110, 457, 'Sexta', '00:00:00', '23:59:00', '2020-02-24 17:31:23', NULL, 2, 1),
(10111, 457, 'Sábado', '00:00:00', '23:59:00', '2020-02-24 17:31:23', NULL, 2, 1),
(10126, 460, 'Domingo', '00:00:00', '23:59:00', '2020-02-24 18:22:00', NULL, 2, 1),
(10127, 460, 'Segunda', '00:00:00', '23:59:00', '2020-02-24 18:22:00', NULL, 2, 1),
(10128, 460, 'Terça', '00:00:00', '23:59:00', '2020-02-24 18:22:00', NULL, 2, 1),
(10129, 460, 'Quarta', '00:00:00', '23:59:00', '2020-02-24 18:22:00', NULL, 2, 1),
(10130, 460, 'Quinta', '00:00:00', '23:59:00', '2020-02-24 18:22:00', NULL, 2, 1),
(10131, 460, 'Sexta', '00:00:00', '23:59:00', '2020-02-24 18:22:00', NULL, 2, 1),
(10132, 460, 'Sábado', '00:00:00', '23:59:00', '2020-02-24 18:22:00', NULL, 2, 1),
(10166, 416, 'Segunda', '07:00:00', '17:00:00', '2020-02-25 20:07:59', NULL, 2, 1),
(10167, 416, 'Terça', '07:00:00', '17:00:00', '2020-02-25 20:07:59', NULL, 2, 1),
(10168, 416, 'Quarta', '07:00:00', '17:00:00', '2020-02-25 20:07:59', NULL, 2, 1),
(10169, 416, 'Quinta', '07:00:00', '17:00:00', '2020-02-25 20:07:59', NULL, 2, 1),
(10170, 416, 'Sexta', '07:00:00', '17:00:00', '2020-02-25 20:07:59', NULL, 2, 1),
(10171, 416, 'Sábado', '07:00:00', '13:00:00', '2020-02-25 20:07:59', NULL, 2, 1),
(10172, 291, 'Segunda', '08:30:00', '18:00:00', '2020-02-25 20:15:39', NULL, 2, 1),
(10173, 291, 'Terça', '08:30:00', '18:00:00', '2020-02-25 20:15:39', NULL, 2, 1),
(10174, 291, 'Quarta', '08:30:00', '18:00:00', '2020-02-25 20:15:39', NULL, 2, 1),
(10175, 291, 'Quinta', '08:30:00', '18:00:00', '2020-02-25 20:15:39', NULL, 2, 1),
(10176, 291, 'Sexta', '08:30:00', '18:00:00', '2020-02-25 20:15:39', NULL, 2, 1),
(10177, 291, 'Sábado', '08:30:00', '16:00:00', '2020-02-25 20:15:39', NULL, 2, 1),
(10178, 284, 'Segunda', '07:30:00', '17:30:00', '2020-02-25 20:38:56', NULL, 2, 1),
(10179, 284, 'Terça', '07:30:00', '17:30:00', '2020-02-25 20:38:56', NULL, 2, 1),
(10180, 284, 'Quarta', '07:30:00', '17:30:00', '2020-02-25 20:38:56', NULL, 2, 1),
(10181, 284, 'Quinta', '07:30:00', '17:30:00', '2020-02-25 20:38:56', NULL, 2, 1),
(10182, 284, 'Sexta', '07:30:00', '17:30:00', '2020-02-25 20:38:56', NULL, 2, 1),
(10183, 284, 'Sábado', '07:30:00', '17:30:00', '2020-02-25 20:38:56', NULL, 2, 1),
(10184, 363, 'Segunda', '08:00:00', '11:00:00', '2020-02-25 21:11:07', NULL, 2, 1),
(10185, 363, 'Segunda', '13:00:00', '17:00:00', '2020-02-25 21:11:07', NULL, 2, 1),
(10186, 363, 'Terça', '08:00:00', '11:00:00', '2020-02-25 21:11:07', NULL, 2, 1),
(10187, 363, 'Terça', '13:00:00', '17:00:00', '2020-02-25 21:11:07', NULL, 2, 1),
(10188, 363, 'Quarta', '08:00:00', '11:00:00', '2020-02-25 21:11:07', NULL, 2, 1),
(10189, 363, 'Quarta', '13:00:00', '17:00:00', '2020-02-25 21:11:07', NULL, 2, 1),
(10190, 363, 'Quinta', '08:00:00', '11:00:00', '2020-02-25 21:11:07', NULL, 2, 1),
(10191, 363, 'Quinta', '13:00:00', '17:00:00', '2020-02-25 21:11:07', NULL, 2, 1),
(10192, 363, 'Sexta', '08:00:00', '11:00:00', '2020-02-25 21:11:07', NULL, 2, 1),
(10193, 363, 'Sexta', '13:00:00', '17:00:00', '2020-02-25 21:11:07', NULL, 2, 1),
(10194, 363, 'Sábado', '08:00:00', '12:00:00', '2020-02-25 21:11:07', NULL, 2, 1),
(10250, 328, 'Quarta', '15:00:00', '21:00:00', '2020-02-27 02:04:40', NULL, 2, 1),
(10251, 328, 'Quinta', '15:00:00', '21:00:00', '2020-02-27 02:04:40', NULL, 2, 1),
(10252, 328, 'Sexta', '15:00:00', '21:00:00', '2020-02-27 02:04:40', NULL, 2, 1),
(10259, 329, 'Segunda', '09:00:00', '18:00:00', '2020-02-27 02:05:14', NULL, 2, 1),
(10260, 329, 'Terça', '09:00:00', '18:00:00', '2020-02-27 02:05:14', NULL, 2, 1),
(10261, 329, 'Quarta', '09:00:00', '18:00:00', '2020-02-27 02:05:14', NULL, 2, 1),
(10262, 329, 'Quinta', '09:00:00', '18:00:00', '2020-02-27 02:05:14', NULL, 2, 1),
(10263, 329, 'Sexta', '09:00:00', '18:00:00', '2020-02-27 02:05:14', NULL, 2, 1),
(10264, 329, 'Sábado', '09:00:00', '18:00:00', '2020-02-27 02:05:14', NULL, 2, 1),
(10286, 458, 'Domingo', '00:00:00', '23:59:00', '2020-02-27 14:29:10', NULL, 2, 1),
(10287, 458, 'Segunda', '00:00:00', '23:59:00', '2020-02-27 14:29:10', NULL, 2, 1),
(10288, 458, 'Terça', '00:00:00', '23:59:00', '2020-02-27 14:29:10', NULL, 2, 1),
(10289, 458, 'Quarta', '00:00:00', '23:59:00', '2020-02-27 14:29:10', NULL, 2, 1),
(10290, 458, 'Quinta', '00:00:00', '23:59:00', '2020-02-27 14:29:10', NULL, 2, 1),
(10291, 458, 'Sexta', '00:00:00', '23:59:00', '2020-02-27 14:29:10', NULL, 2, 1),
(10292, 458, 'Sábado', '00:00:00', '23:59:00', '2020-02-27 14:29:10', NULL, 2, 1),
(10293, 466, 'Segunda', '08:00:00', '17:00:00', '2020-02-27 15:28:39', NULL, 2, 1),
(10294, 466, 'Terça', '08:00:00', '17:00:00', '2020-02-27 15:28:39', NULL, 2, 1),
(10295, 466, 'Quarta', '08:00:00', '17:00:00', '2020-02-27 15:28:39', NULL, 2, 1),
(10296, 466, 'Quinta', '08:00:00', '17:00:00', '2020-02-27 15:28:39', NULL, 2, 1),
(10297, 466, 'Sexta', '08:00:00', '17:00:00', '2020-02-27 15:28:39', NULL, 2, 1),
(10298, 466, 'Sábado', '08:00:00', '14:00:00', '2020-02-27 15:28:39', NULL, 2, 1),
(10299, 465, 'Segunda', '08:00:00', '18:00:00', '2020-02-27 15:33:39', NULL, 2, 1),
(10300, 465, 'Terça', '08:00:00', '18:00:00', '2020-02-27 15:33:39', NULL, 2, 1),
(10301, 465, 'Quarta', '08:00:00', '18:00:00', '2020-02-27 15:33:39', NULL, 2, 1),
(10302, 465, 'Quinta', '08:00:00', '18:00:00', '2020-02-27 15:33:39', NULL, 2, 1),
(10303, 465, 'Sexta', '08:00:00', '18:00:00', '2020-02-27 15:33:39', NULL, 2, 1),
(10304, 465, 'Sábado', '08:00:00', '14:00:00', '2020-02-27 15:33:39', NULL, 2, 1),
(10305, 464, 'Segunda', '08:00:00', '15:00:00', '2020-02-27 15:36:38', NULL, 2, 1),
(10306, 464, 'Terça', '08:00:00', '15:00:00', '2020-02-27 15:36:38', NULL, 2, 1),
(10307, 464, 'Quarta', '08:00:00', '15:00:00', '2020-02-27 15:36:38', NULL, 2, 1),
(10308, 464, 'Quinta', '08:00:00', '15:00:00', '2020-02-27 15:36:38', NULL, 2, 1),
(10309, 464, 'Sexta', '08:00:00', '15:00:00', '2020-02-27 15:36:38', NULL, 2, 1),
(10310, 463, 'Segunda', '08:00:00', '17:00:00', '2020-02-27 15:42:26', NULL, 2, 1),
(10311, 463, 'Terça', '08:00:00', '17:00:00', '2020-02-27 15:42:26', NULL, 2, 1),
(10312, 463, 'Quarta', '08:00:00', '17:00:00', '2020-02-27 15:42:26', NULL, 2, 1),
(10313, 463, 'Quinta', '08:00:00', '17:00:00', '2020-02-27 15:42:26', NULL, 2, 1),
(10314, 463, 'Sexta', '08:00:00', '17:00:00', '2020-02-27 15:42:26', NULL, 2, 1),
(10315, 470, 'Domingo', '07:00:00', '23:00:00', '2020-02-27 15:53:22', NULL, 2, 1),
(10316, 470, 'Segunda', '07:00:00', '23:00:00', '2020-02-27 15:53:22', NULL, 2, 1),
(10317, 470, 'Terça', '07:00:00', '23:00:00', '2020-02-27 15:53:22', NULL, 2, 1),
(10318, 470, 'Quarta', '07:00:00', '23:00:00', '2020-02-27 15:53:22', NULL, 2, 1),
(10319, 470, 'Quinta', '07:00:00', '23:00:00', '2020-02-27 15:53:22', NULL, 2, 1),
(10320, 470, 'Sexta', '07:00:00', '23:00:00', '2020-02-27 15:53:22', NULL, 2, 1),
(10321, 470, 'Sábado', '07:00:00', '23:00:00', '2020-02-27 15:53:22', NULL, 2, 1),
(10322, 468, 'Segunda', '09:00:00', '13:00:00', '2020-02-27 15:58:56', NULL, 2, 1),
(10323, 468, 'Segunda', '16:00:00', '22:00:00', '2020-02-27 15:58:56', NULL, 2, 1),
(10324, 468, 'Terça', '09:00:00', '13:00:00', '2020-02-27 15:58:56', NULL, 2, 1),
(10325, 468, 'Terça', '16:00:00', '22:00:00', '2020-02-27 15:58:56', NULL, 2, 1),
(10326, 468, 'Quarta', '09:00:00', '13:00:00', '2020-02-27 15:58:56', NULL, 2, 1),
(10327, 468, 'Quarta', '16:00:00', '22:00:00', '2020-02-27 15:58:56', NULL, 2, 1),
(10328, 468, 'Quinta', '09:00:00', '13:00:00', '2020-02-27 15:58:56', NULL, 2, 1),
(10329, 468, 'Quinta', '16:00:00', '22:00:00', '2020-02-27 15:58:56', NULL, 2, 1),
(10330, 468, 'Sexta', '09:00:00', '13:00:00', '2020-02-27 15:58:56', NULL, 2, 1),
(10331, 468, 'Sexta', '16:00:00', '22:00:00', '2020-02-27 15:58:56', NULL, 2, 1),
(10332, 468, 'Sábado', '09:00:00', '13:00:00', '2020-02-27 15:58:56', NULL, 2, 1),
(10333, 468, 'Sábado', '16:00:00', '22:00:00', '2020-02-27 15:58:56', NULL, 2, 1),
(10386, 332, 'Segunda', '13:00:00', '22:00:00', '2020-02-28 22:31:19', NULL, 2, 1),
(10387, 332, 'Terça', '13:00:00', '22:00:00', '2020-02-28 22:31:19', NULL, 2, 1),
(10388, 332, 'Quarta', '13:00:00', '22:00:00', '2020-02-28 22:31:19', NULL, 2, 1),
(10389, 332, 'Quinta', '13:00:00', '22:00:00', '2020-02-28 22:31:19', NULL, 2, 1),
(10390, 332, 'Sexta', '13:00:00', '22:00:00', '2020-02-28 22:31:19', NULL, 2, 1),
(10391, 332, 'Sábado', '13:00:00', '22:00:00', '2020-02-28 22:31:19', NULL, 2, 1),
(10399, 318, 'Segunda', '08:00:00', '20:00:00', '2020-02-28 22:37:08', NULL, 2, 1),
(10400, 318, 'Terça', '08:00:00', '20:00:00', '2020-02-28 22:37:08', NULL, 2, 1),
(10401, 318, 'Quarta', '08:00:00', '20:00:00', '2020-02-28 22:37:08', NULL, 2, 1),
(10402, 318, 'Quinta', '08:00:00', '20:00:00', '2020-02-28 22:37:08', NULL, 2, 1),
(10403, 318, 'Sexta', '08:00:00', '20:00:00', '2020-02-28 22:37:08', NULL, 2, 1),
(10404, 318, 'Sábado', '08:00:00', '20:00:00', '2020-02-28 22:37:08', NULL, 2, 1),
(10405, 318, 'Domingo', '09:00:00', '19:00:00', '2020-02-28 22:37:08', NULL, 2, 1),
(10406, 311, 'Domingo', '08:00:00', '17:00:00', '2020-02-28 22:38:54', NULL, 2, 1),
(10407, 311, 'Segunda', '08:00:00', '17:00:00', '2020-02-28 22:38:54', NULL, 2, 1),
(10408, 311, 'Terça', '08:00:00', '17:00:00', '2020-02-28 22:38:54', NULL, 2, 1),
(10409, 311, 'Quarta', '08:00:00', '17:00:00', '2020-02-28 22:38:54', NULL, 2, 1),
(10410, 311, 'Quinta', '08:00:00', '17:00:00', '2020-02-28 22:38:54', NULL, 2, 1),
(10411, 311, 'Sexta', '08:00:00', '17:00:00', '2020-02-28 22:38:54', NULL, 2, 1),
(10412, 311, 'Sábado', '08:00:00', '17:00:00', '2020-02-28 22:38:54', NULL, 2, 1),
(10434, 327, 'Domingo', '15:30:00', '23:30:00', '2020-02-28 22:58:57', NULL, 2, 1),
(10435, 327, 'Segunda', '15:30:00', '23:30:00', '2020-02-28 22:58:57', NULL, 2, 1),
(10436, 327, 'Terça', '15:30:00', '23:30:00', '2020-02-28 22:58:57', NULL, 2, 1),
(10437, 327, 'Quarta', '15:30:00', '23:30:00', '2020-02-28 22:58:57', NULL, 2, 1),
(10438, 327, 'Quinta', '15:30:00', '23:30:00', '2020-02-28 22:58:57', NULL, 2, 1),
(10439, 327, 'Sexta', '15:30:00', '23:30:00', '2020-02-28 22:58:57', NULL, 2, 1),
(10440, 327, 'Sábado', '15:30:00', '23:30:00', '2020-02-28 22:58:57', NULL, 2, 1),
(10460, 224, 'Domingo', '13:00:00', '22:00:00', '2020-02-29 04:25:32', NULL, 2, 1),
(10461, 224, 'Segunda', '09:00:00', '22:00:00', '2020-02-29 04:25:32', NULL, 2, 1),
(10462, 224, 'Terça', '09:00:00', '22:00:00', '2020-02-29 04:25:32', NULL, 2, 1),
(10463, 224, 'Quarta', '09:00:00', '22:00:00', '2020-02-29 04:25:32', NULL, 2, 1),
(10464, 224, 'Quinta', '09:00:00', '22:00:00', '2020-02-29 04:25:32', NULL, 2, 1),
(10465, 224, 'Sexta', '09:00:00', '22:00:00', '2020-02-29 04:25:32', NULL, 2, 1),
(10466, 224, 'Sábado', '09:00:00', '22:00:00', '2020-02-29 04:25:32', NULL, 2, 1),
(10509, 228, 'Segunda', '00:00:00', '23:00:00', '2020-03-01 04:39:23', NULL, 2, 1),
(10510, 228, 'Terça', '00:00:00', '23:00:00', '2020-03-01 04:39:23', NULL, 2, 1),
(10511, 228, 'Quarta', '00:00:00', '23:00:00', '2020-03-01 04:39:23', NULL, 2, 1),
(10512, 228, 'Quinta', '00:00:00', '23:00:00', '2020-03-01 04:39:23', NULL, 2, 1),
(10513, 228, 'Sexta', '00:00:00', '23:00:00', '2020-03-01 04:39:23', NULL, 2, 1),
(10514, 228, 'Sábado', '00:00:00', '23:00:00', '2020-03-01 04:39:23', NULL, 2, 1),
(10515, 228, 'Domingo', '00:00:00', '23:00:00', '2020-03-01 04:39:23', NULL, 2, 1),
(10566, 233, 'Domingo', '18:00:00', '21:30:00', '2020-03-02 01:11:20', NULL, 2, 1),
(10567, 233, 'Segunda', '18:00:00', '21:30:00', '2020-03-02 01:11:20', NULL, 2, 1),
(10568, 233, 'Terça', '18:00:00', '21:30:00', '2020-03-02 01:11:20', NULL, 2, 1),
(10569, 233, 'Quarta', '18:00:00', '21:30:00', '2020-03-02 01:11:20', NULL, 2, 1),
(10570, 233, 'Quinta', '18:00:00', '21:30:00', '2020-03-02 01:11:20', NULL, 2, 1),
(10571, 233, 'Sexta', '18:00:00', '21:30:00', '2020-03-02 01:11:20', NULL, 2, 1),
(10572, 233, 'Sábado', '18:00:00', '21:30:00', '2020-03-02 01:11:20', NULL, 2, 1),
(10579, 477, 'Domingo', '12:00:00', '21:00:00', '2020-03-02 01:12:51', NULL, 2, 1),
(10580, 477, 'Segunda', '12:00:00', '21:00:00', '2020-03-02 01:12:51', NULL, 2, 1),
(10581, 477, 'Terça', '12:00:00', '21:00:00', '2020-03-02 01:12:51', NULL, 2, 1),
(10582, 477, 'Quarta', '12:00:00', '21:00:00', '2020-03-02 01:12:51', NULL, 2, 1),
(10583, 477, 'Quinta', '12:00:00', '21:00:00', '2020-03-02 01:12:51', NULL, 2, 1),
(10584, 477, 'Sexta', '12:00:00', '21:00:00', '2020-03-02 01:12:51', NULL, 2, 1),
(10585, 477, 'Sábado', '12:00:00', '21:00:00', '2020-03-02 01:12:51', NULL, 2, 1),
(10605, 469, 'Domingo', '18:00:00', '22:30:00', '2020-03-02 01:18:41', NULL, 2, 1),
(10606, 469, 'Terça', '18:00:00', '22:30:00', '2020-03-02 01:18:41', NULL, 2, 1),
(10607, 469, 'Quarta', '18:00:00', '22:30:00', '2020-03-02 01:18:41', NULL, 2, 1),
(10608, 469, 'Quinta', '18:00:00', '22:30:00', '2020-03-02 01:18:41', NULL, 2, 1),
(10609, 469, 'Sexta', '18:00:00', '22:30:00', '2020-03-02 01:18:41', NULL, 2, 1),
(10610, 469, 'Sábado', '18:00:00', '22:30:00', '2020-03-02 01:18:41', NULL, 2, 1),
(10611, 467, 'Domingo', '18:30:00', '23:59:00', '2020-03-02 01:19:08', NULL, 2, 1),
(10612, 467, 'Segunda', '18:30:00', '23:59:00', '2020-03-02 01:19:08', NULL, 2, 1),
(10613, 467, 'Terça', '18:30:00', '23:59:00', '2020-03-02 01:19:08', NULL, 2, 1),
(10614, 467, 'Quarta', '18:30:00', '23:59:00', '2020-03-02 01:19:08', NULL, 2, 1),
(10615, 467, 'Sexta', '18:30:00', '23:59:00', '2020-03-02 01:19:08', NULL, 2, 1),
(10616, 467, 'Sábado', '18:30:00', '23:59:00', '2020-03-02 01:19:08', NULL, 2, 1),
(10617, 397, 'Segunda', '07:00:00', '19:00:00', '2020-03-02 01:20:42', NULL, 2, 1),
(10618, 397, 'Terça', '07:00:00', '19:00:00', '2020-03-02 01:20:42', NULL, 2, 1),
(10619, 397, 'Quarta', '07:00:00', '19:00:00', '2020-03-02 01:20:42', NULL, 2, 1),
(10620, 397, 'Quinta', '07:00:00', '19:00:00', '2020-03-02 01:20:42', NULL, 2, 1),
(10621, 397, 'Sexta', '07:00:00', '17:00:00', '2020-03-02 01:20:42', NULL, 2, 1),
(10622, 379, 'Segunda', '07:00:00', '11:00:00', '2020-03-02 01:21:37', NULL, 2, 1),
(10623, 379, 'Segunda', '13:00:00', '17:00:00', '2020-03-02 01:21:37', NULL, 2, 1),
(10624, 379, 'Terça', '07:00:00', '11:00:00', '2020-03-02 01:21:37', NULL, 2, 1),
(10625, 379, 'Terça', '13:00:00', '17:00:00', '2020-03-02 01:21:37', NULL, 2, 1),
(10626, 379, 'Quarta', '07:00:00', '11:00:00', '2020-03-02 01:21:37', NULL, 2, 1),
(10627, 379, 'Quarta', '13:00:00', '17:00:00', '2020-03-02 01:21:37', NULL, 2, 1),
(10628, 379, 'Quinta', '07:00:00', '11:00:00', '2020-03-02 01:21:37', NULL, 2, 1),
(10629, 379, 'Quinta', '13:00:00', '17:00:00', '2020-03-02 01:21:37', NULL, 2, 1),
(10630, 379, 'Sexta', '07:00:00', '11:00:00', '2020-03-02 01:21:37', NULL, 2, 1),
(10631, 379, 'Sexta', '13:00:00', '17:00:00', '2020-03-02 01:21:37', NULL, 2, 1),
(10632, 379, 'Sábado', '07:00:00', '13:00:00', '2020-03-02 01:21:37', NULL, 2, 1),
(10633, 370, 'Segunda', '06:00:00', '18:00:00', '2020-03-02 01:23:21', NULL, 2, 1),
(10634, 370, 'Terça', '06:00:00', '18:00:00', '2020-03-02 01:23:21', NULL, 2, 1),
(10635, 370, 'Quarta', '06:00:00', '18:00:00', '2020-03-02 01:23:21', NULL, 2, 1),
(10636, 370, 'Quinta', '06:00:00', '18:00:00', '2020-03-02 01:23:21', NULL, 2, 1),
(10637, 370, 'Sexta', '06:00:00', '18:00:00', '2020-03-02 01:23:21', NULL, 2, 1),
(10638, 370, 'Sábado', '06:00:00', '18:00:00', '2020-03-02 01:23:21', NULL, 2, 1),
(10639, 370, 'Domingo', '07:00:00', '13:00:00', '2020-03-02 01:23:21', NULL, 2, 1),
(10666, 484, 'Segunda', '07:30:00', '11:30:00', '2020-03-05 03:42:04', NULL, 2, 1),
(10667, 484, 'Segunda', '13:00:00', '17:00:00', '2020-03-05 03:42:04', NULL, 2, 1),
(10668, 484, 'Terça', '07:30:00', '11:30:00', '2020-03-05 03:42:04', NULL, 2, 1),
(10669, 484, 'Terça', '13:00:00', '17:00:00', '2020-03-05 03:42:04', NULL, 2, 1),
(10670, 484, 'Quarta', '07:30:00', '11:30:00', '2020-03-05 03:42:04', NULL, 2, 1),
(10671, 484, 'Quarta', '13:00:00', '17:00:00', '2020-03-05 03:42:04', NULL, 2, 1),
(10672, 484, 'Quinta', '07:00:00', '11:30:00', '2020-03-05 03:42:04', NULL, 2, 1),
(10673, 484, 'Quinta', '13:00:00', '17:00:00', '2020-03-05 03:42:04', NULL, 2, 1),
(10674, 484, 'Sexta', '07:30:00', '11:30:00', '2020-03-05 03:42:04', NULL, 2, 1),
(10675, 484, 'Sexta', '13:00:00', '17:00:00', '2020-03-05 03:42:04', NULL, 2, 1);
INSERT INTO `loja_horario` (`id`, `id_loja`, `dia`, `hora_inicio`, `hora_fim`, `data_cadastro`, `data_alteracao`, `id_update_user`, `status`) VALUES
(10681, 247, 'Segunda', '10:00:00', '15:00:00', '2020-03-05 04:02:24', NULL, 2, 1),
(10682, 247, 'Terça', '10:00:00', '15:00:00', '2020-03-05 04:02:24', NULL, 2, 1),
(10683, 247, 'Quarta', '10:00:00', '15:00:00', '2020-03-05 04:02:24', NULL, 2, 1),
(10684, 247, 'Quinta', '10:00:00', '15:00:00', '2020-03-05 04:02:24', NULL, 2, 1),
(10685, 247, 'Sexta', '10:00:00', '15:00:00', '2020-03-05 04:02:24', NULL, 2, 1),
(10686, 248, 'Segunda', '10:00:00', '15:00:00', '2020-03-05 04:02:54', NULL, 2, 1),
(10687, 248, 'Terça', '10:00:00', '15:00:00', '2020-03-05 04:02:54', NULL, 2, 1),
(10688, 248, 'Quarta', '10:00:00', '15:00:00', '2020-03-05 04:02:54', NULL, 2, 1),
(10689, 248, 'Quinta', '10:00:00', '15:00:00', '2020-03-05 04:02:54', NULL, 2, 1),
(10690, 248, 'Sexta', '10:00:00', '15:00:00', '2020-03-05 04:02:54', NULL, 2, 1),
(10691, 249, 'Segunda', '10:00:00', '15:00:00', '2020-03-05 04:03:09', NULL, 2, 1),
(10692, 249, 'Terça', '10:00:00', '15:00:00', '2020-03-05 04:03:09', NULL, 2, 1),
(10693, 249, 'Quarta', '10:00:00', '15:00:00', '2020-03-05 04:03:09', NULL, 2, 1),
(10694, 249, 'Quinta', '10:00:00', '15:00:00', '2020-03-05 04:03:09', NULL, 2, 1),
(10695, 249, 'Sexta', '10:00:00', '15:00:00', '2020-03-05 04:03:09', NULL, 2, 1),
(10696, 250, 'Segunda', '10:00:00', '15:00:00', '2020-03-05 04:03:30', NULL, 2, 1),
(10697, 250, 'Terça', '10:00:00', '15:00:00', '2020-03-05 04:03:30', NULL, 2, 1),
(10698, 250, 'Quarta', '10:00:00', '15:00:00', '2020-03-05 04:03:30', NULL, 2, 1),
(10699, 250, 'Quinta', '10:00:00', '15:00:00', '2020-03-05 04:03:30', NULL, 2, 1),
(10700, 250, 'Sexta', '10:00:00', '15:00:00', '2020-03-05 04:03:30', NULL, 2, 1),
(10718, 488, 'Segunda', '07:00:00', '17:00:00', '2020-03-05 04:42:22', NULL, 2, 1),
(10719, 488, 'Terça', '07:00:00', '17:00:00', '2020-03-05 04:42:22', NULL, 2, 1),
(10720, 488, 'Quarta', '07:00:00', '17:00:00', '2020-03-05 04:42:22', NULL, 2, 1),
(10721, 488, 'Quinta', '07:00:00', '17:00:00', '2020-03-05 04:42:22', NULL, 2, 1),
(10722, 488, 'Sexta', '07:00:00', '17:00:00', '2020-03-05 04:42:22', NULL, 2, 1),
(10723, 480, 'Domingo', '18:00:00', '00:00:00', '2020-03-05 19:33:18', NULL, 2, 1),
(10724, 480, 'Terça', '18:00:00', '00:00:00', '2020-03-05 19:33:18', NULL, 2, 1),
(10725, 480, 'Quarta', '18:00:00', '00:00:00', '2020-03-05 19:33:18', NULL, 2, 1),
(10726, 480, 'Quinta', '18:00:00', '00:00:00', '2020-03-05 19:33:18', NULL, 2, 1),
(10727, 480, 'Sexta', '18:00:00', '00:00:00', '2020-03-05 19:33:18', NULL, 2, 1),
(10728, 480, 'Sábado', '18:00:00', '00:00:00', '2020-03-05 19:33:18', NULL, 2, 1),
(10729, 474, 'Terça', '18:30:00', '00:00:00', '2020-03-05 19:34:42', NULL, 2, 1),
(10730, 474, 'Quarta', '18:30:00', '00:00:00', '2020-03-05 19:34:42', NULL, 2, 1),
(10731, 474, 'Quinta', '18:30:00', '00:00:00', '2020-03-05 19:34:42', NULL, 2, 1),
(10732, 474, 'Sexta', '18:30:00', '00:00:00', '2020-03-05 19:34:42', NULL, 2, 1),
(10733, 474, 'Sábado', '18:30:00', '00:00:00', '2020-03-05 19:34:42', NULL, 2, 1),
(10734, 474, 'Domingo', '18:30:00', '00:00:00', '2020-03-05 19:34:42', NULL, 2, 1),
(10735, 472, 'Domingo', '09:00:00', '23:45:00', '2020-03-05 19:36:21', NULL, 2, 1),
(10736, 472, 'Segunda', '09:00:00', '23:45:00', '2020-03-05 19:36:21', NULL, 2, 1),
(10737, 472, 'Quarta', '09:00:00', '23:45:00', '2020-03-05 19:36:21', NULL, 2, 1),
(10738, 472, 'Quinta', '09:00:00', '23:45:00', '2020-03-05 19:36:21', NULL, 2, 1),
(10739, 472, 'Sexta', '09:00:00', '23:45:00', '2020-03-05 19:36:21', NULL, 2, 1),
(10740, 472, 'Sábado', '09:00:00', '23:45:00', '2020-03-05 19:36:21', NULL, 2, 1),
(10741, 478, 'Domingo', '09:00:00', '23:00:00', '2020-03-05 19:37:55', NULL, 2, 1),
(10742, 478, 'Segunda', '09:00:00', '23:00:00', '2020-03-05 19:37:55', NULL, 2, 1),
(10743, 478, 'Quarta', '09:00:00', '23:00:00', '2020-03-05 19:37:55', NULL, 2, 1),
(10744, 478, 'Quinta', '09:00:00', '23:00:00', '2020-03-05 19:37:55', NULL, 2, 1),
(10745, 478, 'Sexta', '09:00:00', '23:00:00', '2020-03-05 19:37:55', NULL, 2, 1),
(10746, 478, 'Sábado', '09:00:00', '23:00:00', '2020-03-05 19:37:55', NULL, 2, 1),
(10747, 487, 'Domingo', '06:00:00', '22:00:00', '2020-03-05 19:38:45', NULL, 2, 1),
(10748, 487, 'Segunda', '06:00:00', '22:00:00', '2020-03-05 19:38:45', NULL, 2, 1),
(10749, 487, 'Terça', '06:00:00', '22:00:00', '2020-03-05 19:38:45', NULL, 2, 1),
(10750, 487, 'Quarta', '06:00:00', '22:00:00', '2020-03-05 19:38:45', NULL, 2, 1),
(10751, 487, 'Quinta', '06:00:00', '22:00:00', '2020-03-05 19:38:45', NULL, 2, 1),
(10752, 487, 'Sexta', '06:00:00', '22:00:00', '2020-03-05 19:38:45', NULL, 2, 1),
(10753, 487, 'Sábado', '06:00:00', '22:00:00', '2020-03-05 19:38:45', NULL, 2, 1),
(10754, 475, 'Segunda', '00:00:00', '23:59:00', '2020-03-05 19:39:52', NULL, 2, 1),
(10755, 475, 'Terça', '00:00:00', '23:59:00', '2020-03-05 19:39:52', NULL, 2, 1),
(10756, 475, 'Quarta', '00:00:00', '23:59:00', '2020-03-05 19:39:52', NULL, 2, 1),
(10757, 475, 'Quinta', '00:00:00', '23:59:00', '2020-03-05 19:39:52', NULL, 2, 1),
(10758, 475, 'Sexta', '00:00:00', '23:59:00', '2020-03-05 19:39:52', NULL, 2, 1),
(10759, 475, 'Sábado', '00:00:00', '23:59:00', '2020-03-05 19:39:52', NULL, 2, 1),
(10760, 475, 'Domingo', '00:00:00', '23:59:00', '2020-03-05 19:39:52', NULL, 2, 1),
(10761, 471, 'Domingo', '07:00:00', '13:00:00', '2020-03-05 20:07:40', NULL, 2, 1),
(10762, 471, 'Segunda', '06:00:00', '18:00:00', '2020-03-05 20:07:40', NULL, 2, 1),
(10763, 471, 'Terça', '06:00:00', '18:00:00', '2020-03-05 20:07:40', NULL, 2, 1),
(10764, 471, 'Quarta', '06:00:00', '18:00:00', '2020-03-05 20:07:40', NULL, 2, 1),
(10765, 471, 'Quinta', '06:00:00', '18:00:00', '2020-03-05 20:07:40', NULL, 2, 1),
(10766, 471, 'Sexta', '06:00:00', '18:00:00', '2020-03-05 20:07:40', NULL, 2, 1),
(10767, 471, 'Sábado', '06:00:00', '18:00:00', '2020-03-05 20:07:40', NULL, 2, 1),
(10768, 476, 'Segunda', '08:00:00', '20:00:00', '2020-03-05 20:08:52', NULL, 2, 1),
(10769, 476, 'Terça', '08:00:00', '20:00:00', '2020-03-05 20:08:52', NULL, 2, 1),
(10770, 476, 'Quarta', '08:00:00', '20:00:00', '2020-03-05 20:08:52', NULL, 2, 1),
(10771, 476, 'Quinta', '08:00:00', '20:00:00', '2020-03-05 20:08:52', NULL, 2, 1),
(10772, 476, 'Sexta', '08:00:00', '20:00:00', '2020-03-05 20:08:52', NULL, 2, 1),
(10773, 476, 'Sábado', '08:00:00', '20:00:00', '2020-03-05 20:08:52', NULL, 2, 1),
(10774, 476, 'Domingo', '08:00:00', '20:00:00', '2020-03-05 20:08:52', NULL, 2, 1),
(10775, 479, 'Domingo', '18:30:00', '00:00:00', '2020-03-05 20:09:53', NULL, 2, 1),
(10776, 479, 'Terça', '18:30:00', '00:00:00', '2020-03-05 20:09:53', NULL, 2, 1),
(10777, 479, 'Quarta', '18:30:00', '00:00:00', '2020-03-05 20:09:53', NULL, 2, 1),
(10778, 479, 'Quinta', '18:30:00', '00:00:00', '2020-03-05 20:09:53', NULL, 2, 1),
(10779, 479, 'Sexta', '18:30:00', '00:00:00', '2020-03-05 20:09:53', NULL, 2, 1),
(10780, 479, 'Sábado', '18:30:00', '00:00:00', '2020-03-05 20:09:53', NULL, 2, 1),
(10781, 473, 'Segunda', '17:30:00', '23:00:00', '2020-03-05 21:23:30', NULL, 2, 1),
(10782, 473, 'Terça', '17:30:00', '23:00:00', '2020-03-05 21:23:30', NULL, 2, 1),
(10783, 473, 'Quarta', '17:30:00', '23:00:00', '2020-03-05 21:23:30', NULL, 2, 1),
(10784, 473, 'Quinta', '17:30:00', '23:00:00', '2020-03-05 21:23:30', NULL, 2, 1),
(10785, 473, 'Sexta', '17:30:00', '23:00:00', '2020-03-05 21:23:30', NULL, 2, 1),
(10786, 473, 'Sábado', '17:30:00', '23:00:00', '2020-03-05 21:23:30', NULL, 2, 1),
(10857, 308, 'Terça', '00:00:00', '23:59:00', '2020-03-10 19:55:35', NULL, 36, 1),
(10858, 308, 'Quarta', '00:00:00', '23:59:00', '2020-03-10 19:55:35', NULL, 36, 1),
(10859, 308, 'Quinta', '00:00:00', '23:59:00', '2020-03-10 19:55:35', NULL, 36, 1),
(10860, 308, 'Sexta', '00:00:00', '23:59:00', '2020-03-10 19:55:35', NULL, 36, 1),
(10861, 308, 'Sábado', '00:00:00', '23:59:00', '2020-03-10 19:55:35', NULL, 36, 1),
(10862, 481, 'Domingo', '17:00:00', '00:40:00', '2020-03-12 22:29:20', NULL, 2, 1),
(10863, 481, 'Segunda', '17:00:00', '00:00:00', '2020-03-12 22:29:20', NULL, 2, 1),
(10864, 481, 'Terça', '17:00:00', '00:00:00', '2020-03-12 22:29:20', NULL, 2, 1),
(10865, 481, 'Quarta', '17:00:00', '00:00:00', '2020-03-12 22:29:20', NULL, 2, 1),
(10866, 481, 'Quinta', '17:00:00', '00:00:00', '2020-03-12 22:29:20', NULL, 2, 1),
(10867, 481, 'Sexta', '17:00:00', '00:00:00', '2020-03-12 22:29:20', NULL, 2, 1),
(10868, 481, 'Sábado', '17:00:00', '00:40:00', '2020-03-12 22:29:20', NULL, 2, 1),
(10869, 482, 'Domingo', '18:00:00', '23:00:00', '2020-03-12 22:33:25', NULL, 2, 1),
(10870, 482, 'Segunda', '18:00:00', '23:00:00', '2020-03-12 22:33:25', NULL, 2, 1),
(10871, 482, 'Terça', '18:00:00', '23:00:00', '2020-03-12 22:33:25', NULL, 2, 1),
(10872, 482, 'Quarta', '18:00:00', '23:00:00', '2020-03-12 22:33:25', NULL, 2, 1),
(10873, 482, 'Quinta', '18:00:00', '23:00:00', '2020-03-12 22:33:25', NULL, 2, 1),
(10874, 482, 'Sexta', '18:00:00', '23:00:00', '2020-03-12 22:33:25', NULL, 2, 1),
(10875, 482, 'Sábado', '18:00:00', '23:00:00', '2020-03-12 22:33:25', NULL, 2, 1),
(10876, 485, 'Segunda', '10:00:00', '15:00:00', '2020-03-12 22:35:24', NULL, 2, 1),
(10877, 485, 'Terça', '10:00:00', '15:00:00', '2020-03-12 22:35:24', NULL, 2, 1),
(10878, 485, 'Quarta', '10:00:00', '15:00:00', '2020-03-12 22:35:24', NULL, 2, 1),
(10879, 485, 'Quinta', '10:00:00', '15:00:00', '2020-03-12 22:35:24', NULL, 2, 1),
(10880, 485, 'Sexta', '01:00:00', '15:00:00', '2020-03-12 22:35:24', NULL, 2, 1),
(10881, 483, 'Segunda', '07:00:00', '13:00:00', '2020-03-12 22:36:47', NULL, 2, 1),
(10882, 483, 'Terça', '07:00:00', '13:00:00', '2020-03-12 22:36:47', NULL, 2, 1),
(10883, 483, 'Quarta', '07:00:00', '13:00:00', '2020-03-12 22:36:47', NULL, 2, 1),
(10884, 483, 'Quinta', '07:00:00', '13:00:00', '2020-03-12 22:36:47', NULL, 2, 1),
(10885, 483, 'Sexta', '07:00:00', '13:00:00', '2020-03-12 22:36:47', NULL, 2, 1),
(10886, 486, 'Segunda', '10:00:00', '15:00:00', '2020-03-12 22:37:48', NULL, 2, 1),
(10887, 486, 'Terça', '10:00:00', '15:00:00', '2020-03-12 22:37:48', NULL, 2, 1),
(10888, 486, 'Quarta', '10:00:00', '15:00:00', '2020-03-12 22:37:48', NULL, 2, 1),
(10889, 486, 'Quinta', '10:00:00', '15:00:00', '2020-03-12 22:37:48', NULL, 2, 1),
(10890, 486, 'Sexta', '10:00:00', '15:00:00', '2020-03-12 22:37:48', NULL, 2, 1);

-- --------------------------------------------------------

--
-- Estrutura para tabela `loja_partes`
--

CREATE TABLE `loja_partes` (
  `id_loja` int(10) UNSIGNED NOT NULL,
  `id_tamanho` int(10) UNSIGNED NOT NULL,
  `partes` int(10) UNSIGNED NOT NULL DEFAULT '1',
  `id_update_user` int(10) UNSIGNED DEFAULT NULL
) ENGINE=InnoDB DEFAULT CHARSET=utf8mb4;

--
-- Fazendo dump de dados para tabela `loja_partes`
--

INSERT INTO `loja_partes` (`id_loja`, `id_tamanho`, `partes`, `id_update_user`) VALUES
(228, 1, 1, NULL),
(228, 2, 1, NULL),
(228, 3, 1, NULL),
(256, 1, 4, 2),
(256, 2, 6, 32),
(256, 3, 8, 2);

-- --------------------------------------------------------

--
-- Estrutura para tabela `loja_plano`
--

CREATE TABLE `loja_plano` (
  `id` int(11) NOT NULL,
  `id_loja` int(11) NOT NULL,
  `id_plano` int(11) NOT NULL,
  `validade` datetime DEFAULT NULL,
  `valor` decimal(10,2) DEFAULT NULL,
  `ciclo` varchar(20) DEFAULT NULL,
  `data_cadastro` timestamp NOT NULL DEFAULT CURRENT_TIMESTAMP,
  `data_alteracao` timestamp NULL DEFAULT NULL ON UPDATE CURRENT_TIMESTAMP,
  `id_update_user` int(11) DEFAULT NULL,
  `status` tinyint(1) NOT NULL DEFAULT '1'
) ENGINE=InnoDB DEFAULT CHARSET=utf8;

-- --------------------------------------------------------

--
-- Estrutura para tabela `loja_segmento`
--

CREATE TABLE `loja_segmento` (
  `id` int(11) NOT NULL,
  `id_loja` int(11) NOT NULL,
  `id_segmento` int(11) NOT NULL,
  `data_cadastro` timestamp NOT NULL DEFAULT CURRENT_TIMESTAMP,
  `data_alteracao` timestamp NULL DEFAULT NULL ON UPDATE CURRENT_TIMESTAMP,
  `id_update_user` int(11) DEFAULT NULL,
  `status` tinyint(1) NOT NULL DEFAULT '1'
) ENGINE=InnoDB DEFAULT CHARSET=utf8;

--
-- Fazendo dump de dados para tabela `loja_segmento`
--

INSERT INTO `loja_segmento` (`id`, `id_loja`, `id_segmento`, `data_cadastro`, `data_alteracao`, `id_update_user`, `status`) VALUES
(31, 31, 8, '2018-09-02 20:31:35', NULL, NULL, 1),
(35, 35, 8, '2018-09-02 20:31:35', NULL, NULL, 1),
(36, 36, 8, '2018-09-02 20:31:35', NULL, NULL, 1),
(38, 38, 8, '2018-09-02 20:31:35', NULL, NULL, 1),
(39, 39, 8, '2018-09-02 20:31:35', NULL, NULL, 1),
(144, 51, 8, '2018-09-02 22:45:17', NULL, 2, 1),
(341, 140, 5, '2018-09-07 23:06:58', NULL, 4, 1),
(344, 143, 5, '2018-09-07 23:17:03', NULL, 4, 1),
(517, 153, 13, '2018-09-23 03:23:56', NULL, 4, 1),
(518, 153, 16, '2018-09-23 03:23:56', NULL, 4, 1),
(527, 141, 5, '2018-09-23 03:24:41', NULL, 4, 1),
(528, 141, 16, '2018-09-23 03:24:41', NULL, 4, 1),
(529, 49, 5, '2018-09-23 03:24:49', NULL, 4, 1),
(530, 49, 16, '2018-09-23 03:24:49', NULL, 4, 1),
(547, 145, 9, '2018-09-23 03:27:08', NULL, 4, 1),
(548, 145, 16, '2018-09-23 03:27:08', NULL, 4, 1),
(551, 134, 6, '2018-09-23 03:27:38', NULL, 4, 1),
(552, 134, 16, '2018-09-23 03:27:38', NULL, 4, 1),
(553, 57, 5, '2018-09-23 03:27:57', NULL, 4, 1),
(554, 57, 16, '2018-09-23 03:27:57', NULL, 4, 1),
(555, 23, 4, '2018-09-23 03:28:09', NULL, 4, 1),
(556, 23, 16, '2018-09-23 03:28:09', NULL, 4, 1),
(561, 142, 5, '2018-09-23 03:28:44', NULL, 4, 1),
(562, 142, 16, '2018-09-23 03:28:44', NULL, 4, 1),
(563, 158, 12, '2018-09-23 03:28:55', NULL, 4, 1),
(564, 158, 16, '2018-09-23 03:28:55', NULL, 4, 1),
(567, 163, 15, '2018-09-23 03:29:39', NULL, 4, 1),
(568, 163, 16, '2018-09-23 03:29:39', NULL, 4, 1),
(569, 138, 5, '2018-09-23 03:29:53', NULL, 4, 1),
(570, 138, 16, '2018-09-23 03:29:53', NULL, 4, 1),
(581, 136, 5, '2018-09-23 03:31:18', NULL, 4, 1),
(582, 136, 16, '2018-09-23 03:31:18', NULL, 4, 1),
(585, 33, 7, '2018-09-23 03:31:35', NULL, 4, 1),
(586, 33, 16, '2018-09-23 03:31:35', NULL, 4, 1),
(591, 147, 10, '2018-09-23 03:32:01', NULL, 4, 1),
(592, 147, 16, '2018-09-23 03:32:01', NULL, 4, 1),
(610, 56, 5, '2018-09-23 03:32:49', NULL, 4, 1),
(611, 56, 16, '2018-09-23 03:32:49', NULL, 4, 1),
(612, 8, 4, '2018-09-23 03:33:03', NULL, 4, 1),
(613, 8, 16, '2018-09-23 03:33:04', NULL, 4, 1),
(624, 137, 5, '2018-09-23 03:34:05', NULL, 4, 1),
(625, 137, 16, '2018-09-23 03:34:05', NULL, 4, 1),
(636, 58, 5, '2018-09-23 03:35:03', NULL, 4, 1),
(637, 58, 16, '2018-09-23 03:35:04', NULL, 4, 1),
(638, 59, 5, '2018-09-23 03:35:14', NULL, 4, 1),
(639, 59, 16, '2018-09-23 03:35:14', NULL, 4, 1),
(648, 154, 12, '2018-09-23 03:36:04', NULL, 4, 1),
(649, 154, 16, '2018-09-23 03:36:04', NULL, 4, 1),
(652, 160, 13, '2018-09-23 03:36:26', NULL, 4, 1),
(653, 160, 16, '2018-09-23 03:36:26', NULL, 4, 1),
(656, 18, 4, '2018-09-23 03:36:46', NULL, 4, 1),
(657, 18, 16, '2018-09-23 03:36:46', NULL, 4, 1),
(666, 3, 4, '2018-09-23 03:37:31', NULL, 4, 1),
(667, 3, 16, '2018-09-23 03:37:31', NULL, 4, 1),
(678, 25, 4, '2018-09-23 03:38:43', NULL, 4, 1),
(679, 25, 16, '2018-09-23 03:38:43', NULL, 4, 1),
(682, 17, 4, '2018-09-23 03:38:57', NULL, 4, 1),
(683, 17, 16, '2018-09-23 03:38:57', NULL, 4, 1),
(690, 149, 10, '2018-09-23 03:39:39', NULL, 4, 1),
(691, 149, 16, '2018-09-23 03:39:39', NULL, 4, 1),
(692, 20, 4, '2018-09-23 03:39:46', NULL, 4, 1),
(693, 20, 16, '2018-09-23 03:39:46', NULL, 4, 1),
(694, 24, 4, '2018-09-23 03:39:53', NULL, 4, 1),
(695, 24, 16, '2018-09-23 03:39:53', NULL, 4, 1),
(698, 129, 7, '2018-09-23 03:40:14', NULL, 4, 1),
(699, 129, 16, '2018-09-23 03:40:14', NULL, 4, 1),
(708, 139, 5, '2018-09-23 03:41:01', NULL, 4, 1),
(709, 139, 16, '2018-09-23 03:41:01', NULL, 4, 1),
(748, 164, 17, '2018-09-23 15:22:19', NULL, 2, 1),
(749, 164, 16, '2018-09-23 15:22:19', NULL, 2, 1),
(750, 165, 17, '2018-09-23 16:33:09', NULL, 2, 1),
(751, 165, 16, '2018-09-23 16:33:09', NULL, 2, 1),
(752, 166, 17, '2018-09-23 16:42:31', NULL, 2, 1),
(753, 166, 16, '2018-09-23 16:42:31', NULL, 2, 1),
(756, 167, 17, '2018-09-23 17:05:29', NULL, 2, 1),
(757, 167, 16, '2018-09-23 17:05:29', NULL, 2, 1),
(760, 168, 17, '2018-09-23 17:21:09', NULL, 2, 1),
(761, 168, 16, '2018-09-23 17:21:09', NULL, 2, 1),
(762, 169, 15, '2018-09-23 23:21:21', NULL, 4, 1),
(763, 169, 16, '2018-09-23 23:21:21', NULL, 4, 1),
(766, 171, 15, '2018-09-23 23:27:03', NULL, 4, 1),
(767, 171, 16, '2018-09-23 23:27:03', NULL, 4, 1),
(768, 172, 15, '2018-09-23 23:32:49', NULL, 4, 1),
(769, 172, 16, '2018-09-23 23:32:49', NULL, 4, 1),
(770, 173, 15, '2018-09-23 23:40:28', NULL, 4, 1),
(771, 173, 16, '2018-09-23 23:40:28', NULL, 4, 1),
(774, 175, 15, '2018-09-23 23:57:33', NULL, 4, 1),
(775, 175, 16, '2018-09-23 23:57:33', NULL, 4, 1),
(776, 174, 15, '2018-09-23 23:58:40', NULL, 4, 1),
(777, 174, 16, '2018-09-23 23:58:40', NULL, 4, 1),
(778, 176, 15, '2018-09-24 00:03:10', NULL, 4, 1),
(779, 176, 16, '2018-09-24 00:03:10', NULL, 4, 1),
(784, 179, 17, '2018-09-24 00:36:56', NULL, 4, 1),
(785, 179, 16, '2018-09-24 00:36:56', NULL, 4, 1),
(786, 180, 17, '2018-09-24 00:41:04', NULL, 4, 1),
(787, 180, 16, '2018-09-24 00:41:04', NULL, 4, 1),
(811, 152, 11, '2018-09-28 22:00:43', NULL, 2, 1),
(812, 152, 6, '2018-09-28 22:00:43', NULL, 2, 1),
(813, 152, 7, '2018-09-28 22:00:43', NULL, 2, 1),
(814, 152, 9, '2018-09-28 22:00:43', NULL, 2, 1),
(815, 152, 5, '2018-09-28 22:00:43', NULL, 2, 1),
(816, 152, 3, '2018-09-28 22:00:43', NULL, 2, 1),
(817, 152, 12, '2018-09-28 22:00:43', NULL, 2, 1),
(818, 152, 13, '2018-09-28 22:00:43', NULL, 2, 1),
(819, 152, 4, '2018-09-28 22:00:43', NULL, 2, 1),
(820, 152, 8, '2018-09-28 22:00:43', NULL, 2, 1),
(821, 152, 10, '2018-09-28 22:00:43', NULL, 2, 1),
(861, 128, 7, '2018-10-14 20:00:13', NULL, 2, 1),
(862, 128, 16, '2018-10-14 20:00:13', NULL, 2, 1),
(873, 159, 4, '2018-10-15 23:49:13', NULL, 2, 1),
(874, 159, 16, '2018-10-15 23:49:13', NULL, 2, 1),
(879, 181, 5, '2018-10-17 18:26:54', NULL, 2, 1),
(880, 181, 16, '2018-10-17 18:26:54', NULL, 2, 1),
(891, 22, 8, '2018-10-17 20:12:38', NULL, 2, 1),
(892, 22, 16, '2018-10-17 20:12:38', NULL, 2, 1),
(901, 40, 8, '2018-10-17 20:16:13', NULL, 2, 1),
(902, 40, 16, '2018-10-17 20:16:13', NULL, 2, 1),
(903, 32, 8, '2018-10-17 20:16:33', NULL, 2, 1),
(904, 32, 16, '2018-10-17 20:16:33', NULL, 2, 1),
(909, 157, 8, '2018-10-17 20:18:37', NULL, 2, 1),
(910, 157, 16, '2018-10-17 20:18:37', NULL, 2, 1),
(911, 34, 8, '2018-10-17 20:19:18', NULL, 2, 1),
(912, 34, 16, '2018-10-17 20:19:18', NULL, 2, 1),
(919, 47, 8, '2018-10-17 20:23:04', NULL, 2, 1),
(920, 47, 16, '2018-10-17 20:23:04', NULL, 2, 1),
(921, 26, 8, '2018-10-17 20:38:56', NULL, 2, 1),
(922, 26, 16, '2018-10-17 20:38:56', NULL, 2, 1),
(923, 44, 8, '2018-10-17 20:39:49', NULL, 2, 1),
(924, 44, 16, '2018-10-17 20:39:49', NULL, 2, 1),
(925, 50, 8, '2018-10-17 20:40:32', NULL, 2, 1),
(926, 50, 16, '2018-10-17 20:40:32', NULL, 2, 1),
(927, 19, 8, '2018-10-17 20:41:18', NULL, 2, 1),
(928, 19, 16, '2018-10-17 20:41:18', NULL, 2, 1),
(931, 53, 8, '2018-10-17 20:42:53', NULL, 2, 1),
(932, 53, 16, '2018-10-17 20:42:53', NULL, 2, 1),
(935, 46, 8, '2018-10-17 20:44:12', NULL, 2, 1),
(936, 46, 16, '2018-10-17 20:44:12', NULL, 2, 1),
(937, 30, 8, '2018-10-17 20:44:48', NULL, 2, 1),
(938, 30, 16, '2018-10-17 20:44:48', NULL, 2, 1),
(939, 162, 8, '2018-10-17 20:48:38', NULL, 2, 1),
(940, 162, 16, '2018-10-17 20:48:38', NULL, 2, 1),
(943, 37, 8, '2018-10-17 20:52:38', NULL, 2, 1),
(944, 37, 16, '2018-10-17 20:52:38', NULL, 2, 1),
(951, 184, 17, '2018-10-18 14:04:52', NULL, 2, 1),
(952, 184, 16, '2018-10-18 14:04:52', NULL, 2, 1),
(953, 183, 6, '2018-10-18 14:05:21', NULL, 2, 1),
(954, 183, 16, '2018-10-18 14:05:21', NULL, 2, 1),
(957, 185, 17, '2018-10-18 14:16:15', NULL, 2, 1),
(958, 185, 16, '2018-10-18 14:16:15', NULL, 2, 1),
(961, 186, 17, '2018-10-18 14:29:25', NULL, 2, 1),
(962, 186, 16, '2018-10-18 14:29:25', NULL, 2, 1),
(973, 188, 17, '2018-10-18 18:01:54', NULL, 2, 1),
(974, 188, 16, '2018-10-18 18:01:54', NULL, 2, 1),
(975, 189, 17, '2018-10-18 18:20:58', NULL, 2, 1),
(976, 189, 16, '2018-10-18 18:20:58', NULL, 2, 1),
(977, 190, 17, '2018-10-18 18:36:52', NULL, 2, 1),
(978, 190, 16, '2018-10-18 18:36:52', NULL, 2, 1),
(979, 191, 17, '2018-10-18 18:47:32', NULL, 2, 1),
(980, 191, 16, '2018-10-18 18:47:32', NULL, 2, 1),
(981, 192, 17, '2018-10-18 19:14:03', NULL, 2, 1),
(982, 192, 16, '2018-10-18 19:14:03', NULL, 2, 1),
(983, 193, 17, '2018-10-18 19:36:26', NULL, 2, 1),
(984, 193, 16, '2018-10-18 19:36:26', NULL, 2, 1),
(998, 195, 9, '2018-10-21 22:24:53', NULL, 4, 1),
(1004, 21, 4, '2018-10-22 14:42:05', NULL, 2, 1),
(1005, 21, 16, '2018-10-22 14:42:05', NULL, 2, 1),
(1006, 151, 11, '2018-10-25 14:41:38', NULL, 2, 1),
(1007, 151, 16, '2018-10-25 14:41:38', NULL, 2, 1),
(1049, 2, 4, '2018-11-01 14:11:58', NULL, 2, 1),
(1050, 2, 16, '2018-11-01 14:11:58', NULL, 2, 1),
(1051, 42, 8, '2018-11-01 14:12:36', NULL, 2, 1),
(1052, 42, 16, '2018-11-01 14:12:36', NULL, 2, 1),
(1082, 10, 4, '2018-11-16 23:45:28', NULL, 4, 1),
(1083, 10, 16, '2018-11-16 23:45:28', NULL, 4, 1),
(1086, 148, 10, '2018-11-16 23:58:23', NULL, 4, 1),
(1087, 148, 16, '2018-11-16 23:58:23', NULL, 4, 1),
(1155, 194, 5, '2018-12-04 23:21:44', NULL, 2, 1),
(1156, 194, 16, '2018-12-04 23:21:44', NULL, 2, 1),
(1162, 6, 4, '2018-12-11 23:47:19', NULL, 4, 1),
(1163, 6, 16, '2018-12-11 23:47:19', NULL, 4, 1),
(1168, 15, 4, '2018-12-13 23:44:53', NULL, 4, 1),
(1169, 15, 16, '2018-12-13 23:44:53', NULL, 4, 1),
(1180, 200, 15, '2018-12-14 23:51:47', NULL, 4, 1),
(1181, 200, 16, '2018-12-14 23:51:47', NULL, 4, 1),
(1184, 29, 8, '2018-12-15 14:07:43', NULL, 2, 1),
(1185, 29, 16, '2018-12-15 14:07:43', NULL, 2, 1),
(1186, 48, 8, '2018-12-15 14:16:18', NULL, 2, 1),
(1187, 48, 16, '2018-12-15 14:16:18', NULL, 2, 1),
(1190, 28, 8, '2018-12-16 14:22:31', NULL, 2, 1),
(1191, 28, 16, '2018-12-16 14:22:31', NULL, 2, 1),
(1196, 7, 4, '2018-12-19 23:56:49', NULL, 2, 1),
(1197, 7, 16, '2018-12-19 23:56:49', NULL, 2, 1),
(1198, 9, 4, '2018-12-20 00:02:32', NULL, 2, 1),
(1199, 9, 16, '2018-12-20 00:02:32', NULL, 2, 1),
(1200, 199, 5, '2018-12-20 23:27:55', NULL, 4, 1),
(1213, 14, 4, '2018-12-21 00:50:02', NULL, 4, 1),
(1214, 14, 16, '2018-12-21 00:50:02', NULL, 4, 1),
(1217, 41, 8, '2018-12-21 01:23:17', NULL, 4, 1),
(1218, 41, 16, '2018-12-21 01:23:17', NULL, 4, 1),
(1230, 54, 5, '2018-12-21 13:32:03', NULL, 4, 1),
(1231, 54, 16, '2018-12-21 13:32:03', NULL, 4, 1),
(1234, 170, 15, '2018-12-23 20:08:01', NULL, 4, 1),
(1235, 170, 16, '2018-12-23 20:08:01', NULL, 4, 1),
(1236, 196, 5, '2018-12-24 00:37:06', NULL, 4, 1),
(1251, 204, 16, '2019-01-06 14:39:22', NULL, 2, 1),
(1265, 177, 3, '2019-01-20 23:54:39', NULL, 2, 1),
(1266, 177, 16, '2019-01-20 23:54:39', NULL, 2, 1),
(1273, 131, 5, '2019-01-21 00:01:15', NULL, 2, 1),
(1274, 131, 16, '2019-01-21 00:01:15', NULL, 2, 1),
(1277, 133, 9, '2019-01-21 00:06:42', NULL, 2, 1),
(1278, 133, 16, '2019-01-21 00:06:42', NULL, 2, 1),
(1292, 202, 5, '2019-01-22 22:13:22', NULL, 2, 1),
(1302, 203, 5, '2019-01-25 23:47:39', NULL, 17, 1),
(1303, 203, 16, '2019-01-25 23:47:39', NULL, 17, 1),
(1308, 13, 4, '2019-01-25 23:53:29', NULL, 17, 1),
(1309, 13, 16, '2019-01-25 23:53:29', NULL, 17, 1),
(1362, 127, 3, '2019-01-30 12:18:27', NULL, 2, 1),
(1363, 127, 16, '2019-01-30 12:18:27', NULL, 2, 1),
(1364, 52, 8, '2019-01-30 16:53:29', NULL, 4, 1),
(1365, 52, 16, '2019-01-30 16:53:29', NULL, 4, 1),
(1372, 201, 5, '2019-01-31 12:20:11', NULL, 4, 1),
(1377, 156, 12, '2019-01-31 15:58:02', NULL, 17, 1),
(1378, 156, 16, '2019-01-31 15:58:02', NULL, 17, 1),
(1395, 135, 6, '2019-02-01 17:48:08', NULL, 2, 1),
(1396, 135, 3, '2019-02-01 17:48:08', NULL, 2, 1),
(1397, 135, 16, '2019-02-01 17:48:08', NULL, 2, 1),
(1406, 150, 10, '2019-02-01 23:10:08', NULL, 4, 1),
(1407, 150, 16, '2019-02-01 23:10:08', NULL, 4, 1),
(1410, 144, 10, '2019-02-01 23:33:26', NULL, 4, 1),
(1411, 144, 16, '2019-02-01 23:33:26', NULL, 4, 1),
(1419, 1, 4, '2019-02-04 01:35:22', NULL, 17, 1),
(1420, 1, 16, '2019-02-04 01:35:22', NULL, 17, 1),
(1421, 155, 5, '2019-02-04 01:41:15', NULL, 17, 1),
(1422, 155, 16, '2019-02-04 01:41:15', NULL, 17, 1),
(1443, 12, 4, '2019-02-05 12:32:26', NULL, 4, 1),
(1444, 12, 16, '2019-02-05 12:32:26', NULL, 4, 1),
(1451, 187, 17, '2019-02-10 13:36:40', NULL, 17, 1),
(1452, 187, 16, '2019-02-10 13:36:40', NULL, 17, 1),
(1453, 161, 14, '2019-02-10 13:37:38', NULL, 17, 1),
(1454, 161, 16, '2019-02-10 13:37:38', NULL, 17, 1),
(1455, 16, 4, '2019-02-10 13:40:30', NULL, 17, 1),
(1456, 16, 16, '2019-02-10 13:40:30', NULL, 17, 1),
(1461, 27, 8, '2019-02-13 20:44:18', NULL, 2, 1),
(1462, 27, 16, '2019-02-13 20:44:18', NULL, 2, 1),
(1472, 60, 3, '2019-02-18 22:22:35', NULL, 4, 1),
(1473, 60, 8, '2019-02-18 22:22:35', NULL, 4, 1),
(1474, 60, 16, '2019-02-18 22:22:35', NULL, 4, 1),
(1483, 11, 4, '2019-02-23 11:30:50', NULL, 4, 1),
(1484, 11, 16, '2019-02-23 11:30:50', NULL, 4, 1),
(1513, 130, 7, '2019-03-09 00:52:33', NULL, 2, 1),
(1514, 130, 16, '2019-03-09 00:52:33', NULL, 2, 1),
(1518, 45, 5, '2019-03-09 16:30:12', NULL, 2, 1),
(1519, 45, 8, '2019-03-09 16:30:12', NULL, 2, 1),
(1520, 45, 16, '2019-03-09 16:30:12', NULL, 2, 1),
(1529, 178, 5, '2019-03-11 22:16:32', NULL, 4, 1),
(1530, 178, 16, '2019-03-11 22:16:32', NULL, 4, 1),
(1565, 197, 17, '2019-03-19 15:00:26', NULL, 2, 1),
(1566, 197, 16, '2019-03-19 15:00:26', NULL, 2, 1),
(1580, 146, 10, '2019-04-02 18:50:01', NULL, 2, 1),
(1581, 146, 16, '2019-04-02 18:50:01', NULL, 2, 1),
(1594, 43, 5, '2019-04-07 13:25:19', NULL, 17, 1),
(1595, 43, 16, '2019-04-07 13:25:19', NULL, 17, 1),
(1611, 4, 4, '2019-04-10 18:21:59', NULL, 2, 1),
(1612, 4, 16, '2019-04-10 18:21:59', NULL, 2, 1),
(1625, 216, 8, '2019-04-12 23:28:24', NULL, 4, 1),
(1626, 216, 16, '2019-04-12 23:28:24', NULL, 4, 1),
(1629, 198, 16, '2019-04-13 10:04:40', NULL, 2, 1),
(1634, 182, 16, '2019-04-16 11:52:33', NULL, 2, 1),
(1635, 61, 5, '2019-04-17 18:08:10', NULL, 2, 1),
(1636, 61, 16, '2019-04-17 18:08:10', NULL, 2, 1),
(1637, 5, 16, '2019-05-02 14:11:03', NULL, 4, 1),
(1638, 55, 5, '2019-07-31 20:29:52', NULL, 2, 1),
(1639, 55, 16, '2019-07-31 20:29:52', NULL, 2, 1),
(1677, 223, 21, '2019-08-14 21:55:52', NULL, 2, 1),
(1678, 223, 16, '2019-08-14 21:55:52', NULL, 2, 1),
(1687, 218, 19, '2019-08-14 21:57:45', NULL, 2, 1),
(1688, 218, 16, '2019-08-14 21:57:45', NULL, 2, 1),
(2231, 220, 19, '2019-08-21 03:59:07', NULL, 2, 1),
(2232, 220, 16, '2019-08-21 03:59:07', NULL, 2, 1),
(2689, 241, 89, '2019-09-10 03:27:13', NULL, NULL, 1),
(2690, 241, 16, '2019-09-10 03:27:13', NULL, NULL, 1),
(2691, 258, 132, '2019-09-10 03:27:29', NULL, NULL, 1),
(2692, 258, 16, '2019-09-10 03:27:29', NULL, NULL, 1),
(2695, 239, 94, '2019-09-10 03:28:02', NULL, NULL, 1),
(2696, 239, 16, '2019-09-10 03:28:02', NULL, NULL, 1),
(2704, 235, 129, '2019-09-10 03:33:31', NULL, NULL, 1),
(2705, 235, 47, '2019-09-10 03:33:31', NULL, NULL, 1),
(2706, 235, 16, '2019-09-10 03:33:31', NULL, NULL, 1),
(2711, 260, 117, '2019-09-10 03:34:11', NULL, NULL, 1),
(2712, 260, 16, '2019-09-10 03:34:11', NULL, NULL, 1),
(2725, 230, 109, '2019-09-10 03:37:06', NULL, NULL, 1),
(2726, 230, 16, '2019-09-10 03:37:06', NULL, NULL, 1),
(2727, 255, 130, '2019-09-10 03:37:22', NULL, NULL, 1),
(2728, 255, 129, '2019-09-10 03:37:22', NULL, NULL, 1),
(2729, 255, 16, '2019-09-10 03:37:22', NULL, NULL, 1),
(2730, 255, 127, '2019-09-10 03:37:22', NULL, NULL, 1),
(2735, 243, 84, '2019-09-10 03:39:46', NULL, NULL, 1),
(2736, 243, 16, '2019-09-10 03:39:46', NULL, NULL, 1),
(2741, 231, 31, '2019-09-10 03:49:57', NULL, NULL, 1),
(2742, 231, 16, '2019-09-10 03:49:57', NULL, NULL, 1),
(2743, 245, 86, '2019-09-10 03:50:22', NULL, NULL, 1),
(2744, 245, 16, '2019-09-10 03:50:22', NULL, NULL, 1),
(2745, 225, 8, '2019-09-10 03:50:46', NULL, NULL, 1),
(2746, 225, 5, '2019-09-10 03:50:46', NULL, NULL, 1),
(2747, 225, 16, '2019-09-10 03:50:46', NULL, NULL, 1),
(2748, 226, 8, '2019-09-10 03:51:04', NULL, NULL, 1),
(2749, 226, 16, '2019-09-10 03:51:04', NULL, NULL, 1),
(2752, 238, 94, '2019-09-10 03:51:44', NULL, NULL, 1),
(2753, 238, 16, '2019-09-10 03:51:44', NULL, NULL, 1),
(2756, 302, 136, '2019-09-10 04:00:23', NULL, NULL, 1),
(2757, 302, 16, '2019-09-10 04:00:23', NULL, NULL, 1),
(2758, 234, 126, '2019-09-10 04:01:15', NULL, NULL, 1),
(2759, 234, 16, '2019-09-10 04:01:15', NULL, NULL, 1),
(2760, 236, 10, '2019-09-10 04:08:53', NULL, NULL, 1),
(2761, 236, 16, '2019-09-10 04:08:53', NULL, NULL, 1),
(2776, 270, 108, '2019-09-10 04:46:19', NULL, NULL, 1),
(2777, 270, 16, '2019-09-10 04:46:19', NULL, NULL, 1),
(2792, 295, 21, '2019-09-10 21:42:17', NULL, NULL, 1),
(2793, 295, 16, '2019-09-10 21:42:17', NULL, NULL, 1),
(2794, 294, 21, '2019-09-10 21:42:46', NULL, NULL, 1),
(2795, 294, 16, '2019-09-10 21:42:46', NULL, NULL, 1),
(2800, 297, 21, '2019-09-10 21:44:09', NULL, NULL, 1),
(2801, 297, 16, '2019-09-10 21:44:09', NULL, NULL, 1),
(2820, 256, 4, '2019-09-13 18:37:01', NULL, 2, 1),
(2821, 256, 5, '2019-09-13 18:37:01', NULL, 2, 1),
(2851, 306, 31, '2019-09-20 13:53:07', NULL, 2, 1),
(2852, 306, 16, '2019-09-20 13:53:07', NULL, 2, 1),
(2884, 312, 126, '2019-09-24 23:55:55', NULL, NULL, 1),
(2885, 312, 16, '2019-09-24 23:55:55', NULL, NULL, 1),
(2904, 315, 21, '2019-10-03 23:58:28', NULL, NULL, 1),
(2905, 315, 16, '2019-10-03 23:58:28', NULL, NULL, 1),
(2910, 276, 14, '2019-10-04 00:46:15', NULL, NULL, 1),
(2911, 276, 16, '2019-10-04 00:46:15', NULL, NULL, 1),
(2920, 274, 98, '2019-10-04 21:51:31', NULL, NULL, 1),
(2921, 274, 16, '2019-10-04 21:51:31', NULL, NULL, 1),
(2961, 321, 111, '2019-10-05 22:09:57', NULL, NULL, 1),
(2962, 321, 21, '2019-10-05 22:09:57', NULL, NULL, 1),
(2963, 321, 16, '2019-10-05 22:09:57', NULL, NULL, 1),
(2970, 298, 21, '2019-10-06 00:43:42', NULL, NULL, 1),
(2971, 298, 16, '2019-10-06 00:43:42', NULL, NULL, 1),
(2989, 326, 140, '2019-10-08 00:17:13', NULL, NULL, 1),
(2990, 326, 16, '2019-10-08 00:17:13', NULL, NULL, 1),
(3075, 331, 139, '2019-10-14 23:23:59', NULL, NULL, 1),
(3076, 331, 16, '2019-10-14 23:23:59', NULL, NULL, 1),
(3111, 254, 19, '2020-01-21 23:32:46', NULL, 2, 1),
(3112, 254, 16, '2020-01-21 23:32:46', NULL, 2, 1),
(3167, 342, 21, '2020-01-22 18:45:10', NULL, 2, 1),
(3168, 342, 126, '2020-01-22 18:45:10', NULL, 2, 1),
(3169, 342, 16, '2020-01-22 18:45:10', NULL, 2, 1),
(3226, 351, 143, '2020-01-23 20:02:14', NULL, 2, 1),
(3227, 351, 138, '2020-01-23 20:02:14', NULL, 2, 1),
(3228, 351, 16, '2020-01-23 20:02:14', NULL, 2, 1),
(3229, 348, 98, '2020-01-23 20:03:02', NULL, 2, 1),
(3230, 348, 16, '2020-01-23 20:03:02', NULL, 2, 1),
(3231, 347, 144, '2020-01-23 20:04:06', NULL, 2, 1),
(3232, 347, 16, '2020-01-23 20:04:06', NULL, 2, 1),
(3235, 349, 145, '2020-01-23 20:05:43', NULL, 2, 1),
(3236, 349, 16, '2020-01-23 20:05:43', NULL, 2, 1),
(3237, 350, 146, '2020-01-23 20:06:22', NULL, 2, 1),
(3238, 350, 16, '2020-01-23 20:06:22', NULL, 2, 1),
(3257, 354, 129, '2020-01-26 20:08:41', NULL, 2, 1),
(3258, 354, 16, '2020-01-26 20:08:41', NULL, 2, 1),
(3259, 355, 126, '2020-01-26 20:09:31', NULL, 2, 1),
(3260, 355, 16, '2020-01-26 20:09:31', NULL, 2, 1),
(3280, 357, 145, '2020-01-28 17:22:59', NULL, 2, 1),
(3281, 357, 16, '2020-01-28 17:22:59', NULL, 2, 1),
(3293, 304, 145, '2020-01-29 04:32:59', NULL, 2, 1),
(3294, 304, 118, '2020-01-29 04:32:59', NULL, 2, 1),
(3295, 304, 16, '2020-01-29 04:32:59', NULL, 2, 1),
(3296, 309, 148, '2020-01-29 04:36:04', NULL, 2, 1),
(3297, 309, 16, '2020-01-29 04:36:04', NULL, 2, 1),
(3298, 310, 132, '2020-01-29 04:36:36', NULL, 2, 1),
(3299, 310, 16, '2020-01-29 04:36:36', NULL, 2, 1),
(3304, 237, 8, '2020-01-29 04:47:33', NULL, 2, 1),
(3305, 237, 16, '2020-01-29 04:47:33', NULL, 2, 1),
(3306, 252, 19, '2020-01-29 04:52:17', NULL, 2, 1),
(3307, 252, 16, '2020-01-29 04:52:17', NULL, 2, 1),
(3308, 251, 19, '2020-01-29 04:52:36', NULL, 2, 1),
(3309, 251, 16, '2020-01-29 04:52:36', NULL, 2, 1),
(3312, 358, 149, '2020-01-29 04:57:22', NULL, 2, 1),
(3313, 358, 16, '2020-01-29 04:57:22', NULL, 2, 1),
(3314, 353, 17, '2020-01-29 05:01:31', NULL, 2, 1),
(3315, 353, 16, '2020-01-29 05:01:31', NULL, 2, 1),
(3323, 335, 108, '2020-01-29 05:04:48', NULL, 2, 1),
(3324, 335, 16, '2020-01-29 05:04:48', NULL, 2, 1),
(3325, 334, 108, '2020-01-29 05:05:01', NULL, 2, 1),
(3326, 334, 16, '2020-01-29 05:05:01', NULL, 2, 1),
(3327, 333, 17, '2020-01-29 05:05:16', NULL, 2, 1),
(3328, 333, 16, '2020-01-29 05:05:16', NULL, 2, 1),
(3339, 359, 17, '2020-01-30 00:06:01', NULL, 2, 1),
(3340, 359, 16, '2020-01-30 00:06:01', NULL, 2, 1),
(3349, 360, 147, '2020-01-30 03:00:39', NULL, 2, 1),
(3350, 360, 16, '2020-01-30 03:00:39', NULL, 2, 1),
(3353, 361, 147, '2020-01-30 03:48:09', NULL, 2, 1),
(3354, 361, 16, '2020-01-30 03:48:09', NULL, 2, 1),
(3355, 267, 19, '2020-01-30 19:27:27', NULL, 2, 1),
(3356, 267, 16, '2020-01-30 19:27:27', NULL, 2, 1),
(3385, 365, 142, '2020-02-01 04:52:46', NULL, 2, 1),
(3386, 365, 16, '2020-02-01 04:52:46', NULL, 2, 1),
(3387, 330, 145, '2020-02-01 04:52:47', NULL, 2, 1),
(3388, 330, 16, '2020-02-01 04:52:47', NULL, 2, 1),
(3426, 368, 152, '2020-02-03 18:48:06', NULL, 2, 1),
(3427, 368, 16, '2020-02-03 18:48:06', NULL, 2, 1),
(3428, 272, 16, '2020-02-04 03:26:31', NULL, 2, 1),
(3429, 275, 16, '2020-02-04 03:27:00', NULL, 2, 1),
(3430, 281, 16, '2020-02-04 03:29:51', NULL, 2, 1),
(3431, 282, 16, '2020-02-04 03:30:06', NULL, 2, 1),
(3432, 221, 16, '2020-02-04 03:32:26', NULL, 2, 1),
(3433, 222, 16, '2020-02-04 03:33:05', NULL, 2, 1),
(3434, 336, 16, '2020-02-04 03:41:19', NULL, 2, 1),
(3435, 217, 18, '2020-02-04 03:46:18', NULL, 2, 1),
(3436, 217, 16, '2020-02-04 03:46:18', NULL, 2, 1),
(3437, 257, 16, '2020-02-04 03:48:51', NULL, 2, 1),
(3438, 259, 161, '2020-02-04 03:57:04', NULL, 2, 1),
(3439, 259, 117, '2020-02-04 03:57:04', NULL, 2, 1),
(3440, 259, 16, '2020-02-04 03:57:04', NULL, 2, 1),
(3441, 261, 117, '2020-02-04 04:24:52', NULL, 2, 1),
(3442, 261, 163, '2020-02-04 04:24:52', NULL, 2, 1),
(3443, 261, 16, '2020-02-04 04:24:52', NULL, 2, 1),
(3444, 262, 162, '2020-02-04 04:32:16', NULL, 2, 1),
(3445, 262, 16, '2020-02-04 04:32:16', NULL, 2, 1),
(3446, 263, 16, '2020-02-04 04:32:42', NULL, 2, 1),
(3447, 264, 103, '2020-02-04 04:34:30', NULL, 2, 1),
(3448, 264, 16, '2020-02-04 04:34:30', NULL, 2, 1),
(3449, 265, 93, '2020-02-04 04:39:08', NULL, 2, 1),
(3450, 265, 16, '2020-02-04 04:39:08', NULL, 2, 1),
(3451, 266, 31, '2020-02-04 04:40:07', NULL, 2, 1),
(3452, 266, 16, '2020-02-04 04:40:07', NULL, 2, 1),
(3457, 271, 147, '2020-02-04 05:01:01', NULL, 2, 1),
(3458, 271, 16, '2020-02-04 05:01:01', NULL, 2, 1),
(3459, 273, 133, '2020-02-04 05:02:50', NULL, 2, 1),
(3460, 273, 16, '2020-02-04 05:02:50', NULL, 2, 1),
(3461, 277, 16, '2020-02-04 05:03:56', NULL, 2, 1),
(3462, 278, 16, '2020-02-04 05:04:10', NULL, 2, 1),
(3463, 279, 16, '2020-02-04 05:04:30', NULL, 2, 1),
(3464, 283, 16, '2020-02-04 05:05:13', NULL, 2, 1),
(3473, 288, 143, '2020-02-04 05:07:39', NULL, 2, 1),
(3474, 288, 138, '2020-02-04 05:07:39', NULL, 2, 1),
(3475, 288, 16, '2020-02-04 05:07:39', NULL, 2, 1),
(3476, 289, 166, '2020-02-04 05:12:33', NULL, 2, 1),
(3477, 289, 16, '2020-02-04 05:12:33', NULL, 2, 1),
(3478, 290, 167, '2020-02-04 05:15:38', NULL, 2, 1),
(3479, 290, 16, '2020-02-04 05:15:38', NULL, 2, 1),
(3489, 292, 16, '2020-02-04 05:45:58', NULL, 2, 1),
(3490, 280, 16, '2020-02-04 05:46:42', NULL, 2, 1),
(3491, 293, 173, '2020-02-04 05:53:23', NULL, 2, 1),
(3492, 293, 16, '2020-02-04 05:53:23', NULL, 2, 1),
(3493, 303, 174, '2020-02-04 05:57:43', NULL, 2, 1),
(3494, 303, 16, '2020-02-04 05:57:43', NULL, 2, 1),
(3495, 305, 175, '2020-02-04 06:23:18', NULL, 2, 1),
(3496, 305, 16, '2020-02-04 06:23:18', NULL, 2, 1),
(3502, 364, 142, '2020-02-05 20:02:02', NULL, 2, 1),
(3503, 364, 16, '2020-02-05 20:02:02', NULL, 2, 1),
(3521, 314, 179, '2020-02-06 03:45:05', NULL, 2, 1),
(3522, 314, 16, '2020-02-06 03:45:05', NULL, 2, 1),
(3523, 317, 140, '2020-02-06 03:56:09', NULL, 2, 1),
(3524, 317, 16, '2020-02-06 03:56:09', NULL, 2, 1),
(3527, 319, 13, '2020-02-06 03:57:38', NULL, 2, 1),
(3528, 319, 10, '2020-02-06 03:57:38', NULL, 2, 1),
(3529, 319, 16, '2020-02-06 03:57:38', NULL, 2, 1),
(3530, 320, 182, '2020-02-06 04:03:19', NULL, 2, 1),
(3531, 320, 16, '2020-02-06 04:03:19', NULL, 2, 1),
(3532, 322, 183, '2020-02-06 04:14:09', NULL, 2, 1),
(3533, 322, 16, '2020-02-06 04:14:09', NULL, 2, 1),
(3534, 325, 183, '2020-02-06 04:14:59', NULL, 2, 1),
(3535, 325, 16, '2020-02-06 04:14:59', NULL, 2, 1),
(3536, 323, 183, '2020-02-06 04:15:57', NULL, 2, 1),
(3537, 323, 16, '2020-02-06 04:15:57', NULL, 2, 1),
(3538, 324, 139, '2020-02-06 04:18:57', NULL, 2, 1),
(3539, 324, 16, '2020-02-06 04:18:57', NULL, 2, 1),
(3552, 219, 16, '2020-02-06 04:27:21', NULL, 2, 1),
(3553, 227, 183, '2020-02-06 04:29:40', NULL, 2, 1),
(3554, 227, 16, '2020-02-06 04:29:40', NULL, 2, 1),
(3555, 229, 184, '2020-02-06 04:39:18', NULL, 2, 1),
(3556, 229, 16, '2020-02-06 04:39:18', NULL, 2, 1),
(3557, 232, 117, '2020-02-06 04:44:41', NULL, 2, 1),
(3558, 232, 163, '2020-02-06 04:44:41', NULL, 2, 1),
(3559, 232, 16, '2020-02-06 04:44:41', NULL, 2, 1),
(3560, 240, 162, '2020-02-06 04:47:58', NULL, 2, 1),
(3561, 240, 164, '2020-02-06 04:47:58', NULL, 2, 1),
(3562, 240, 117, '2020-02-06 04:47:58', NULL, 2, 1),
(3563, 240, 163, '2020-02-06 04:47:58', NULL, 2, 1),
(3564, 244, 85, '2020-02-06 04:52:12', NULL, 2, 1),
(3565, 244, 16, '2020-02-06 04:52:12', NULL, 2, 1),
(3566, 246, 89, '2020-02-06 05:06:57', NULL, 2, 1),
(3567, 246, 185, '2020-02-06 05:06:57', NULL, 2, 1),
(3568, 246, 16, '2020-02-06 05:06:57', NULL, 2, 1),
(3575, 346, 179, '2020-02-06 05:33:12', NULL, 2, 1),
(3576, 346, 16, '2020-02-06 05:33:12', NULL, 2, 1),
(3581, 362, 92, '2020-02-07 01:26:10', NULL, 2, 1),
(3582, 362, 16, '2020-02-07 01:26:10', NULL, 2, 1),
(3654, 307, 111, '2020-02-08 05:44:44', NULL, 2, 1),
(3655, 307, 16, '2020-02-08 05:44:44', NULL, 2, 1),
(3664, 338, 141, '2020-02-08 05:47:09', NULL, 2, 1),
(3665, 338, 16, '2020-02-08 05:47:09', NULL, 2, 1),
(3666, 340, 141, '2020-02-08 05:47:40', NULL, 2, 1),
(3667, 340, 16, '2020-02-08 05:47:40', NULL, 2, 1),
(3668, 339, 141, '2020-02-08 05:49:43', NULL, 2, 1),
(3669, 356, 140, '2020-02-08 05:50:13', NULL, 2, 1),
(3670, 356, 16, '2020-02-08 05:50:13', NULL, 2, 1),
(3674, 383, 145, '2020-02-08 20:21:25', NULL, 2, 1),
(3675, 383, 16, '2020-02-08 20:21:25', NULL, 2, 1),
(3676, 387, 161, '2020-02-08 20:28:11', NULL, 2, 1),
(3677, 387, 117, '2020-02-08 20:28:11', NULL, 2, 1),
(3678, 387, 163, '2020-02-08 20:28:11', NULL, 2, 1),
(3679, 387, 16, '2020-02-08 20:28:11', NULL, 2, 1),
(3682, 381, 175, '2020-02-08 20:37:06', NULL, 2, 1),
(3683, 381, 16, '2020-02-08 20:37:06', NULL, 2, 1),
(3684, 385, 177, '2020-02-08 20:42:43', NULL, 2, 1),
(3685, 385, 16, '2020-02-08 20:42:43', NULL, 2, 1),
(3690, 380, 155, '2020-02-08 20:49:13', NULL, 2, 1),
(3691, 380, 183, '2020-02-08 20:49:13', NULL, 2, 1),
(3692, 380, 16, '2020-02-08 20:49:13', NULL, 2, 1),
(3693, 375, 126, '2020-02-08 20:50:37', NULL, 2, 1),
(3694, 375, 16, '2020-02-08 20:50:37', NULL, 2, 1),
(3697, 377, 176, '2020-02-08 20:53:50', NULL, 2, 1),
(3698, 377, 16, '2020-02-08 20:53:50', NULL, 2, 1),
(3699, 386, 183, '2020-02-08 20:55:29', NULL, 2, 1),
(3700, 386, 16, '2020-02-08 20:55:29', NULL, 2, 1),
(3701, 366, 147, '2020-02-08 20:57:01', NULL, 2, 1),
(3702, 366, 16, '2020-02-08 20:57:01', NULL, 2, 1),
(3705, 369, 158, '2020-02-09 21:33:05', NULL, 2, 1),
(3706, 369, 16, '2020-02-09 21:33:05', NULL, 2, 1),
(3707, 371, 80, '2020-02-09 21:41:10', NULL, 2, 1),
(3708, 371, 16, '2020-02-09 21:41:10', NULL, 2, 1),
(3709, 373, 12, '2020-02-09 22:03:31', NULL, 2, 1),
(3710, 373, 16, '2020-02-09 22:03:31', NULL, 2, 1),
(3711, 376, 80, '2020-02-10 00:51:37', NULL, 2, 1),
(3712, 376, 16, '2020-02-10 00:51:37', NULL, 2, 1),
(3723, 374, 103, '2020-02-11 04:44:44', NULL, 2, 1),
(3724, 374, 16, '2020-02-11 04:44:44', NULL, 2, 1),
(3797, 400, 98, '2020-02-12 06:24:34', NULL, 2, 1),
(3798, 400, 16, '2020-02-12 06:24:34', NULL, 2, 1),
(3804, 391, 136, '2020-02-13 04:23:01', NULL, 2, 1),
(3805, 391, 16, '2020-02-13 04:23:01', NULL, 2, 1),
(3806, 394, 11, '2020-02-13 04:23:35', NULL, 2, 1),
(3807, 394, 16, '2020-02-13 04:23:35', NULL, 2, 1),
(3808, 399, 143, '2020-02-13 04:24:20', NULL, 2, 1),
(3809, 399, 138, '2020-02-13 04:24:20', NULL, 2, 1),
(3810, 399, 16, '2020-02-13 04:24:20', NULL, 2, 1),
(3811, 384, 187, '2020-02-13 04:25:19', NULL, 2, 1),
(3812, 384, 16, '2020-02-13 04:25:19', NULL, 2, 1),
(3813, 389, 186, '2020-02-13 04:26:06', NULL, 2, 1),
(3814, 389, 16, '2020-02-13 04:26:06', NULL, 2, 1),
(3815, 390, 187, '2020-02-13 04:27:06', NULL, 2, 1),
(3816, 390, 16, '2020-02-13 04:27:06', NULL, 2, 1),
(3817, 402, 175, '2020-02-13 04:27:51', NULL, 2, 1),
(3818, 402, 183, '2020-02-13 04:27:51', NULL, 2, 1),
(3819, 402, 16, '2020-02-13 04:27:51', NULL, 2, 1),
(3823, 392, 136, '2020-02-13 04:52:40', NULL, 2, 1),
(3824, 392, 16, '2020-02-13 04:52:40', NULL, 2, 1),
(3825, 396, 177, '2020-02-13 04:53:35', NULL, 2, 1),
(3826, 396, 16, '2020-02-13 04:53:35', NULL, 2, 1),
(3828, 395, 175, '2020-02-13 04:54:26', NULL, 2, 1),
(3829, 395, 16, '2020-02-13 04:54:26', NULL, 2, 1),
(3831, 404, 16, '2020-02-13 05:02:28', NULL, 2, 1),
(3832, 403, 16, '2020-02-13 05:03:16', NULL, 2, 1),
(3837, 405, 103, '2020-02-13 18:40:40', NULL, 2, 1),
(3838, 405, 16, '2020-02-13 18:40:40', NULL, 2, 1),
(3889, 313, 183, '2020-02-14 03:20:39', NULL, 2, 1),
(3890, 313, 16, '2020-02-14 03:20:39', NULL, 2, 1),
(3891, 316, 183, '2020-02-14 03:21:27', NULL, 2, 1),
(3892, 316, 16, '2020-02-14 03:21:27', NULL, 2, 1),
(3893, 301, 183, '2020-02-14 03:22:33', NULL, 2, 1),
(3894, 301, 16, '2020-02-14 03:22:33', NULL, 2, 1),
(3895, 388, 154, '2020-02-14 03:23:01', NULL, 2, 1),
(3896, 388, 183, '2020-02-14 03:23:01', NULL, 2, 1),
(3897, 388, 16, '2020-02-14 03:23:01', NULL, 2, 1),
(3898, 352, 141, '2020-02-14 03:23:23', NULL, 2, 1),
(3899, 352, 183, '2020-02-14 03:23:23', NULL, 2, 1),
(3900, 352, 16, '2020-02-14 03:23:23', NULL, 2, 1),
(3901, 343, 141, '2020-02-14 03:23:56', NULL, 2, 1),
(3902, 343, 183, '2020-02-14 03:23:56', NULL, 2, 1),
(3903, 343, 16, '2020-02-14 03:23:56', NULL, 2, 1),
(3904, 344, 141, '2020-02-14 03:24:23', NULL, 2, 1),
(3905, 344, 183, '2020-02-14 03:24:23', NULL, 2, 1),
(3906, 344, 16, '2020-02-14 03:24:23', NULL, 2, 1),
(3907, 296, 183, '2020-02-14 03:24:41', NULL, 2, 1),
(3908, 296, 16, '2020-02-14 03:24:41', NULL, 2, 1),
(3916, 341, 141, '2020-02-14 03:26:21', NULL, 2, 1),
(3917, 341, 183, '2020-02-14 03:26:21', NULL, 2, 1),
(3918, 341, 16, '2020-02-14 03:26:21', NULL, 2, 1),
(3919, 299, 178, '2020-02-14 03:26:50', NULL, 2, 1),
(3920, 299, 183, '2020-02-14 03:26:50', NULL, 2, 1),
(3921, 299, 16, '2020-02-14 03:26:50', NULL, 2, 1),
(3922, 345, 141, '2020-02-14 03:27:12', NULL, 2, 1),
(3923, 345, 183, '2020-02-14 03:27:12', NULL, 2, 1),
(3924, 345, 16, '2020-02-14 03:27:12', NULL, 2, 1),
(3927, 337, 141, '2020-02-14 03:28:26', NULL, 2, 1),
(3928, 337, 183, '2020-02-14 03:28:26', NULL, 2, 1),
(3929, 337, 16, '2020-02-14 03:28:26', NULL, 2, 1),
(4003, 425, 114, '2020-02-17 22:36:02', NULL, 2, 1),
(4004, 425, 16, '2020-02-17 22:36:02', NULL, 2, 1),
(4014, 410, 120, '2020-02-17 23:46:30', NULL, 2, 1),
(4015, 410, 16, '2020-02-17 23:46:30', NULL, 2, 1),
(4016, 421, 16, '2020-02-17 23:48:01', NULL, 2, 1),
(4017, 413, 190, '2020-02-17 23:50:06', NULL, 2, 1),
(4018, 413, 16, '2020-02-17 23:50:06', NULL, 2, 1),
(4021, 420, 136, '2020-02-17 23:53:04', NULL, 2, 1),
(4022, 420, 16, '2020-02-17 23:53:04', NULL, 2, 1),
(4023, 417, 136, '2020-02-17 23:54:11', NULL, 2, 1),
(4024, 417, 16, '2020-02-17 23:54:11', NULL, 2, 1),
(4025, 419, 183, '2020-02-17 23:56:00', NULL, 2, 1),
(4026, 419, 16, '2020-02-17 23:56:00', NULL, 2, 1),
(4027, 372, 160, '2020-02-17 23:58:05', NULL, 2, 1),
(4028, 372, 159, '2020-02-17 23:58:05', NULL, 2, 1),
(4029, 372, 16, '2020-02-17 23:58:05', NULL, 2, 1),
(4032, 409, 180, '2020-02-17 23:59:37', NULL, 2, 1),
(4033, 409, 16, '2020-02-17 23:59:37', NULL, 2, 1),
(4034, 415, 177, '2020-02-18 00:00:15', NULL, 2, 1),
(4035, 415, 16, '2020-02-18 00:00:15', NULL, 2, 1),
(4036, 414, 85, '2020-02-18 00:02:54', NULL, 2, 1),
(4037, 414, 16, '2020-02-18 00:02:54', NULL, 2, 1),
(4038, 411, 185, '2020-02-18 00:04:08', NULL, 2, 1),
(4039, 411, 170, '2020-02-18 00:04:08', NULL, 2, 1),
(4040, 411, 16, '2020-02-18 00:04:08', NULL, 2, 1),
(4041, 408, 189, '2020-02-18 00:05:36', NULL, 2, 1),
(4042, 408, 16, '2020-02-18 00:05:36', NULL, 2, 1),
(4043, 407, 188, '2020-02-18 00:06:31', NULL, 2, 1),
(4044, 407, 16, '2020-02-18 00:06:31', NULL, 2, 1),
(4045, 412, 185, '2020-02-18 00:07:36', NULL, 2, 1),
(4046, 412, 175, '2020-02-18 00:07:36', NULL, 2, 1),
(4047, 412, 16, '2020-02-18 00:07:36', NULL, 2, 1),
(4070, 406, 101, '2020-02-18 20:30:14', NULL, 2, 1),
(4071, 406, 183, '2020-02-18 20:30:14', NULL, 2, 1),
(4072, 406, 16, '2020-02-18 20:30:14', NULL, 2, 1),
(4073, 422, 173, '2020-02-18 20:31:36', NULL, 2, 1),
(4074, 422, 183, '2020-02-18 20:31:36', NULL, 2, 1),
(4075, 422, 16, '2020-02-18 20:31:36', NULL, 2, 1),
(4092, 418, 183, '2020-02-19 13:38:54', NULL, 2, 1),
(4093, 418, 16, '2020-02-19 13:38:54', NULL, 2, 1),
(4102, 435, 16, '2020-02-20 17:36:57', NULL, 2, 1),
(4103, 438, 16, '2020-02-20 17:43:30', NULL, 2, 1),
(4104, 437, 16, '2020-02-20 17:48:30', NULL, 2, 1),
(4105, 434, 16, '2020-02-20 17:54:26', NULL, 2, 1),
(4106, 439, 16, '2020-02-20 18:02:02', NULL, 2, 1),
(4107, 433, 16, '2020-02-20 18:08:06', NULL, 2, 1),
(4108, 444, 31, '2020-02-20 18:18:49', NULL, 2, 1),
(4109, 444, 16, '2020-02-20 18:18:49', NULL, 2, 1),
(4114, 448, 147, '2020-02-20 19:44:08', NULL, 2, 1),
(4115, 448, 16, '2020-02-20 19:44:08', NULL, 2, 1),
(4120, 443, 87, '2020-02-20 21:41:10', NULL, 2, 1),
(4121, 443, 16, '2020-02-20 21:41:10', NULL, 2, 1),
(4122, 447, 85, '2020-02-20 22:05:20', NULL, 2, 1),
(4123, 447, 16, '2020-02-20 22:05:20', NULL, 2, 1),
(4124, 449, 172, '2020-02-20 22:12:46', NULL, 2, 1),
(4125, 449, 16, '2020-02-20 22:12:46', NULL, 2, 1),
(4126, 440, 181, '2020-02-20 22:33:45', NULL, 2, 1),
(4127, 440, 16, '2020-02-20 22:33:45', NULL, 2, 1),
(4128, 436, 16, '2020-02-20 22:40:22', NULL, 2, 1),
(4131, 450, 181, '2020-02-20 22:58:51', NULL, 2, 1),
(4132, 450, 16, '2020-02-20 22:58:51', NULL, 2, 1),
(4135, 446, 115, '2020-02-20 23:10:22', NULL, 2, 1),
(4136, 446, 16, '2020-02-20 23:10:22', NULL, 2, 1),
(4160, 442, 181, '2020-02-22 14:57:02', NULL, 2, 1),
(4161, 442, 16, '2020-02-22 14:57:02', NULL, 2, 1),
(4162, 431, 181, '2020-02-22 14:58:08', NULL, 2, 1),
(4163, 431, 16, '2020-02-22 14:58:08', NULL, 2, 1),
(4166, 452, 191, '2020-02-22 15:25:47', NULL, 2, 1),
(4167, 452, 175, '2020-02-22 15:25:47', NULL, 2, 1),
(4168, 452, 16, '2020-02-22 15:25:47', NULL, 2, 1),
(4172, 454, 191, '2020-02-22 15:47:29', NULL, 2, 1),
(4173, 454, 175, '2020-02-22 15:47:29', NULL, 2, 1),
(4174, 454, 16, '2020-02-22 15:47:29', NULL, 2, 1),
(4175, 455, 191, '2020-02-22 16:25:09', NULL, 2, 1),
(4176, 455, 175, '2020-02-22 16:25:09', NULL, 2, 1),
(4177, 455, 16, '2020-02-22 16:25:09', NULL, 2, 1),
(4184, 398, 98, '2020-02-22 19:35:33', NULL, 2, 1),
(4185, 398, 16, '2020-02-22 19:35:33', NULL, 2, 1),
(4186, 453, 191, '2020-02-22 19:44:50', NULL, 2, 1),
(4187, 453, 175, '2020-02-22 19:44:50', NULL, 2, 1),
(4188, 453, 16, '2020-02-22 19:44:50', NULL, 2, 1),
(4189, 456, 191, '2020-02-22 19:51:23', NULL, 2, 1),
(4190, 456, 175, '2020-02-22 19:51:23', NULL, 2, 1),
(4191, 456, 16, '2020-02-22 19:51:23', NULL, 2, 1),
(4192, 451, 168, '2020-02-22 20:27:25', NULL, 2, 1),
(4193, 451, 16, '2020-02-22 20:27:25', NULL, 2, 1),
(4194, 423, 114, '2020-02-22 20:58:11', NULL, 2, 1),
(4195, 423, 16, '2020-02-22 20:58:11', NULL, 2, 1),
(4196, 285, 114, '2020-02-22 21:15:29', NULL, 2, 1),
(4197, 285, 16, '2020-02-22 21:15:29', NULL, 2, 1),
(4198, 286, 114, '2020-02-22 21:28:59', NULL, 2, 1),
(4199, 286, 16, '2020-02-22 21:28:59', NULL, 2, 1),
(4215, 367, 150, '2020-02-22 23:46:44', NULL, 2, 1),
(4216, 367, 151, '2020-02-22 23:46:44', NULL, 2, 1),
(4217, 367, 183, '2020-02-22 23:46:44', NULL, 2, 1),
(4218, 367, 16, '2020-02-22 23:46:44', NULL, 2, 1),
(4219, 401, 169, '2020-02-22 23:49:54', NULL, 2, 1),
(4220, 401, 170, '2020-02-22 23:49:54', NULL, 2, 1),
(4221, 401, 168, '2020-02-22 23:49:54', NULL, 2, 1),
(4222, 401, 183, '2020-02-22 23:49:54', NULL, 2, 1),
(4223, 401, 16, '2020-02-22 23:49:54', NULL, 2, 1),
(4224, 393, 150, '2020-02-22 23:51:21', NULL, 2, 1),
(4225, 393, 125, '2020-02-22 23:51:21', NULL, 2, 1),
(4226, 393, 16, '2020-02-22 23:51:21', NULL, 2, 1),
(4227, 382, 90, '2020-02-22 23:53:04', NULL, 2, 1),
(4228, 382, 97, '2020-02-22 23:53:04', NULL, 2, 1),
(4229, 382, 16, '2020-02-22 23:53:04', NULL, 2, 1),
(4231, 300, 16, '2020-02-22 23:56:01', NULL, 2, 1),
(4236, 378, 153, '2020-02-24 15:23:12', NULL, 2, 1),
(4237, 378, 155, '2020-02-24 15:23:12', NULL, 2, 1),
(4238, 378, 183, '2020-02-24 15:23:12', NULL, 2, 1),
(4239, 378, 16, '2020-02-24 15:23:12', NULL, 2, 1),
(4252, 445, 114, '2020-02-24 17:13:04', NULL, 2, 1),
(4253, 445, 16, '2020-02-24 17:13:04', NULL, 2, 1),
(4254, 253, 16, '2020-02-24 17:24:14', NULL, 2, 1),
(4255, 457, 107, '2020-02-24 17:31:23', NULL, 2, 1),
(4256, 457, 183, '2020-02-24 17:31:23', NULL, 2, 1),
(4257, 457, 16, '2020-02-24 17:31:23', NULL, 2, 1),
(4258, 428, 114, '2020-02-24 17:33:58', NULL, 2, 1),
(4259, 428, 16, '2020-02-24 17:33:58', NULL, 2, 1),
(4260, 459, 107, '2020-02-24 17:35:10', NULL, 2, 1),
(4261, 459, 16, '2020-02-24 17:35:10', NULL, 2, 1),
(4262, 429, 114, '2020-02-24 17:50:44', NULL, 2, 1),
(4263, 429, 16, '2020-02-24 17:50:44', NULL, 2, 1),
(4269, 460, 107, '2020-02-24 18:22:00', NULL, 2, 1),
(4270, 460, 16, '2020-02-24 18:22:00', NULL, 2, 1),
(4273, 461, 181, '2020-02-24 18:24:14', NULL, 2, 1),
(4274, 461, 16, '2020-02-24 18:24:14', NULL, 2, 1),
(4275, 426, 114, '2020-02-24 18:31:59', NULL, 2, 1),
(4276, 426, 16, '2020-02-24 18:31:59', NULL, 2, 1),
(4277, 430, 114, '2020-02-24 18:42:49', NULL, 2, 1),
(4278, 430, 16, '2020-02-24 18:42:49', NULL, 2, 1),
(4279, 424, 114, '2020-02-24 19:04:45', NULL, 2, 1),
(4280, 424, 16, '2020-02-24 19:04:45', NULL, 2, 1),
(4304, 416, 160, '2020-02-25 20:07:59', NULL, 2, 1),
(4305, 416, 155, '2020-02-25 20:07:59', NULL, 2, 1),
(4306, 416, 140, '2020-02-25 20:07:59', NULL, 2, 1),
(4307, 416, 16, '2020-02-25 20:07:59', NULL, 2, 1),
(4308, 291, 171, '2020-02-25 20:15:39', NULL, 2, 1),
(4309, 291, 168, '2020-02-25 20:15:39', NULL, 2, 1),
(4310, 291, 16, '2020-02-25 20:15:39', NULL, 2, 1),
(4311, 284, 113, '2020-02-25 20:38:56', NULL, 2, 1),
(4312, 284, 16, '2020-02-25 20:38:56', NULL, 2, 1),
(4313, 363, 82, '2020-02-25 21:11:07', NULL, 2, 1),
(4314, 363, 183, '2020-02-25 21:11:07', NULL, 2, 1),
(4315, 363, 16, '2020-02-25 21:11:07', NULL, 2, 1),
(4316, 242, 82, '2020-02-25 21:11:31', NULL, 2, 1),
(4317, 242, 183, '2020-02-25 21:11:31', NULL, 2, 1),
(4318, 242, 16, '2020-02-25 21:11:31', NULL, 2, 1),
(4349, 328, 9, '2020-02-27 02:04:40', NULL, 2, 1),
(4350, 328, 13, '2020-02-27 02:04:40', NULL, 2, 1),
(4351, 328, 5, '2020-02-27 02:04:40', NULL, 2, 1),
(4352, 328, 16, '2020-02-27 02:04:40', NULL, 2, 1),
(4355, 329, 83, '2020-02-27 02:05:14', NULL, 2, 1),
(4356, 329, 16, '2020-02-27 02:05:14', NULL, 2, 1),
(4367, 458, 107, '2020-02-27 14:29:10', NULL, 2, 1),
(4368, 458, 183, '2020-02-27 14:29:10', NULL, 2, 1),
(4369, 458, 16, '2020-02-27 14:29:10', NULL, 2, 1),
(4370, 268, 165, '2020-02-27 14:31:11', NULL, 2, 1),
(4371, 268, 16, '2020-02-27 14:31:11', NULL, 2, 1),
(4372, 269, 114, '2020-02-27 14:37:24', NULL, 2, 1),
(4373, 269, 16, '2020-02-27 14:37:24', NULL, 2, 1),
(4378, 287, 114, '2020-02-27 15:05:50', NULL, 2, 1),
(4379, 287, 16, '2020-02-27 15:05:50', NULL, 2, 1),
(4380, 462, 181, '2020-02-27 15:09:44', NULL, 2, 1),
(4381, 462, 16, '2020-02-27 15:09:44', NULL, 2, 1),
(4384, 432, 114, '2020-02-27 15:18:48', NULL, 2, 1),
(4385, 432, 16, '2020-02-27 15:18:48', NULL, 2, 1),
(4386, 441, 181, '2020-02-27 15:23:51', NULL, 2, 1),
(4387, 441, 16, '2020-02-27 15:23:51', NULL, 2, 1),
(4388, 427, 114, '2020-02-27 15:25:42', NULL, 2, 1),
(4389, 427, 16, '2020-02-27 15:25:42', NULL, 2, 1),
(4390, 466, 169, '2020-02-27 15:28:39', NULL, 2, 1),
(4391, 466, 170, '2020-02-27 15:28:39', NULL, 2, 1),
(4392, 466, 168, '2020-02-27 15:28:39', NULL, 2, 1),
(4393, 466, 16, '2020-02-27 15:28:39', NULL, 2, 1),
(4394, 465, 16, '2020-02-27 15:33:39', NULL, 2, 1),
(4395, 464, 16, '2020-02-27 15:36:38', NULL, 2, 1),
(4396, 463, 183, '2020-02-27 15:42:26', NULL, 2, 1),
(4397, 463, 16, '2020-02-27 15:42:26', NULL, 2, 1),
(4398, 470, 3, '2020-02-27 15:53:22', NULL, 2, 1),
(4399, 470, 4, '2020-02-27 15:53:22', NULL, 2, 1),
(4400, 470, 5, '2020-02-27 15:53:22', NULL, 2, 1),
(4401, 470, 16, '2020-02-27 15:53:22', NULL, 2, 1),
(4402, 468, 42, '2020-02-27 15:58:56', NULL, 2, 1),
(4403, 468, 13, '2020-02-27 15:58:56', NULL, 2, 1),
(4404, 468, 16, '2020-02-27 15:58:56', NULL, 2, 1),
(4429, 332, 14, '2020-02-28 22:31:19', NULL, 2, 1),
(4430, 332, 16, '2020-02-28 22:31:19', NULL, 2, 1),
(4435, 318, 131, '2020-02-28 22:37:08', NULL, 2, 1),
(4436, 318, 16, '2020-02-28 22:37:08', NULL, 2, 1),
(4437, 311, 9, '2020-02-28 22:38:54', NULL, 2, 1),
(4438, 311, 16, '2020-02-28 22:38:54', NULL, 2, 1),
(4445, 327, 7, '2020-02-28 22:58:57', NULL, 2, 1),
(4446, 327, 4, '2020-02-28 22:58:57', NULL, 2, 1),
(4447, 327, 5, '2020-02-28 22:58:57', NULL, 2, 1),
(4448, 327, 16, '2020-02-28 22:58:57', NULL, 2, 1),
(4465, 224, 22, '2020-02-29 04:25:32', NULL, 2, 1),
(4466, 224, 16, '2020-02-29 04:25:32', NULL, 2, 1),
(4479, 228, 13, '2020-03-01 04:39:23', NULL, 2, 1),
(4480, 228, 4, '2020-03-01 04:39:23', NULL, 2, 1),
(4481, 228, 5, '2020-03-01 04:39:23', NULL, 2, 1),
(4482, 228, 16, '2020-03-01 04:39:23', NULL, 2, 1),
(4513, 233, 42, '2020-03-02 01:11:20', NULL, 2, 1),
(4514, 233, 16, '2020-03-02 01:11:20', NULL, 2, 1),
(4518, 477, 14, '2020-03-02 01:12:51', NULL, 2, 1),
(4519, 477, 10, '2020-03-02 01:12:51', NULL, 2, 1),
(4520, 477, 16, '2020-03-02 01:12:51', NULL, 2, 1),
(4529, 469, 14, '2020-03-02 01:18:41', NULL, 2, 1),
(4530, 469, 10, '2020-03-02 01:18:41', NULL, 2, 1),
(4531, 469, 16, '2020-03-02 01:18:41', NULL, 2, 1),
(4532, 467, 5, '2020-03-02 01:19:08', NULL, 2, 1),
(4533, 467, 16, '2020-03-02 01:19:08', NULL, 2, 1),
(4534, 397, 147, '2020-03-02 01:20:42', NULL, 2, 1),
(4535, 397, 80, '2020-03-02 01:20:42', NULL, 2, 1),
(4536, 397, 16, '2020-03-02 01:20:42', NULL, 2, 1),
(4537, 379, 159, '2020-03-02 01:21:37', NULL, 2, 1),
(4538, 379, 16, '2020-03-02 01:21:37', NULL, 2, 1),
(4539, 370, 131, '2020-03-02 01:23:21', NULL, 2, 1),
(4540, 370, 16, '2020-03-02 01:23:21', NULL, 2, 1),
(4556, 484, 16, '2020-03-05 03:42:04', NULL, 2, 1),
(4563, 247, 96, '2020-03-05 04:02:24', NULL, 2, 1),
(4564, 247, 16, '2020-03-05 04:02:24', NULL, 2, 1),
(4565, 248, 96, '2020-03-05 04:02:54', NULL, 2, 1),
(4566, 248, 16, '2020-03-05 04:02:54', NULL, 2, 1),
(4567, 249, 96, '2020-03-05 04:03:09', NULL, 2, 1),
(4568, 249, 16, '2020-03-05 04:03:09', NULL, 2, 1),
(4569, 250, 96, '2020-03-05 04:03:30', NULL, 2, 1),
(4570, 250, 16, '2020-03-05 04:03:30', NULL, 2, 1),
(4581, 488, 93, '2020-03-05 04:42:22', NULL, 2, 1),
(4582, 488, 16, '2020-03-05 04:42:22', NULL, 2, 1),
(4583, 489, 93, '2020-03-05 04:57:25', NULL, 2, 1),
(4584, 489, 16, '2020-03-05 04:57:25', NULL, 2, 1),
(4585, 480, 4, '2020-03-05 19:33:18', NULL, 2, 1),
(4586, 480, 16, '2020-03-05 19:33:18', NULL, 2, 1),
(4587, 474, 3, '2020-03-05 19:34:42', NULL, 2, 1),
(4588, 474, 5, '2020-03-05 19:34:42', NULL, 2, 1),
(4589, 474, 16, '2020-03-05 19:34:42', NULL, 2, 1),
(4590, 472, 6, '2020-03-05 19:36:21', NULL, 2, 1),
(4591, 472, 3, '2020-03-05 19:36:21', NULL, 2, 1),
(4592, 472, 16, '2020-03-05 19:36:21', NULL, 2, 1),
(4593, 478, 6, '2020-03-05 19:37:55', NULL, 2, 1),
(4594, 478, 4, '2020-03-05 19:37:55', NULL, 2, 1),
(4595, 478, 16, '2020-03-05 19:37:55', NULL, 2, 1),
(4596, 487, 145, '2020-03-05 19:38:45', NULL, 2, 1),
(4597, 487, 16, '2020-03-05 19:38:45', NULL, 2, 1),
(4598, 475, 5, '2020-03-05 19:39:52', NULL, 2, 1),
(4599, 475, 16, '2020-03-05 19:39:52', NULL, 2, 1),
(4600, 471, 131, '2020-03-05 20:07:40', NULL, 2, 1),
(4601, 471, 16, '2020-03-05 20:07:40', NULL, 2, 1),
(4602, 476, 16, '2020-03-05 20:08:52', NULL, 2, 1),
(4603, 479, 4, '2020-03-05 20:09:53', NULL, 2, 1),
(4604, 479, 16, '2020-03-05 20:09:53', NULL, 2, 1),
(4605, 473, 14, '2020-03-05 21:23:30', NULL, 2, 1),
(4606, 473, 13, '2020-03-05 21:23:30', NULL, 2, 1),
(4607, 473, 16, '2020-03-05 21:23:30', NULL, 2, 1),
(4678, 308, 11, '2020-03-10 19:55:35', NULL, 36, 1),
(4679, 308, 6, '2020-03-10 19:55:35', NULL, 36, 1),
(4680, 308, 3, '2020-03-10 19:55:35', NULL, 36, 1),
(4681, 308, 8, '2020-03-10 19:55:35', NULL, 36, 1),
(4682, 308, 16, '2020-03-10 19:55:35', NULL, 36, 1),
(4683, 481, 13, '2020-03-12 22:29:20', NULL, 2, 1),
(4684, 481, 4, '2020-03-12 22:29:20', NULL, 2, 1),
(4685, 481, 5, '2020-03-12 22:29:20', NULL, 2, 1),
(4686, 481, 16, '2020-03-12 22:29:20', NULL, 2, 1),
(4687, 482, 7, '2020-03-12 22:33:25', NULL, 2, 1),
(4688, 482, 16, '2020-03-12 22:33:25', NULL, 2, 1),
(4689, 485, 96, '2020-03-12 22:35:24', NULL, 2, 1),
(4690, 485, 16, '2020-03-12 22:35:24', NULL, 2, 1),
(4691, 483, 16, '2020-03-12 22:36:47', NULL, 2, 1),
(4692, 486, 96, '2020-03-12 22:37:48', NULL, 2, 1),
(4693, 486, 16, '2020-03-12 22:37:48', NULL, 2, 1);

-- --------------------------------------------------------

--
-- Estrutura para tabela `mod_invoicedata`
--

CREATE TABLE `mod_invoicedata` (
  `id` int(10) NOT NULL,
  `invoiceid` int(10) NOT NULL,
  `clientsdetails` text COLLATE utf8_unicode_ci NOT NULL,
  `customfields` text COLLATE utf8_unicode_ci NOT NULL
) ENGINE=InnoDB DEFAULT CHARSET=utf8 COLLATE=utf8_unicode_ci;

-- --------------------------------------------------------

--
-- Estrutura para tabela `pedido`
--

CREATE TABLE `pedido` (
  `id` int(11) NOT NULL,
  `id_loja` int(11) DEFAULT NULL,
  `id_user` int(11) DEFAULT NULL,
  `tipo` enum('Retirar Balcão','Entregar') DEFAULT 'Entregar',
  `id_pagamento` int(11) DEFAULT NULL,
  `valor_pedido` decimal(10,2) DEFAULT NULL,
  `valor_pago` decimal(10,2) DEFAULT NULL,
  `valor_troco` decimal(10,2) DEFAULT NULL,
  `nome` varchar(150) DEFAULT NULL,
  `celular` varchar(150) DEFAULT NULL,
  `endereco` varchar(150) DEFAULT NULL,
  `numero` varchar(10) DEFAULT NULL,
  `complemento` varchar(100) DEFAULT NULL,
  `bairro` varchar(100) DEFAULT NULL,
  `ptoreferencia` varchar(100) DEFAULT NULL,
  `id_cidade` varchar(100) DEFAULT NULL,
  `situacao` enum('Incompleto','Pendente','Producao','Cancelado','Saiu','Entregue') DEFAULT 'Incompleto',
  `data_cadastro` timestamp NOT NULL DEFAULT CURRENT_TIMESTAMP,
  `data_alteracao` timestamp NULL DEFAULT NULL ON UPDATE CURRENT_TIMESTAMP,
  `id_update_user` int(11) DEFAULT NULL,
  `status` tinyint(1) NOT NULL DEFAULT '1',
  `mostrar_aviso` tinyint(1) NOT NULL DEFAULT '1',
  `id_onesignal` varchar(255) DEFAULT NULL
) ENGINE=InnoDB DEFAULT CHARSET=utf8;

--
-- Fazendo dump de dados para tabela `pedido`
--

INSERT INTO `pedido` (`id`, `id_loja`, `id_user`, `tipo`, `id_pagamento`, `valor_pedido`, `valor_pago`, `valor_troco`, `nome`, `celular`, `endereco`, `numero`, `complemento`, `bairro`, `ptoreferencia`, `id_cidade`, `situacao`, `data_cadastro`, `data_alteracao`, `id_update_user`, `status`, `mostrar_aviso`, `id_onesignal`) VALUES
(1, 256, 6, 'Entregar', 28, '53.00', NULL, NULL, 'Johannes Nogueira', '88999065484', 'Rua Joaquim Valentim', '240', 'A', 'ALTIPLANO', 'Próximo Ao Colégio Frei Damião', '4', 'Entregue', '2019-10-23 21:41:26', '2019-10-23 21:44:10', 32, 1, 0, '6948e586-3d14-4582-9d00-d5ab7882d176'),
(2, 256, 6, 'Entregar', 28, '28.00', NULL, NULL, 'Johannes Nogueira', '88999065484', 'Rua Joaquim Valentim', '240', 'A', 'ALTIPLANO', 'Próximo Ao Colégio Frei Damião', '4', 'Entregue', '2019-10-23 21:47:04', '2019-10-23 22:01:49', 32, 1, 0, '6948e586-3d14-4582-9d00-d5ab7882d176'),
(3, 256, 6, 'Entregar', 28, '8.00', NULL, NULL, 'Johannes Nogueira', '88999065484', 'Rua Joaquim Valentim', '240', 'A', 'ALTIPLANO', 'Próximo Ao Colégio Frei Damião', '4', 'Entregue', '2019-10-24 00:02:55', '2019-10-24 00:04:28', 6, 1, 0, '6948e586-3d14-4582-9d00-d5ab7882d176'),
(4, 256, 9, 'Entregar', 13, '13.00', '10.00', '22.00', 'Carlos', '88999341621', 'Rua José de Alencar', '974', '', 'ALTIPLANO', 'Frente ao bar do aquino', '4', 'Entregue', '2019-10-24 00:05:40', '2019-10-24 00:10:46', 32, 1, 0, '0da4a209-3245-4a48-994c-84a397a629dd'),
(5, 256, 7, 'Entregar', 13, '8.00', '5.00', '42.00', 'Rogério Morais', '8104 1224', 'Rua José de Alencar', '994', '', 'ALTIPLANO', 'Bar do Aquino', '4', 'Producao', '2019-10-24 23:28:08', '2019-10-24 23:28:43', 32, 1, 0, '3cf97cd6-50d3-4b4c-8e52-1f73b5f81f53'),
(6, 256, 6, 'Entregar', 28, '8.00', NULL, NULL, 'Johannes Nogueira', '88999065484', 'Rua Joaquim Valentim', '240', 'A', 'ALTIPLANO', 'Próximo Ao Colégio Frei Damião', '4', 'Pendente', '2019-10-28 10:50:34', '2019-10-28 10:50:34', 6, 1, 1, '6948e586-3d14-4582-9d00-d5ab7882d176'),
(7, 256, NULL, 'Entregar', 8, '33.00', NULL, NULL, 'Jota', '88999065484', 'Rua Teste', '123', '', 'ALTIPLANO', 'Proximo a uma árvore', '4', 'Pendente', '2019-12-01 15:48:21', '2019-12-01 15:48:21', NULL, 1, 1, NULL),
(8, 256, NULL, 'Entregar', 29, '33.00', NULL, NULL, 'Johannes', '88992652125', 'Rua Alexandre Arraes, 950, Centro', '240', 'Teste', 'ALTIPLANO', 'Teste', '4', 'Pendente', '2019-12-02 17:05:55', '2019-12-02 17:05:55', NULL, 1, 1, NULL),
(9, 256, NULL, 'Retirar Balcão', 13, '25.00', '25.00', '5.00', '', '', '', '', '', '', '', '4', 'Pendente', '2019-12-02 17:29:40', '2019-12-02 17:29:40', NULL, 1, 1, NULL),
(10, 256, 6, 'Entregar', 7, '28.00', NULL, NULL, 'Johannes Nogueira', '88999065484', 'Rua Joaquim Valentim', '240', 'A', 'ALTIPLANO', 'Próximo Ao Colégio Frei Damião', '4', 'Pendente', '2019-12-02 17:32:56', '2019-12-02 17:32:56', 6, 1, 1, '6948e586-3d14-4582-9d00-d5ab7882d176'),
(11, 333, 30, 'Entregar', 13, '4.00', '4.00', '46.00', 'Carlos', '(88) 99934-1621', 'Rua José de Alencar', '974', '', 'TABULEIRO', 'LAN house Simão Games', '4', 'Entregue', '2020-01-03 06:08:57', '2020-01-03 06:10:06', 34, 1, 0, '0da4a209-3245-4a48-994c-84a397a629dd'),
(12, 333, 30, 'Entregar', 8, '173.34', NULL, NULL, 'Roberto', '(88) 99934-1621', 'Rua José de Alencar', '974', '', 'SÃO SEBASTIÃO', 'Lan house Simão Games', '4', 'Cancelado', '2020-01-03 06:33:03', '2020-01-03 06:36:33', 34, 1, 0, '0da4a209-3245-4a48-994c-84a397a629dd'),
(13, 333, 30, 'Entregar', 13, '39.71', '39.71', '10.29', 'Roberto', '(88) 99934-1621', 'Rua José de Alencar', '974', '', 'TABULEIRO', 'Lan house Simão Games', '4', 'Entregue', '2020-01-03 06:39:07', '2020-01-04 03:14:20', 34, 1, 0, '0da4a209-3245-4a48-994c-84a397a629dd'),
(14, 333, 30, 'Entregar', 13, '163.80', '163.80', '36.20', 'Roberto', '(88) 99934-1621', 'Rua José de Alencar', '974', '', 'TABULEIRO', 'Lan house Simão Games', '4', 'Entregue', '2020-01-04 03:12:21', '2020-01-04 03:15:16', 34, 1, 0, '0da4a209-3245-4a48-994c-84a397a629dd'),
(15, 333, 30, 'Entregar', 13, '110.19', '110.19', '39.81', 'Roberto', '(88) 99934-1621', 'Rua José de Alencar', '974', '', 'TABULEIRO', 'Lan house Simão Games', '4', 'Cancelado', '2020-01-04 14:35:44', '2020-01-05 04:32:33', 34, 1, 0, '0da4a209-3245-4a48-994c-84a397a629dd'),
(16, 333, 33, 'Entregar', 13, '303.26', '303.26', '46.74', 'Julio', '(88) 99934-1621', 'Rua José de alencar', '974', '', 'SÃO SEBASTIÃO', 'Teste', '4', 'Pendente', '2020-01-14 00:08:26', '2020-01-14 00:08:26', 33, 1, 1, '0da4a209-3245-4a48-994c-84a397a629dd'),
(17, 475, 33, 'Entregar', 15, '33.00', NULL, NULL, 'Carlos', '(88) 99934-1621', 'Rua José de Alencar', '974', '', 'COCOBÓ', 'Perto do Aquino', '4', 'Entregue', '2020-02-29 06:41:22', '2020-02-29 06:43:33', 35, 1, 0, '0da4a209-3245-4a48-994c-84a397a629dd'),
(18, 475, 32, 'Entregar', 15, '8.00', NULL, NULL, 'Rogerio', '(88) 99934-1621', 'Rua José de alencar', '974', '', 'VILA MOURA', 'Próximo a Lan house Simão games', '4', 'Entregue', '2020-02-29 18:50:57', '2020-02-29 18:52:16', 35, 1, 0, '3cf97cd6-50d3-4b4c-8e52-1f73b5f81f53'),
(19, 475, 33, 'Entregar', 28, '71.00', NULL, NULL, 'Romulo', '(88) 99689-3080', 'Rua Pedro Gomes de Araújo', '332', 'Vizinho ao mercantil', 'VARJOTA', 'Casa', '4', 'Pendente', '2020-02-29 20:30:08', '2020-02-29 20:30:08', 33, 1, 1, '0da4a209-3245-4a48-994c-84a397a629dd');

-- --------------------------------------------------------

--
-- Estrutura para tabela `pedido_produto`
--

CREATE TABLE `pedido_produto` (
  `id` int(11) NOT NULL,
  `id_loja` int(11) DEFAULT NULL,
  `id_pedido` int(11) DEFAULT NULL,
  `id_produto` int(11) DEFAULT NULL,
  `id_tamanho` int(10) UNSIGNED DEFAULT NULL,
  `qtde` int(11) DEFAULT NULL,
  `preco` decimal(10,2) DEFAULT NULL,
  `descricao` varchar(255) DEFAULT NULL,
  `data_cadastro` timestamp NOT NULL DEFAULT CURRENT_TIMESTAMP,
  `data_alteracao` timestamp NULL DEFAULT NULL ON UPDATE CURRENT_TIMESTAMP,
  `id_update_user` int(11) DEFAULT NULL,
  `status` tinyint(1) NOT NULL DEFAULT '1',
  `sabores` text
) ENGINE=InnoDB DEFAULT CHARSET=utf8;

--
-- Fazendo dump de dados para tabela `pedido_produto`
--

INSERT INTO `pedido_produto` (`id`, `id_loja`, `id_pedido`, `id_produto`, `id_tamanho`, `qtde`, `preco`, `descricao`, `data_cadastro`, `data_alteracao`, `id_update_user`, `status`, `sabores`) VALUES
(1, 256, 1, 441, 3, 1, '25.00', '', '2019-10-23 21:41:26', NULL, 6, 1, ''),
(2, 256, 1, 442, 3, 1, '25.00', '', '2019-10-23 21:41:26', NULL, 6, 1, ''),
(3, 256, 2, 441, 3, 1, '25.00', '', '2019-10-23 21:47:04', NULL, 6, 1, ''),
(4, 256, 3, 527, 0, 1, '5.00', '', '2019-10-24 00:02:55', NULL, 6, 1, ''),
(5, 256, 4, 527, 0, 1, '5.00', '', '2019-10-24 00:05:40', NULL, 9, 1, ''),
(6, 256, 4, 528, 0, 1, '5.00', '', '2019-10-24 00:05:40', NULL, 9, 1, ''),
(7, 256, 5, 527, 0, 1, '5.00', '', '2019-10-24 23:28:08', NULL, 7, 1, ''),
(8, 256, 6, 527, 0, 1, '5.00', '', '2019-10-28 10:50:34', NULL, 6, 1, ''),
(9, 256, 7, 439, 3, 1, '25.00', 'Borda de Catupiri (R$ 5,00)', '2019-12-01 15:48:21', NULL, NULL, 1, ''),
(10, 256, 8, 439, 3, 1, '25.00', 'Borda de Catupiri (R$ 5,00)', '2019-12-02 17:05:55', NULL, NULL, 1, ''),
(11, 256, 9, 439, 3, 1, '25.00', '', '2019-12-02 17:29:40', NULL, NULL, 1, ''),
(12, 256, 10, 439, 3, 1, '25.00', '', '2019-12-02 17:32:56', NULL, 6, 1, ''),
(13, 333, 11, 588, 0, 4, '4.00', '', '2020-01-03 06:08:57', NULL, 30, 1, ''),
(14, 333, 12, 581, 0, 1, '17.49', '', '2020-01-03 06:33:03', NULL, 30, 1, ''),
(15, 333, 12, 570, 0, 1, '1.49', '', '2020-01-03 06:33:03', NULL, 30, 1, ''),
(16, 333, 12, 576, 0, 1, '3.59', '', '2020-01-03 06:33:03', NULL, 30, 1, ''),
(17, 333, 12, 567, 0, 1, '4.59', '', '2020-01-03 06:33:03', NULL, 30, 1, ''),
(18, 333, 12, 560, 0, 1, '18.89', '', '2020-01-03 06:33:03', NULL, 30, 1, ''),
(19, 333, 12, 578, 0, 1, '14.59', '', '2020-01-03 06:33:03', NULL, 30, 1, ''),
(20, 333, 12, 564, 0, 1, '9.99', '', '2020-01-03 06:33:03', NULL, 30, 1, ''),
(21, 333, 12, 587, 0, 1, '1.00', '', '2020-01-03 06:33:03', NULL, 30, 1, ''),
(22, 333, 12, 579, 0, 1, '2.79', '', '2020-01-03 06:33:03', NULL, 30, 1, ''),
(23, 333, 12, 562, 0, 1, '4.70', '', '2020-01-03 06:33:03', NULL, 30, 1, ''),
(24, 333, 12, 563, 0, 1, '5.00', '', '2020-01-03 06:33:03', NULL, 30, 1, ''),
(25, 333, 12, 583, 0, 1, '6.19', '', '2020-01-03 06:33:03', NULL, 30, 1, ''),
(26, 333, 12, 575, 0, 1, '4.50', '', '2020-01-03 06:33:03', NULL, 30, 1, ''),
(27, 333, 12, 574, 0, 1, '5.59', '', '2020-01-03 06:33:03', NULL, 30, 1, ''),
(28, 333, 12, 571, 0, 1, '1.69', '', '2020-01-03 06:33:03', NULL, 30, 1, ''),
(29, 333, 12, 586, 0, 1, '5.40', '', '2020-01-03 06:33:03', NULL, 30, 1, ''),
(30, 333, 12, 584, 0, 1, '3.49', '', '2020-01-03 06:33:03', NULL, 30, 1, ''),
(31, 333, 12, 582, 0, 1, '2.49', '', '2020-01-03 06:33:03', NULL, 30, 1, ''),
(32, 333, 12, 591, 0, 1, '4.00', '', '2020-01-03 06:33:03', NULL, 30, 1, ''),
(33, 333, 12, 589, 0, 6, '3.00', '', '2020-01-03 06:33:03', NULL, 30, 1, ''),
(34, 333, 12, 588, 0, 1, '1.00', '', '2020-01-03 06:33:03', NULL, 30, 1, ''),
(35, 333, 12, 590, 0, 1, '5.00', '', '2020-01-03 06:33:03', NULL, 30, 1, ''),
(36, 333, 12, 592, 0, 6, '4.50', '', '2020-01-03 06:33:03', NULL, 30, 1, ''),
(37, 333, 12, 593, 0, 6, '3.00', '', '2020-01-03 06:33:03', NULL, 30, 1, ''),
(38, 333, 12, 594, 0, 3, '1.50', '', '2020-01-03 06:33:03', NULL, 30, 1, ''),
(39, 333, 12, 546, 0, 1, '7.99', '', '2020-01-03 06:33:03', NULL, 30, 1, ''),
(40, 333, 12, 558, 0, 1, '2.59', '', '2020-01-03 06:33:03', NULL, 30, 1, ''),
(41, 333, 12, 551, 0, 1, '4.30', '', '2020-01-03 06:33:03', NULL, 30, 1, ''),
(42, 333, 12, 542, 0, 1, '17.99', '', '2020-01-03 06:33:03', NULL, 30, 1, ''),
(43, 333, 12, 547, 0, 1, '5.00', '', '2020-01-03 06:33:03', NULL, 30, 1, ''),
(44, 333, 13, 567, 0, 1, '4.59', '', '2020-01-03 06:39:07', NULL, 30, 1, ''),
(45, 333, 13, 559, 0, 1, '13.79', '', '2020-01-03 06:39:07', NULL, 30, 1, ''),
(46, 333, 13, 564, 0, 1, '9.99', '', '2020-01-03 06:39:07', NULL, 30, 1, ''),
(47, 333, 13, 591, 0, 1, '4.00', '', '2020-01-03 06:39:07', NULL, 30, 1, ''),
(48, 333, 13, 589, 0, 6, '3.00', '', '2020-01-03 06:39:07', NULL, 30, 1, ''),
(49, 333, 13, 548, 0, 2, '4.34', '', '2020-01-03 06:39:07', NULL, 30, 1, ''),
(50, 333, 14, 581, 0, 1, '17.49', '', '2020-01-04 03:12:21', NULL, 30, 1, ''),
(51, 333, 14, 570, 0, 1, '1.49', '', '2020-01-04 03:12:21', NULL, 30, 1, ''),
(52, 333, 14, 576, 0, 1, '3.59', '', '2020-01-04 03:12:21', NULL, 30, 1, ''),
(53, 333, 14, 567, 0, 1, '4.59', '', '2020-01-04 03:12:21', NULL, 30, 1, ''),
(54, 333, 14, 587, 0, 1, '1.00', '', '2020-01-04 03:12:21', NULL, 30, 1, ''),
(55, 333, 14, 579, 0, 1, '2.79', '', '2020-01-04 03:12:21', NULL, 30, 1, ''),
(56, 333, 14, 569, 0, 1, '9.99', '', '2020-01-04 03:12:21', NULL, 30, 1, ''),
(57, 333, 14, 563, 0, 1, '5.00', '', '2020-01-04 03:12:21', NULL, 30, 1, ''),
(58, 333, 14, 571, 0, 1, '1.69', '', '2020-01-04 03:12:21', NULL, 30, 1, ''),
(59, 333, 14, 580, 0, 1, '3.59', '', '2020-01-04 03:12:21', NULL, 30, 1, ''),
(60, 333, 14, 584, 0, 1, '3.49', '', '2020-01-04 03:12:21', NULL, 30, 1, ''),
(61, 333, 14, 582, 0, 1, '2.49', '', '2020-01-04 03:12:21', NULL, 30, 1, ''),
(62, 333, 14, 591, 0, 1, '4.00', '', '2020-01-04 03:12:21', NULL, 30, 1, ''),
(63, 333, 14, 589, 0, 6, '3.00', '', '2020-01-04 03:12:21', NULL, 30, 1, ''),
(64, 333, 14, 588, 0, 1, '1.00', '', '2020-01-04 03:12:21', NULL, 30, 1, ''),
(65, 333, 14, 590, 0, 1, '5.00', '', '2020-01-04 03:12:21', NULL, 30, 1, ''),
(66, 333, 14, 593, 0, 6, '3.00', '', '2020-01-04 03:12:21', NULL, 30, 1, ''),
(67, 333, 14, 594, 0, 6, '3.00', '', '2020-01-04 03:12:21', NULL, 30, 1, ''),
(68, 333, 14, 546, 0, 2, '15.98', '', '2020-01-04 03:12:21', NULL, 30, 1, ''),
(69, 333, 14, 548, 0, 1, '2.17', '', '2020-01-04 03:12:21', NULL, 30, 1, ''),
(70, 333, 14, 551, 0, 1, '4.30', '', '2020-01-04 03:12:21', NULL, 30, 1, ''),
(71, 333, 14, 555, 0, 1, '4.00', '', '2020-01-04 03:12:21', NULL, 30, 1, ''),
(72, 333, 14, 542, 0, 1, '17.99', '', '2020-01-04 03:12:21', NULL, 30, 1, ''),
(73, 333, 14, 553, 0, 1, '4.59', '', '2020-01-04 03:12:21', NULL, 30, 1, ''),
(74, 333, 14, 556, 0, 1, '12.89', '', '2020-01-04 03:12:21', NULL, 30, 1, ''),
(75, 333, 14, 557, 0, 1, '14.39', '', '2020-01-04 03:12:21', NULL, 30, 1, ''),
(76, 333, 14, 547, 0, 1, '5.00', '', '2020-01-04 03:12:21', NULL, 30, 1, ''),
(77, 333, 14, 543, 0, 1, '6.29', '', '2020-01-04 03:12:21', NULL, 30, 1, ''),
(78, 333, 15, 581, 0, 1, '17.49', '', '2020-01-04 14:35:44', NULL, 30, 1, ''),
(79, 333, 15, 570, 0, 1, '1.49', '', '2020-01-04 14:35:44', NULL, 30, 1, ''),
(80, 333, 15, 573, 0, 1, '3.70', '', '2020-01-04 14:35:44', NULL, 30, 1, ''),
(81, 333, 15, 576, 0, 1, '3.59', '', '2020-01-04 14:35:44', NULL, 30, 1, ''),
(82, 333, 15, 560, 0, 1, '18.89', '', '2020-01-04 14:35:44', NULL, 30, 1, ''),
(83, 333, 15, 591, 0, 1, '4.00', '', '2020-01-04 14:35:44', NULL, 30, 1, ''),
(84, 333, 15, 606, 0, 1, '5.99', '', '2020-01-04 14:35:44', NULL, 30, 1, ''),
(85, 333, 15, 604, 0, 1, '1.99', '', '2020-01-04 14:35:44', NULL, 30, 1, ''),
(86, 333, 15, 589, 0, 6, '3.00', '', '2020-01-04 14:35:44', NULL, 30, 1, ''),
(87, 333, 15, 603, 0, 1, '4.49', '', '2020-01-04 14:35:44', NULL, 30, 1, ''),
(88, 333, 15, 602, 0, 1, '5.00', '', '2020-01-04 14:35:44', NULL, 30, 1, ''),
(89, 333, 15, 546, 0, 1, '7.99', '', '2020-01-04 14:35:44', NULL, 30, 1, ''),
(90, 333, 15, 558, 0, 1, '2.59', '', '2020-01-04 14:35:44', NULL, 30, 1, ''),
(91, 333, 15, 551, 0, 1, '4.30', '', '2020-01-04 14:35:44', NULL, 30, 1, ''),
(92, 333, 15, 557, 0, 1, '14.39', '', '2020-01-04 14:35:44', NULL, 30, 1, ''),
(93, 333, 15, 547, 0, 1, '5.00', '', '2020-01-04 14:35:44', NULL, 30, 1, ''),
(94, 333, 15, 543, 0, 1, '6.29', '', '2020-01-04 14:35:44', NULL, 30, 1, ''),
(95, 333, 16, 629, 0, 1, '7.49', '<br>Obs:Olha traga o mais', '2020-01-14 00:08:26', NULL, 33, 1, ''),
(96, 333, 16, 632, 0, 1, '49.99', '', '2020-01-14 00:08:26', NULL, 33, 1, ''),
(97, 333, 16, 621, 0, 2, '79.80', '', '2020-01-14 00:08:26', NULL, 33, 1, ''),
(98, 333, 16, 581, 0, 1, '17.49', '', '2020-01-14 00:08:26', NULL, 33, 1, ''),
(99, 333, 16, 576, 0, 1, '3.59', '', '2020-01-14 00:08:26', NULL, 33, 1, ''),
(100, 333, 16, 567, 0, 1, '4.59', '', '2020-01-14 00:08:26', NULL, 33, 1, ''),
(101, 333, 16, 560, 0, 2, '37.78', '', '2020-01-14 00:08:26', NULL, 33, 1, ''),
(102, 333, 16, 564, 0, 1, '9.99', '', '2020-01-14 00:08:26', NULL, 33, 1, ''),
(103, 333, 16, 634, 0, 2, '6.00', '', '2020-01-14 00:08:26', NULL, 33, 1, ''),
(104, 333, 16, 636, 0, 1, '3.10', '', '2020-01-14 00:08:26', NULL, 33, 1, ''),
(105, 333, 16, 591, 0, 1, '4.00', '', '2020-01-14 00:08:26', NULL, 33, 1, ''),
(106, 333, 16, 604, 0, 1, '1.99', '', '2020-01-14 00:08:26', NULL, 33, 1, ''),
(107, 333, 16, 601, 0, 1, '6.59', '', '2020-01-14 00:08:26', NULL, 33, 1, ''),
(108, 333, 16, 589, 0, 6, '3.00', '', '2020-01-14 00:08:26', NULL, 33, 1, ''),
(109, 333, 16, 603, 0, 1, '4.49', '', '2020-01-14 00:08:26', NULL, 33, 1, ''),
(110, 333, 16, 595, 0, 1, '12.90', '', '2020-01-14 00:08:26', NULL, 33, 1, ''),
(111, 333, 16, 609, 0, 1, '8.59', '', '2020-01-14 00:08:26', NULL, 33, 1, ''),
(112, 333, 16, 588, 0, 1, '1.00', '', '2020-01-14 00:08:26', NULL, 33, 1, ''),
(113, 333, 16, 546, 0, 1, '7.99', '', '2020-01-14 00:08:26', NULL, 33, 1, ''),
(114, 333, 16, 549, 0, 1, '9.90', '', '2020-01-14 00:08:26', NULL, 33, 1, ''),
(115, 333, 16, 542, 0, 1, '17.99', '', '2020-01-14 00:08:26', NULL, 33, 1, ''),
(116, 333, 16, 547, 0, 1, '5.00', '', '2020-01-14 00:08:26', NULL, 33, 1, ''),
(117, 475, 17, 650, 0, 1, '3.00', '', '2020-02-29 06:41:22', NULL, 33, 1, ''),
(118, 475, 17, 652, 0, 1, '19.00', 'Bacon (R$ 3,00)', '2020-02-29 06:41:22', NULL, 33, 1, ''),
(119, 475, 17, 637, 0, 2, '5.00', '', '2020-02-29 06:41:22', NULL, 33, 1, ''),
(120, 475, 18, 650, 0, 1, '3.00', '', '2020-02-29 18:50:57', NULL, 32, 1, ''),
(121, 475, 19, 650, 0, 1, '3.00', '', '2020-02-29 20:30:08', NULL, 33, 1, ''),
(122, 475, 19, 651, 0, 1, '25.00', '', '2020-02-29 20:30:08', NULL, 33, 1, ''),
(123, 475, 19, 652, 0, 1, '19.00', 'Bacon (R$ 3,00), Calabresa (R$ 3,00), Hambúrguer 150g (R$ 5,00), Ovo (R$ 1,00)', '2020-02-29 20:30:08', NULL, 33, 1, ''),
(124, 475, 19, 637, 0, 1, '2.50', '', '2020-02-29 20:30:08', NULL, 33, 1, ''),
(125, 475, 19, 646, 0, 1, '3.50', '', '2020-02-29 20:30:08', NULL, 33, 1, '');

-- --------------------------------------------------------

--
-- Estrutura para tabela `plano`
--

CREATE TABLE `plano` (
  `id` int(11) NOT NULL,
  `plano` varchar(40) CHARACTER SET utf8mb4 DEFAULT NULL,
  `status` enum('0','1') COLLATE utf8mb4_unicode_ci NOT NULL DEFAULT '1',
  `data_cadastro` datetime NOT NULL DEFAULT CURRENT_TIMESTAMP,
  `data_alteracao` datetime DEFAULT NULL ON UPDATE CURRENT_TIMESTAMP,
  `id_update_user` int(11) DEFAULT NULL
) ENGINE=MyISAM DEFAULT CHARSET=utf8mb4 COLLATE=utf8mb4_unicode_ci;

--
-- Fazendo dump de dados para tabela `plano`
--

INSERT INTO `plano` (`id`, `plano`, `status`, `data_cadastro`, `data_alteracao`, `id_update_user`) VALUES
(1, 'Teste', '1', '2019-09-03 06:56:22', '2019-09-03 06:57:47', NULL),
(2, 'Grátis', '1', '2019-09-03 06:56:22', '2019-09-03 06:57:52', NULL),
(3, 'Premium', '1', '2019-09-03 06:56:22', '2019-09-03 06:57:58', NULL);

-- --------------------------------------------------------

--
-- Estrutura para tabela `produto`
--

CREATE TABLE `produto` (
  `id` int(11) NOT NULL,
  `id_loja` int(11) DEFAULT NULL,
  `id_categoria` int(11) DEFAULT NULL,
  `tipo` enum('Cozinha','Balcão') NOT NULL,
  `tipo_item` enum('Comida','Bebida') NOT NULL,
  `nome` varchar(255) DEFAULT NULL,
  `descricao` varchar(255) DEFAULT NULL,
  `preco` decimal(10,2) DEFAULT NULL,
  `estoque` int(11) DEFAULT NULL,
  `imagem` varchar(255) DEFAULT 'files/produto/produto_sem_imagem.jpg',
  `online` tinyint(1) NOT NULL DEFAULT '1',
  `ordem` decimal(10,0) NOT NULL DEFAULT '999999999',
  `data_cadastro` timestamp NOT NULL DEFAULT CURRENT_TIMESTAMP,
  `data_alteracao` timestamp NULL DEFAULT NULL ON UPDATE CURRENT_TIMESTAMP,
  `id_update_user` int(11) DEFAULT NULL,
  `status` tinyint(1) NOT NULL DEFAULT '1',
  `parte_varios_sabores` tinyint(1) NOT NULL DEFAULT '0',
  `id_subcategoria` int(10) UNSIGNED DEFAULT NULL,
  `varios_sabores` tinyint(1) NOT NULL DEFAULT '0',
  `visitas` int(11) NOT NULL DEFAULT '0'
) ENGINE=InnoDB DEFAULT CHARSET=utf8;

--
-- Fazendo dump de dados para tabela `produto`
--

INSERT INTO `produto` (`id`, `id_loja`, `id_categoria`, `tipo`, `tipo_item`, `nome`, `descricao`, `preco`, `estoque`, `imagem`, `online`, `ordem`, `data_cadastro`, `data_alteracao`, `id_update_user`, `status`, `parte_varios_sabores`, `id_subcategoria`, `varios_sabores`, `visitas`) VALUES
(855, 333, 222, 'Cozinha', 'Comida', 'Sabão em Pó Omo Toque de Comfort Lilás 1kg', 'Remove as manchas mais difíceis.', '1.00', 0, 'files/produto/855_1583991293.jpg', 1, '999999999', '2020-03-12 05:34:53', '2020-03-22 04:34:16', 34, 1, 0, 217, 0, 0),
(856, 333, 222, 'Cozinha', 'Comida', 'Sabão em Pó Omo Puro Cuidado 1kg', 'Lava Roupas em Pó Omo Lavagem Perfeita.', '1.00', 0, 'files/produto/856_1583991640.jpg', 1, '999999999', '2020-03-12 05:40:40', '2020-03-22 04:34:27', 34, 1, 0, 217, 0, 0),
(857, 333, 222, 'Cozinha', 'Comida', 'Sabão em Pó Tixan Ypê Maciez 500g', 'Limpa as Sujeiras mais difíceis.', '1.00', 0, 'files/produto/857_1583992013.jpg', 1, '999999999', '2020-03-12 05:45:34', '2020-03-22 04:34:39', 34, 1, 0, 217, 0, 0),
(858, 333, 222, 'Cozinha', 'Comida', 'Sabão em Pó Omo Antibac 900g', 'Desinfetante para tecidos e roupas.', '1.00', 0, 'files/produto/858_1583992226.jpg', 1, '999999999', '2020-03-12 05:50:26', '2020-03-22 04:37:52', 34, 1, 0, 217, 0, 0),
(859, 333, 222, 'Cozinha', 'Comida', 'Sabão em Pó Tixan Primavera 500g', 'Limpa as sujeiras mais difíceis.', '1.00', 0, 'files/produto/859_1583992490.jpg', 1, '999999999', '2020-03-12 05:54:50', '2020-03-22 04:34:50', 34, 1, 0, 217, 0, 0),
(860, 333, 222, 'Cozinha', 'Comida', 'Amaciante Ypê Aconchego 500ml', 'Cuidado especial para suas roupas.', '1.00', 0, 'files/produto/860_1583992687.jpg', 1, '999999999', '2020-03-12 05:58:07', '2020-03-22 04:38:13', 34, 1, 0, 217, 0, 0),
(861, 333, 222, 'Cozinha', 'Comida', 'Amaciante Comfort Concentrado Puro Cuidado 500 ml', 'Tratamento para roupas hipoalergênico', '1.00', 0, 'files/produto/861_1584051529.jpg', 1, '999999999', '2020-03-12 22:18:49', '2020-03-22 04:35:09', 34, 1, 0, 217, 0, 0),
(862, 333, 222, 'Cozinha', 'Comida', 'Facilitador Passe Bem 3x1 500ml', 'Facilitador para Passar Roupas.', '1.00', 0, 'files/produto/862_1584051819.jpg', 1, '999999999', '2020-03-12 22:23:39', '2020-03-22 04:35:27', 34, 1, 0, 217, 0, 0),
(863, 333, 222, 'Cozinha', 'Comida', 'Passe Bem Refil 3em1 500ml', 'Refil.', '1.00', 0, 'files/produto/863_1584052055.jpg', 1, '999999999', '2020-03-12 22:27:35', '2020-03-22 04:35:49', 34, 1, 0, 217, 0, 0),
(864, 333, 222, 'Cozinha', 'Comida', 'Amaciante Downy Concentrado Lírios do Campo 500ml', 'Perfume suave e duradouro.', '1.00', 0, 'files/produto/864_1584059394.jpg', 1, '999999999', '2020-03-13 00:29:54', '2020-03-22 04:36:11', 34, 1, 0, 217, 0, 0),
(865, 333, 222, 'Cozinha', 'Comida', 'Amaciante SONHO MAGIC 500ml', 'Amaciantes de roupas.', '1.00', 0, 'files/produto/865_1584059634.jpg', 1, '999999999', '2020-03-13 00:33:54', '2020-03-22 04:36:25', 34, 1, 0, 217, 0, 0),
(866, 333, 222, 'Cozinha', 'Comida', 'Amaciante Concentrado Super Fofo Tradicional 500ml', 'Amaciante Fofo Concentrado Original, o tradicional cheirinho de Fofo que faz lembrar a infância.', '1.00', 0, 'files/produto/866_1584059925.jpg', 1, '999999999', '2020-03-13 00:38:45', '2020-03-22 04:36:46', 34, 1, 0, 217, 0, 0),
(867, 333, 222, 'Cozinha', 'Comida', 'Detergente Líquido Cristal Limpol 500ml', 'O Detergente Líquido Limpol Cristal possui glicerina em sua fórmula.', '1.00', 0, 'files/produto/867_1584060025.jpg', 1, '999999999', '2020-03-13 00:40:25', '2020-03-22 04:37:08', 34, 1, 0, 217, 0, 0),
(868, 333, 222, 'Cozinha', 'Comida', 'Detergente Líquido Ypê Capim Limão 500ml', 'Alto poder de limpeza em sua composição, garantindo a completa remoção das sujidades.', '1.00', 0, 'files/produto/868_1584060232.jpg', 1, '999999999', '2020-03-13 00:43:52', '2020-03-22 04:38:30', 34, 1, 0, 217, 0, 0),
(869, 333, 222, 'Cozinha', 'Comida', 'Detergente Líquido Maçã Ypê 500ml', 'O Lava Louças Ypê Maçã possui concentração de ativos.', '1.00', 0, 'files/produto/869_1584060279.jpg', 1, '999999999', '2020-03-13 00:44:39', '2020-03-22 04:40:03', 34, 1, 0, 217, 0, 0),
(870, 333, 222, 'Cozinha', 'Comida', 'Lava roupas liquido Juá 500ml', 'Recupero o branco das suas roupas.', '1.00', 0, 'files/produto/870_1584076561.jpg', 1, '999999999', '2020-03-13 05:16:01', '2020-03-22 04:40:16', 34, 1, 0, 217, 0, 0),
(871, 333, 222, 'Cozinha', 'Comida', 'Lava roupas líquido Juá 500ml ', 'O Lava Roupas Líquido Juá é moderno e eficiente, ideal para ser usado na máquina de lavar. ', '1.00', 0, 'files/produto/871_1584144700.jpg', 1, '999999999', '2020-03-14 00:11:40', '2020-03-22 04:42:07', 34, 1, 0, 217, 0, 0),
(872, 333, 222, 'Cozinha', 'Comida', 'Amaciante Concentrado Comfort Intense 500ml', 'Amaciante Concentrado Comfort Intense Puro Cuidado Leve.', '1.00', 0, 'files/produto/872_1584144969.jpg', 1, '999999999', '2020-03-14 00:16:09', '2020-03-22 04:42:15', 34, 1, 0, 217, 0, 0),
(873, 333, 222, 'Cozinha', 'Comida', 'Amaciante Concentrado Super Fofo Tradicional 500ml', 'Amaciante Fofo Concentrado Original, o tradicional cheirinho de Fofo que faz lembrar a infância. ', '1.00', 0, 'files/produto/873_1584145067.jpg', 1, '999999999', '2020-03-14 00:17:47', '2020-03-22 04:42:21', 34, 1, 0, 217, 0, 0),
(874, 333, 222, 'Cozinha', 'Comida', 'Amaciante Downy Concentrado Frescor da Primavera 500ml', '4 x mais perfume.', '1.00', 0, 'files/produto/874_1584145263.jpg', 1, '999999999', '2020-03-14 00:21:03', '2020-03-22 04:42:30', 34, 1, 0, 217, 0, 0),
(875, 333, 222, 'Cozinha', 'Comida', 'Detergente Líquido Neutro Limpol 500ml', 'O Detergente Líquido Limpol Neutro possui glicerina em sua fórmula.', '1.00', 0, 'files/produto/875_1584145382.jpg', 1, '999999999', '2020-03-14 00:23:02', '2020-03-22 04:42:37', 34, 1, 0, 217, 0, 0),
(876, 333, 222, 'Cozinha', 'Comida', 'lava roupas tuff coco 1L', 'Roupas delicadas.', '1.00', 0, 'files/produto/876_1584146336.jpg', 1, '999999999', '2020-03-14 00:38:56', '2020-03-22 04:42:45', 34, 1, 0, 217, 0, 0),
(877, 333, 222, 'Cozinha', 'Comida', 'Detergente Ypê Limão 500ml', 'O Lava-Louças Ypê Lava Mais Louças com a Mesma Quantidade de Produto.', '1.00', 0, 'files/produto/877_1584146861.jpg', 1, '999999999', '2020-03-14 00:47:41', '2020-03-22 04:43:16', 34, 1, 0, 217, 0, 0),
(879, 333, 222, 'Cozinha', 'Comida', 'Polidor de alumínio KAÇAN 500ml', 'Detergente polidor para superfície metálica.', '1.00', 0, 'files/produto/879_1584148738.jpg', 1, '999999999', '2020-03-14 01:18:58', '2020-03-22 04:43:23', 34, 1, 0, 217, 0, 0),
(880, 333, 222, 'Cozinha', 'Comida', 'Amaciante Baby Ylang Ylang Ruth Care', 'O Amaciante Ruth Care Baby, formulação especial para a pele delicada dos bebês, para prevenir alergias e irritações.', '1.00', 0, 'files/produto/880_1584149868.jpg', 1, '999999999', '2020-03-14 01:37:48', '2020-03-22 04:43:29', 34, 1, 0, 217, 0, 0),
(881, 333, 222, 'Cozinha', 'Comida', 'Amaciante de Roupas Pureza Azul Mon Bijou Bombril 500ml', 'Amaciante de Roupas.', '1.00', 0, 'files/produto/881_1584225864.jpg', 1, '999999999', '2020-03-14 22:34:41', '2020-03-22 04:43:36', 34, 1, 0, 217, 0, 0),
(882, 333, 222, 'Cozinha', 'Comida', 'Detergente Líquido Coco Ypê', 'O Lava Louças Ypê Coco possui concentração de ativos.', '1.00', 0, 'files/produto/882_1584226205.jpg', 1, '999999999', '2020-03-14 22:50:05', '2020-03-22 04:43:43', 34, 1, 0, 217, 0, 0),
(883, 333, 222, 'Cozinha', 'Comida', 'Limpa alumínio juá 500ml', 'O Detergente Limpa Alumínio Juá é um produto específico para limpeza de utensílios de alumínio.', '1.00', 0, 'files/produto/883_1584231284.jpg', 1, '999999999', '2020-03-14 23:19:10', '2020-03-22 04:43:49', 34, 1, 0, 217, 0, 0),
(884, 333, 222, 'Cozinha', 'Comida', 'Detergente Líquido Maçã Limpol 500ml', 'O Detergente Líquido Limpol Maçã possui glicerina em sua fórmula.', '1.00', 0, 'files/produto/884_1584231535.jpg', 1, '999999999', '2020-03-14 23:24:13', '2020-03-22 04:43:56', 34, 1, 0, 217, 0, 0),
(885, 333, 222, 'Cozinha', 'Comida', 'Detergente Líquido Clear Ypê 500ml', 'O Lava Louças Ypê Clear possui concentração de ativos.', '1.00', 0, 'files/produto/885_1584231451.jpg', 1, '999999999', '2020-03-14 23:55:52', '2020-03-22 04:44:03', 34, 1, 0, 217, 0, 0),
(886, 333, 222, 'Cozinha', 'Comida', 'Refil para Sabão Liquido Ariel Clássico 700ml', 'Brancos e coloridos radiantes.', '1.00', 0, 'files/produto/886_1584231434.jpg', 1, '999999999', '2020-03-15 00:03:08', '2020-03-22 04:44:11', 34, 1, 0, 217, 0, 0),
(887, 333, 222, 'Cozinha', 'Comida', 'Lava roupas juá 1L', 'O Lava Roupas Líquido Juá é moderno e eficiente, ideal para ser usado na máquina de lavar.', '1.00', 0, 'files/produto/887_1584231403.jpg', 1, '999999999', '2020-03-15 00:16:43', '2020-03-22 04:44:18', 34, 1, 0, 217, 0, 0),
(888, 333, 222, 'Cozinha', 'Comida', 'Amaciante Floral Bouquet Urca 2 Litros', 'Tecnologia de cápsulas de perfume e rendimento de 25 lavagens.', '1.00', 0, 'files/produto/888_1584232400.jpg', 1, '999999999', '2020-03-15 00:33:20', '2020-03-17 04:13:07', 34, 1, 0, 217, 0, 0),
(889, 333, 222, 'Cozinha', 'Comida', 'Amaciante Brisa da Primavera URCA 2 Litros', 'Perfumação prolongada.', '1.00', 0, 'files/produto/889_1584304700.jpg', 1, '999999999', '2020-03-15 00:41:54', '2020-03-22 04:47:27', 34, 1, 0, 217, 0, 0),
(890, 333, 222, 'Cozinha', 'Comida', 'Limpa Vidros UAU Blindex 500ml Ingleza', 'Limpa Vidros Uau.', '1.00', 0, 'files/produto/890_1584304838.jpg', 1, '999999999', '2020-03-15 02:56:38', '2020-03-22 04:47:39', 34, 1, 0, 217, 0, 0),
(891, 333, 222, 'Cozinha', 'Comida', 'Limpador Perfumado Lavanda Veja 1 Litro', 'Limpador Veja Perfumes Lavanda e Bem Estar deixa a sua casa mais acolhedora e especial do que nunca.', '1.00', 0, 'files/produto/891_1584305912.jpg', 1, '999999999', '2020-03-15 03:02:43', '2020-03-22 04:47:46', 34, 1, 0, 217, 0, 0),
(892, 333, 222, 'Cozinha', 'Comida', 'Desodorizador Kalipto óleo de capim limão 120ml', 'Produto concentrado, com óleo natural e altíssimo poder de desinfecção.', '1.00', 0, 'files/produto/892_1584304748.jpg', 1, '999999999', '2020-03-15 03:33:31', '2020-03-22 04:47:52', 34, 1, 0, 217, 0, 0),
(893, 333, 222, 'Cozinha', 'Comida', 'Limpador de Piso Ação Total Floral Omo 450ml', 'Desinfecção, máxima limpeza e fragrância duradoura.', '1.00', 0, 'files/produto/893_1584305234.jpg', 1, '999999999', '2020-03-15 04:27:36', '2020-03-22 04:48:00', 34, 1, 0, 217, 0, 0),
(894, 333, 222, 'Cozinha', 'Comida', 'Desinfetante Juá Herbal 1Litro', 'Desinfetante para uso geral.', '1.00', 0, 'files/produto/894_1584248657.jpg', 1, '999999999', '2020-03-15 05:04:17', '2020-03-22 04:48:07', 34, 1, 0, 217, 0, 0),
(895, 333, 222, 'Cozinha', 'Comida', 'Alvejante Perfumado Brilux Lavanda 1L', 'Produtos para roupas.', '1.00', 0, 'files/produto/895_1584304627.jpg', 1, '999999999', '2020-03-15 19:38:02', '2020-03-22 04:48:15', 34, 1, 0, 217, 0, 0),
(896, 333, 222, 'Cozinha', 'Comida', 'Amaciante Valor tradic magia azul 2 L', 'Amaciantes de roupas.', '1.00', 0, 'files/produto/896_1584302437.jpg', 1, '999999999', '2020-03-15 20:00:37', '2020-03-22 04:48:22', 34, 1, 0, 217, 0, 0),
(897, 333, 222, 'Cozinha', 'Comida', 'Amaciante SONHO MAGIC 2L', 'Amaciantes de roupas.', '1.00', 0, 'files/produto/897_1584303166.jpg', 1, '999999999', '2020-03-15 20:12:46', '2020-03-22 04:48:58', 34, 1, 0, 217, 0, 0),
(898, 333, 222, 'Cozinha', 'Comida', 'Limpa vidros juá 500ml', '3 em 1 retira manchas não embaça e não deixa poeira.', '1.00', 0, 'files/produto/898_1584304778.jpg', 1, '999999999', '2020-03-15 20:21:00', '2020-03-22 04:50:05', 34, 1, 0, 217, 0, 0),
(899, 333, 222, 'Cozinha', 'Comida', 'Desinfetante Multiuso Pinho Veja Frasco 480ml', 'Desinfeta, limpa e perfuma.', '1.00', 0, 'files/produto/899_1584340988.jpg', 1, '999999999', '2020-03-15 21:29:45', '2020-03-22 04:50:12', 34, 1, 0, 217, 0, 0),
(900, 333, 222, 'Cozinha', 'Comida', 'Limpa Vidros Valor 500ml', 'Limpa melhor e mais rápido.', '1.00', 0, 'files/produto/900_1584307967.jpg', 1, '999999999', '2020-03-15 21:32:47', '2020-03-22 04:50:23', 34, 1, 0, 217, 0, 0),
(901, 333, 222, 'Cozinha', 'Comida', 'Gel limpa pisos AROMAX 1L', 'Perfumado.', '1.00', 0, 'files/produto/901_1584310141.jpg', 1, '999999999', '2020-03-15 22:09:01', '2020-03-22 04:50:32', 34, 1, 0, 217, 0, 0),
(902, 333, 222, 'Cozinha', 'Comida', 'Amaciante urca estacão em flores lilas 2L', 'Amaciantes de roupas suavizante de roupas.', '1.00', 0, 'files/produto/902_1584340889.jpg', 1, '999999999', '2020-03-16 02:41:53', '2020-03-22 04:50:55', 34, 1, 0, 217, 0, 0),
(903, 333, 222, 'Cozinha', 'Comida', 'Amaciante de roupas juá lavanda 2L', 'Amaciante de roupas.', '1.00', 0, 'files/produto/903_1584327683.jpg', 1, '999999999', '2020-03-16 03:01:23', '2020-03-22 04:51:06', 34, 1, 0, 217, 0, 0),
(904, 333, 222, 'Cozinha', 'Comida', 'Desinfetante Lysoform Original 1L', 'Mata 99,9% dos germes e bactérias.', '1.00', 0, 'files/produto/904_1584340932.jpg', 1, '999999999', '2020-03-16 03:06:46', '2020-03-22 04:51:14', 34, 1, 0, 217, 0, 0),
(905, 333, 222, 'Cozinha', 'Comida', 'Limpador Veja X-14 Cloro Limpeza Pesada 1L', 'limpeza pesada 2 em 1.', '1.00', 0, 'files/produto/905_1584341177.jpg', 1, '999999999', '2020-03-16 03:09:24', '2020-03-22 04:51:24', 34, 1, 0, 217, 0, 0),
(906, 333, 222, 'Cozinha', 'Comida', 'Desinfetante juá flores do campo 1L', 'Desinfetante para uso geral.', '1.00', 0, 'files/produto/906_1584328497.jpg', 1, '999999999', '2020-03-16 03:14:57', '2020-03-22 04:52:18', 34, 1, 0, 217, 0, 0),
(907, 333, 222, 'Cozinha', 'Comida', 'Desodorizante Kalipto Óleo De Lavanda 120 Ml', 'Óleo de lavanda a natureza na sua casa.', '1.00', 0, 'files/produto/907_1584341029.jpg', 1, '999999999', '2020-03-16 03:19:02', '2020-03-22 04:52:38', 34, 1, 0, 217, 0, 0),
(908, 333, 222, 'Cozinha', 'Comida', 'Gel start azulim 500g', 'limpador concentrado.', '1.00', 0, 'files/produto/908_1584329237.jpg', 1, '999999999', '2020-03-16 03:27:17', '2020-03-22 04:52:45', 34, 1, 0, 217, 0, 0),
(909, 333, 222, 'Cozinha', 'Comida', 'Juá perfumes para o lar 500ml', 'Lavanda e aconchego.', '1.00', 0, 'files/produto/909_1584341085.jpg', 1, '999999999', '2020-03-16 04:59:16', '2020-03-22 04:52:54', 34, 1, 0, 217, 0, 0),
(910, 333, 222, 'Cozinha', 'Comida', 'Desinfetante juá Limão 1L ', 'Desinfetante para uso geral.', '1.00', 0, 'files/produto/910_1584335040.jpg', 1, '999999999', '2020-03-16 05:04:00', '2020-03-22 04:41:41', 34, 1, 0, 217, 0, 0),
(911, 333, 222, 'Cozinha', 'Comida', 'Amaciante Comfort Intense 500ml', 'Tratamento 3D para roupas.', '1.00', 0, 'files/produto/911_1584340807.jpg', 1, '999999999', '2020-03-16 05:41:40', '2020-03-22 04:41:34', 34, 1, 0, 217, 0, 0),
(912, 333, 222, 'Cozinha', 'Comida', 'Amaciante Concentrado Downy Collections  500ml', 'Dura mais que perfumes finos.', '1.00', 0, 'files/produto/912_1584337621.jpg', 1, '999999999', '2020-03-16 05:47:01', '2020-03-22 04:41:26', 34, 1, 0, 217, 0, 0),
(913, 333, 222, 'Cozinha', 'Comida', 'Amaciante Concentrado Downy Brisa De Verão 500ml', 'Amaciante Concentrado Downy Brisa De Verão.', '1.00', 0, 'files/produto/913_1584338012.jpg', 1, '999999999', '2020-03-16 05:53:13', '2020-03-22 04:41:19', 34, 1, 0, 217, 0, 0),
(914, 333, 222, 'Cozinha', 'Comida', 'Alvejante Perfumado Brilux floral 1L', 'Produto para roupas.', '1.00', 0, 'files/produto/914_1584338598.jpg', 1, '999999999', '2020-03-16 06:03:18', '2020-03-22 04:41:12', 34, 1, 0, 217, 0, 0),
(915, 333, 222, 'Cozinha', 'Comida', 'Aguá Sanitária Tubarão 1L', 'Desinfeta e alveja.', '1.00', 0, 'files/produto/915_1584340724.jpg', 1, '999999999', '2020-03-16 06:06:33', '2020-03-22 04:41:04', 34, 1, 0, 217, 0, 0),
(916, 333, 222, 'Cozinha', 'Comida', ' Limpador Mr Músculo Desengordurante 500ml', 'Limpador Mr. Músculo Cozinha Total, alia a inteligência da inovação com a força da limpeza. ', '1.00', 0, 'files/produto/916_1584340682.jpg', 1, '999999999', '2020-03-16 06:10:38', '2020-03-22 04:40:56', 34, 1, 0, 217, 0, 0),
(917, 333, 222, 'Cozinha', 'Comida', 'Soda cáustica Ótimo brilho 1KG', 'A soda cáustica é utilizada para desentupir pias, dissolver gorduras, sanitário e sujeiras em pisos é bom sempre tomar o máximo de cuidados pessoais e com crianças.', '1.00', 0, 'files/produto/917_1584339373.jpg', 1, '999999999', '2020-03-16 06:16:13', '2020-03-22 04:40:49', 34, 1, 0, 217, 0, 0),
(918, 333, 222, 'Cozinha', 'Comida', 'Limpador Azulim Tradicional para Cerâmicas e Azulejos 1L', 'Seus pisos cerâmicos e azulejos como novos.', '1.00', 0, 'files/produto/918_1584341135.jpg', 1, '999999999', '2020-03-16 06:24:54', '2020-03-22 04:39:26', 34, 1, 0, 217, 0, 0),
(919, 333, 222, 'Cozinha', 'Comida', 'Ácido muriático Limpa fácil 1L', 'Produto perigoso, causa queimaduras graves, contém produto fortemente ácido: ÁCIDO CLORÍDRICO. ', '1.00', 0, 'files/produto/919_1584340331.jpg', 1, '999999999', '2020-03-16 06:32:11', '2020-03-22 04:39:12', 34, 1, 0, 217, 0, 0),
(920, 333, 222, 'Cozinha', 'Comida', 'Querosene Apache 1L', 'O Querosene Apache é ideal para ajudar com a limpeza pesada, retirando toda a sujeira que acaba se acumulando no dia a dia.', '1.00', 0, 'files/produto/920_1584340539.jpg', 1, '999999999', '2020-03-16 06:35:39', '2020-03-22 04:38:54', 34, 1, 0, 217, 0, 0),
(921, 333, 222, 'Cozinha', 'Comida', 'Querosene dragão 900ml', 'Petrovila química', '1.00', 0, 'files/produto/921_1584405483.jpg', 1, '999999999', '2020-03-17 00:38:03', '2020-03-17 03:56:16', 34, 1, 0, 217, 0, 0),
(922, 333, 222, 'Cozinha', 'Comida', 'Multiuso Valor citrus 500ml', 'Limpa melhor seca mais rápido.', '1.00', 0, 'files/produto/922_1584405686.jpg', 1, '999999999', '2020-03-17 00:41:26', '2020-03-17 03:56:33', 34, 1, 0, 217, 0, 0),
(923, 333, 222, 'Cozinha', 'Comida', 'Limpa Vidros Vidrex Veja Squeze  500ml', 'Utilize Veja Vidrex Cristal para limpar e dar um brilho único para os vidros e também outras superfícies.', '1.00', 0, 'files/produto/923_1584827037.jpg', 1, '999999999', '2020-03-17 00:44:08', '2020-03-21 21:43:57', 34, 1, 0, 217, 0, 0),
(924, 333, 222, 'Cozinha', 'Comida', 'Limpador Multi Uso Uau Floral 500ml', 'Limpador multi uso.', '1.00', 0, 'files/produto/924_1584827266.jpg', 1, '999999999', '2020-03-17 00:50:10', '2020-03-21 21:47:46', 34, 1, 0, 217, 0, 0),
(925, 333, 222, 'Cozinha', 'Comida', 'Limpador Multiuso UAU 500ml Limão', 'Limpeza rápida.', '1.00', 0, 'files/produto/925_1584406751.jpg', 1, '999999999', '2020-03-17 00:59:11', '2020-03-17 03:57:36', 34, 1, 0, 217, 0, 0),
(926, 333, 222, 'Cozinha', 'Comida', 'Limpador Uau Multiuso Lavanda  500ml', 'O Limpador Multiuso UAU Lavanda é ideal para uma limpeza rápida e eficiente, com alto poder desengordurante.', '1.00', 0, 'files/produto/926_1584827308.jpg', 1, '999999999', '2020-03-17 01:05:59', '2020-03-21 21:48:28', 34, 1, 0, 217, 0, 0),
(927, 333, 222, 'Cozinha', 'Comida', 'Desinfetante floral brisa pinho Urca 2l', 'Antibac extermina 99,9%.', '1.00', 0, 'files/produto/927_1584407586.jpg', 1, '999999999', '2020-03-17 01:13:06', '2020-03-17 03:58:16', 34, 1, 0, 217, 0, 0),
(928, 333, 222, 'Cozinha', 'Comida', 'Desinfetante pinho urca lavanda 2L', 'Antibac extermina 99,9% dos germes e bactérias.', '1.00', 0, 'files/produto/928_1584407967.jpg', 1, '999999999', '2020-03-17 01:19:27', '2020-03-17 04:12:21', 34, 1, 0, 217, 0, 0),
(929, 333, 222, 'Cozinha', 'Comida', 'Limpa pedras valor 2L', 'Pedras ornamentais, pisos rústicos e cimentados. ', '1.00', 0, 'files/produto/929_1584408084.jpg', 1, '999999999', '2020-03-17 01:21:24', '2020-03-17 03:58:52', 34, 1, 0, 217, 0, 0),
(930, 333, 222, 'Cozinha', 'Comida', 'Limpa pedras PEDREX START 2L', 'Pedras, tijolos, cimentados e pisos rústicos.', '1.00', 0, 'files/produto/930_1584408263.jpg', 1, '999999999', '2020-03-17 01:24:23', '2020-03-17 03:59:09', 34, 1, 0, 217, 0, 0),
(931, 333, 222, 'Cozinha', 'Comida', 'Limpa porcelanato concentrado 1L', 'Pra pisos nobres e delicados e conserva o brilho original .', '1.00', 0, 'files/produto/931_1584417181.jpg', 1, '999999999', '2020-03-17 03:53:01', '2020-03-17 03:59:30', 34, 1, 0, 217, 0, 0),
(932, 333, 222, 'Cozinha', 'Comida', 'Limpa cerâmicas valor 1L', 'Remove encardidos e manchas de pisos e rejuntes.', '1.00', 0, 'files/produto/932_1584417290.jpg', 1, '999999999', '2020-03-17 03:54:50', '2020-03-17 03:59:44', 34, 1, 0, 217, 0, 0),
(933, 333, 222, 'Cozinha', 'Comida', 'Desinfetante urca flor de lavanda 2L', 'Antibac extermina 99,9% dos germes e bactérias.', '1.00', 0, 'files/produto/933_1584826720.jpg', 1, '999999999', '2020-03-17 04:11:35', '2020-03-21 21:38:40', 34, 1, 0, 217, 0, 0),
(934, 333, 222, 'Cozinha', 'Comida', 'Desinfetante Pinho Urca Eucalipto Fresh 2 L', 'Bactericida, desinfeta, limpa e perfuma.', '1.00', 0, 'files/produto/934_1584826651.jpg', 1, '999999999', '2020-03-17 04:17:52', '2020-03-21 21:37:31', 34, 1, 0, 217, 0, 0),
(935, 333, 222, 'Cozinha', 'Comida', 'Desinfetante juá lavanda 1L', 'Desinfetante para uso geral.', '1.00', 0, 'files/produto/935_1584418828.jpg', 1, '999999999', '2020-03-17 04:20:28', '2020-03-17 04:20:28', 34, 1, 0, 217, 0, 0),
(936, 333, 222, 'Cozinha', 'Comida', 'Desinfetante Veja Pinho 480mL', 'Novo Veja Desinfetante Pinho: ideal para todos os ambientes da casa, desinfeta a partir de 60 segundos, com perfume duradouro.', '1.00', 0, 'files/produto/936_1584826843.jpg', 1, '999999999', '2020-03-17 04:23:32', '2020-03-21 21:40:43', 34, 1, 0, 217, 0, 0),
(937, 333, 222, 'Cozinha', 'Comida', 'Limpador Veja Perfumes Lavanda 500 mL', 'Uso diário: dilua 3 tampas (90mL) do produto em 3 litros de água. Umedeça um pano e passe sobre as superfícies a serem limpas. ', '1.00', 0, 'files/produto/937_1584827873.jpg', 1, '999999999', '2020-03-17 04:25:05', '2020-03-21 21:57:53', 34, 1, 0, 217, 0, 0),
(938, 333, 222, 'Cozinha', 'Comida', 'Limpador Multiuso Veja Cloro Ativo 1L', 'Limpeza pesada cloro ativo.', '1.00', 0, 'files/produto/938_1584419317.jpg', 1, '999999999', '2020-03-17 04:27:40', '2020-03-17 04:28:37', 34, 1, 0, 217, 0, 0),
(939, 333, 222, 'Cozinha', 'Comida', 'Alvejante brilux mult 1L', 'Alvejante perfumado com detergente.', '1.00', 0, 'files/produto/939_1584420280.jpg', 1, '999999999', '2020-03-17 04:44:40', '2020-03-17 04:44:40', 34, 1, 0, 217, 0, 0),
(940, 333, 222, 'Cozinha', 'Comida', 'Água sanitária brilux múltiplo uso 1L', 'Limpa, alveja e desinfeta.', '1.00', 0, 'files/produto/940_1584420533.jpg', 1, '999999999', '2020-03-17 04:48:53', '2020-03-17 04:48:53', 34, 1, 0, 217, 0, 0),
(941, 333, 222, 'Cozinha', 'Comida', 'Desinfetante Pato Gel Cloro Ativo Marine 500ml', 'Desinfetante Pato Gel Cloro Ativo Marine 500ml', '1.00', 0, 'files/produto/941_1584993054.jpg', 1, '999999999', '2020-03-21 22:32:38', '2020-03-23 19:50:54', 34, 1, 0, 217, 0, 0),
(942, 333, 222, 'Cozinha', 'Comida', 'Desengordurante Mr Músculo Laranja Cozinha 500ml', 'Remove 10X mais a gordura difícil do fogão que o detergente', '1.00', 0, 'files/produto/942_1584992901.jpg', 1, '999999999', '2020-03-21 23:39:31', '2020-03-23 19:48:21', 34, 1, 0, 217, 0, 0),
(943, 333, 222, 'Cozinha', 'Comida', 'Saponáceo Cremoso Laranja Mr Músculo 200ml', 'Multiuso rápido e fácil', '1.00', 0, 'files/produto/943_1584995882.jpg', 1, '999999999', '2020-03-22 00:03:02', '2020-03-23 20:38:02', 34, 1, 0, 217, 0, 0),
(944, 333, 222, 'Cozinha', 'Comida', 'Desengordurante Mr Músculo Original Cozinha 400ml', 'Para sua cozinha', '1.00', 0, 'files/produto/944_1584992938.jpg', 1, '999999999', '2020-03-22 00:05:40', '2020-03-23 19:48:58', 34, 1, 0, 217, 0, 0),
(945, 333, 222, 'Cozinha', 'Comida', 'Adesivo Mini Refil Pato Lavanda Caixa com 2 Adesivos 12 g', 'Anti-manchas sem cestinhas pato Refil.', '1.00', 0, 'files/produto/945_1584992581.jpg', 1, '999999999', '2020-03-22 00:35:50', '2020-03-23 19:43:01', 34, 1, 0, 217, 0, 0),
(946, 333, 222, 'Cozinha', 'Comida', 'Desodorizador Sanitário Aplicador + Gel Adesivo Pato Lavanda 12,7g', 'Gel Adesivo tem uma formula à base de gel que se cola à parede do vaso sanitário, evitando preocupação com cestinhas cheias de bactérias.', '1.00', 0, 'files/produto/946_1584993184.jpg', 1, '999999999', '2020-03-22 00:41:03', '2020-03-23 19:53:04', 34, 1, 0, 217, 0, 0),
(947, 333, 222, 'Cozinha', 'Comida', 'Difusor de Perfume Inspira Air lavanda essencial 80ml', 'Fragrância duradoura ', '1.00', 0, 'files/produto/947_1585012014.jpg', 1, '999999999', '2020-03-22 00:50:17', '2020-03-24 01:06:55', 34, 1, 0, 217, 0, 0),
(948, 333, 222, 'Cozinha', 'Comida', 'Pastilha Adesiva Pato Lavanda 25g', '3 pastilhas ação anti-manchas', '1.00', 0, 'files/produto/948_1584994627.jpg', 1, '999999999', '2020-03-22 00:53:50', '2020-03-23 20:17:07', 34, 1, 0, 217, 0, 0),
(949, 333, 222, 'Cozinha', 'Comida', 'Pedra Sanitaria Pato 25g Pinho', 'Contém 1 rede plástica + 1 gancho e + 1 pedra', '1.00', 0, 'files/produto/949_1585012320.jpg', 1, '999999999', '2020-03-22 01:01:02', '2020-03-24 01:12:00', 34, 1, 0, 217, 0, 0),
(950, 333, 222, 'Cozinha', 'Comida', 'Desodorizador Sanitário em Pedra Pato Marine 25g', 'Pedra sanitária marine', '1.00', 0, 'files/produto/950_1584993284.jpg', 1, '999999999', '2020-03-22 01:03:19', '2020-03-23 19:54:44', 34, 1, 0, 217, 0, 0),
(951, 333, 222, 'Cozinha', 'Comida', 'Sabão Omo Lavagem Perfeita 900ml', 'Lava roupas Líquido Refil', '1.00', 0, 'files/produto/951_1584995683.jpg', 1, '999999999', '2020-03-22 01:05:16', '2020-03-23 20:34:43', 34, 1, 0, 217, 0, 0),
(952, 333, 222, 'Cozinha', 'Comida', 'Gel multiuso vanish 500ml', 'Melhor que cloro na remoção das manchas.', '1.00', 0, 'files/produto/952_1584993573.jpg', 1, '999999999', '2020-03-22 01:43:22', '2020-03-23 19:59:33', 34, 1, 0, 217, 0, 0),
(953, 333, 222, 'Cozinha', 'Comida', 'Detergente Líquido Brilhante Brilho Ativo Refil Econômico 1L', 'Devolve o brilho das roupas brancos e coloridos', '1.00', 0, 'files/produto/953_1584993366.jpg', 1, '999999999', '2020-03-22 02:09:54', '2020-03-23 19:56:06', 34, 1, 0, 217, 0, 0),
(954, 333, 222, 'Cozinha', 'Comida', 'Cera líquida bry - brilho e perfume 750 ml  Incolor', '+ brilho e + perfume.', '1.00', 0, 'files/produto/954_1584992741.jpg', 1, '999999999', '2020-03-22 02:26:03', '2020-03-23 19:45:41', 34, 1, 0, 217, 0, 0),
(955, 333, 222, 'Cozinha', 'Comida', 'Óleo de Peroba King Tradicional 100ml', 'Limpa, lustra e renova', '1.00', 0, 'files/produto/955_1584994317.jpg', 1, '999999999', '2020-03-22 02:30:47', '2020-03-23 20:11:57', 34, 1, 0, 217, 0, 0),
(956, 333, 222, 'Cozinha', 'Comida', 'Lustra móveis uau 200ml', 'brilho e perfumes multi-superfícies. ', '1.00', 0, 'files/produto/956_1584994200.jpg', 1, '999999999', '2020-03-22 02:40:45', '2020-03-23 20:10:00', 34, 1, 0, 217, 0, 0),
(957, 333, 222, 'Cozinha', 'Comida', 'Lustra Móveis Peroba do Campo 200 mL', 'Especialmente indicado para móveis e assoalhos vitrificados, móveis encerados, envernizados, laqueados e superfícies laminadas.', '1.00', 0, 'files/produto/957_1584994466.jpg', 1, '999999999', '2020-03-22 04:13:19', '2020-03-23 20:14:26', 34, 1, 0, 217, 0, 0),
(958, 333, 222, 'Cozinha', 'Comida', 'Lustra Móveis Bry Lavanda 200ml ', 'Lustra Móveis Bry Lavanda. Proteção e perfumação em móveis de madeiras.', '1.00', 0, 'files/produto/958_1584994070.jpg', 1, '999999999', '2020-03-22 04:26:08', '2020-03-23 20:07:50', 34, 1, 0, 217, 0, 0),
(959, 333, 222, 'Cozinha', 'Comida', 'Óleo de peroba 200ml ', 'Limpa, lustra e renova ', '1.00', 0, 'files/produto/959_1584994278.jpg', 1, '999999999', '2020-03-22 04:29:04', '2020-03-23 20:11:18', 34, 1, 0, 217, 0, 0),
(960, 333, 222, 'Cozinha', 'Comida', 'Lustra Móveis Bravo Lavanda Classic 200ml', 'Protege e dá brilho.', '1.00', 0, 'files/produto/960_1584993998.jpg', 1, '999999999', '2020-03-22 04:31:29', '2020-03-23 20:06:38', 34, 1, 0, 217, 0, 0),
(961, 333, 222, 'Cozinha', 'Comida', 'Lustra Móveis Poliflor Perfume Suave 200ml', 'Dá brilho, proteção contra manchas d\'água e perfuma de longa duração.', '1.00', 0, 'files/produto/961_1584994153.jpg', 1, '999999999', '2020-03-22 04:33:48', '2020-03-23 20:09:13', 34, 1, 0, 217, 0, 0),
(962, 333, 222, 'Cozinha', 'Comida', 'Sabão em Pasta Urca Tradicional 200g', 'Ultra brilho confiança e cuidado diariamente.', '1.00', 0, 'files/produto/962_1584994917.jpg', 1, '999999999', '2020-03-22 04:58:03', '2020-03-23 20:21:57', 34, 1, 0, 217, 0, 0),
(963, 333, 222, 'Cozinha', 'Comida', 'Sabão em Pasta assolan  500g', 'Mais brilho.', '1.00', 0, 'files/produto/963_1584994787.jpg', 1, '999999999', '2020-03-22 05:01:14', '2020-03-23 20:19:47', 34, 1, 0, 217, 0, 0),
(964, 333, 222, 'Cozinha', 'Comida', 'Álcool SANTA CRUZ 1 Litro', 'álcool etílico hidratado 46,3º INPM. ', '1.00', 0, 'files/produto/964_1585011943.jpg', 1, '999999999', '2020-03-22 05:22:46', '2020-03-24 01:05:43', 34, 1, 0, 217, 0, 0),
(965, 333, 222, 'Cozinha', 'Comida', 'Álcool SANTA CRUZ 500ml', 'álcool etílico hidratado 46,3º INPM. ', '1.00', 0, 'files/produto/965_1584992661.jpg', 1, '999999999', '2020-03-22 05:22:49', '2020-03-23 19:44:21', 34, 1, 0, 217, 0, 0),
(967, 333, 222, 'Cozinha', 'Comida', 'Limpa Forno Pasta Força Azul 230g', 'O Limpa Forno Força Azul acaba com o esfrega-esfrega.', '1.00', 0, 'files/produto/967_1585012180.jpg', 1, '999999999', '2020-03-22 05:26:46', '2020-03-24 01:09:40', 34, 1, 0, 217, 0, 0),
(968, 333, 222, 'Cozinha', 'Comida', 'Desodorizador Glade Toque de Frescor Aparelho + Refil Lavanda 12ml', 'Toque de frescor.', '1.00', 0, 'files/produto/968_1584997044.jpg', 1, '999999999', '2020-03-22 05:50:40', '2020-03-24 00:18:27', 34, 1, 0, 217, 0, 0),
(969, 333, 222, 'Cozinha', 'Comida', 'Aparelho e Odorizador de Ambiente glade Lavanda & Vanilla ', 'Automatic Glade 269ml', '1.00', 0, 'files/produto/969_1584996939.jpg', 1, '999999999', '2020-03-22 06:01:30', '2020-03-24 00:20:31', 34, 1, 0, 217, 0, 0),
(970, 333, 222, 'Cozinha', 'Comida', 'Kit 5 Aromatizador Ambientes Glade Automatic Refil 269ml', 'Lavanda & vanilla.', '1.00', 0, 'files/produto/970_1585012152.jpg', 1, '999999999', '2020-03-23 22:26:18', '2020-03-24 01:09:12', 34, 1, 0, 217, 0, 0),
(971, 333, 222, 'Cozinha', 'Comida', 'Pedra Sanitária GLADE Brisa Marinha 25g', 'Possui rede protetora.', '1.00', 0, 'files/produto/971_1585012276.jpg', 1, '999999999', '2020-03-23 22:28:36', '2020-03-24 01:11:16', 34, 1, 0, 217, 0, 0),
(972, 333, 222, 'Cozinha', 'Comida', 'Pedra Sanitária Glade Sany 25G Pinho', 'Pedra Sanitária Glade Sany 25G Pinho.', '1.00', 0, 'files/produto/972_1585012298.jpg', 1, '999999999', '2020-03-23 22:31:02', '2020-03-24 01:11:38', 34, 1, 0, 217, 0, 0),
(973, 333, 222, 'Cozinha', 'Comida', 'Pedra Sanitária Glade Bouquet de Lavanda 25g', 'Detergente sanitário.', '1.00', 0, 'files/produto/973_1585012247.jpg', 1, '999999999', '2020-03-23 22:35:33', '2020-03-24 01:10:47', 34, 1, 0, 217, 0, 0),
(974, 333, 222, 'Cozinha', 'Comida', 'Aromatizante Aerossol Lembrança de Infância Glade 360ml', 'A dupla ação de Glade Aerossol elimina os maus odores e deixa a casa fresca e perfumada.', '1.00', 0, 'files/produto/974_1585011986.jpg', 1, '999999999', '2020-03-23 23:43:10', '2020-03-24 01:06:26', 34, 1, 0, 217, 0, 0),
(975, 333, 222, 'Cozinha', 'Comida', 'Purificador de Ar Glade Frutas e Flores Vibrantes Aerossol', 'Purificador de Ar.', '1.00', 0, 'files/produto/975_1585012362.jpg', 1, '999999999', '2020-03-23 23:46:00', '2020-03-24 01:12:42', 34, 1, 0, 217, 0, 0),
(976, 333, 222, 'Cozinha', 'Comida', 'Purificador de Ar Pratik Aerosol Lavanda 400ml', 'Perfume longa duração.', '1.00', 0, 'files/produto/976_1585012388.jpg', 1, '999999999', '2020-03-23 23:49:45', '2020-03-24 01:13:08', 34, 1, 0, 217, 0, 0),
(977, 333, 222, 'Cozinha', 'Comida', 'Glade Gel Pequenos Ambientes Citrus 70g', 'Gel Pequenos Ambientes é a forma mais econômica de perfumar a sua casa.', '1.00', 0, 'files/produto/977_1585012045.jpg', 1, '999999999', '2020-03-24 00:02:07', '2020-03-24 01:07:25', 34, 1, 0, 217, 0, 0),
(978, 333, 222, 'Cozinha', 'Comida', 'Glade Gel Pequenos Ambientes Lavanda 70g', 'Gel Pequenos Ambientes é a forma mais econômica de perfumar a sua casa.', '1.00', 0, 'files/produto/978_1585012088.jpg', 1, '999999999', '2020-03-24 00:05:12', '2020-03-24 01:08:08', 34, 1, 0, 217, 0, 0),
(979, 333, 222, 'Cozinha', 'Comida', 'Glade Gel Pequenos Ambientes Clean linen 70g', 'Gel Pequenos Ambientes é a forma mais econômica de perfumar a sua casa.', '1.00', 0, 'files/produto/979_1585012071.jpg', 1, '999999999', '2020-03-24 00:13:14', '2020-03-24 01:07:51', 34, 1, 0, 217, 0, 0),
(980, 333, 222, 'Cozinha', 'Comida', 'Limpa Telas LED e LCD + Flanela Pratik 120ml', 'Praticidade no seu dia a dia.', '1.00', 0, 'files/produto/980_1585012212.jpg', 1, '999999999', '2020-03-24 00:16:13', '2020-03-24 01:10:12', 34, 1, 0, 217, 0, 0),
(981, 333, 225, 'Cozinha', 'Comida', 'Repelente Elétrico Líquido 45 Noites Raid Aparelho Mais Refil 32,9mL', 'Fique no ambiente, executando seus afazeres, sem ser incomodado pelos mosquitos, pois nele tem este repelente elétrico. ', '1.00', 0, 'files/produto/981_1585012853.jpg', 1, '999999999', '2020-03-24 01:20:53', '2020-03-24 01:20:53', 34, 1, 0, 220, 0, 0),
(982, 333, 225, 'Cozinha', 'Comida', 'Raid aqua technology  ', 'Raid Aqua Technology apresenta a nova fórmula com tecnologia da água purificada,que não faz mal às plantas e não deixa cheiro.', '1.00', 0, 'files/produto/982_1585013975.jpg', 1, '999999999', '2020-03-24 01:39:35', '2020-03-24 01:39:35', 34, 1, 0, 220, 0, 0),
(983, 333, 225, 'Cozinha', 'Comida', 'Raid Multi base água ', 'Ajude a manter sua casa livre de insetos voadores e rasteiros com Raid® Multi Base Água.', '1.00', 0, 'files/produto/983_1585014205.jpg', 1, '999999999', '2020-03-24 01:43:25', '2020-03-24 01:43:25', 34, 1, 0, 220, 0, 0),
(984, 333, 225, 'Cozinha', 'Comida', 'Raid mata baratas e formigas', 'Mata Baratas e Formigas age imediatamente e conta com uma ação residual que dura até quatro semanas, matando inclusive os ovos que as baratas carregam.', '1.00', 0, 'files/produto/984_1585014867.jpg', 1, '999999999', '2020-03-24 01:54:27', '2020-03-24 01:54:27', 34, 1, 0, 220, 0, 0),
(985, 333, 225, 'Cozinha', 'Comida', 'Vela Oasis Para Filtro De Agua Por Gravidade', 'Vela para filtro tradicional.', '1.00', 0, 'files/produto/985_1585015304.jpg', 1, '999999999', '2020-03-24 02:01:44', '2020-03-24 02:01:44', 34, 1, 0, 220, 0, 0),
(986, 333, 225, 'Cozinha', 'Comida', 'Lampada Led 15w Superled', 'Alta Potencia Bulbo Bivolt 3000k.', '1.00', 0, 'files/produto/986_1585015571.jpg', 1, '999999999', '2020-03-24 02:06:11', '2020-03-24 02:06:11', 34, 1, 0, 220, 0, 0),
(987, 333, 225, 'Cozinha', 'Comida', 'Lampada Led 9w Superled', 'Alta Potencia Bulbo Bivolt 6500k.', '1.00', 0, 'files/produto/987_1585015740.jpg', 1, '999999999', '2020-03-24 02:09:00', '2020-03-24 02:09:00', 34, 1, 0, 220, 0, 0),
(988, 333, 225, 'Cozinha', 'Comida', 'Lampada Ourolux Superled Soquete E27 Branca 6w Bivolt', 'Lampada Ourolux Superled Soquete E27 Branca 6W Bivolt contem ótima capacidade de iluminação.', '1.00', 0, 'files/produto/988_1585016232.jpg', 1, '999999999', '2020-03-24 02:17:12', '2020-03-24 02:17:12', 34, 1, 0, 220, 0, 0),
(989, 333, 225, 'Cozinha', 'Comida', 'Lampada Eco Halogena Clara H60 42w 220v Ourolux', 'Ourolux 220v', '1.00', 0, 'files/produto/989_1585017002.jpg', 1, '999999999', '2020-03-24 02:30:02', '2020-03-24 02:30:02', 34, 1, 0, 220, 0, 0),
(990, 333, 225, 'Cozinha', 'Comida', 'Lâmpada Fluorescente Compacta Ozli 20W', 'Lâmpada Fluorescente Compacta Ozli 20W.', '1.00', 0, 'files/produto/990_1585017231.jpg', 1, '999999999', '2020-03-24 02:33:51', '2020-03-24 02:33:51', 34, 1, 0, 220, 0, 0),
(991, 333, 225, 'Cozinha', 'Comida', 'Palitos de Dente de Bambu 100un Natural', 'Palito de dente mais resistente à quebra: flexível e seguro.', '1.00', 0, 'files/produto/991_1585017496.jpg', 1, '999999999', '2020-03-24 02:38:16', '2020-03-24 02:38:16', 34, 1, 0, 220, 0, 0),
(992, 333, 225, 'Cozinha', 'Comida', 'Lâmpada halogena ourolux 100w 220v', 'Lâmpada ourolux.', '1.00', 0, 'files/produto/992_1585017705.jpg', 1, '999999999', '2020-03-24 02:41:45', '2020-03-24 02:41:45', 34, 1, 0, 220, 0, 0),
(993, 333, 225, 'Cozinha', 'Comida', 'Óleo Lubrificante Desengripante Antiferrugem 300ml Lub Fast', 'Óleo Lubrificante Desengripante.', '1.00', 0, 'files/produto/993_1585025707.jpg', 1, '999999999', '2020-03-24 04:55:07', '2020-03-24 04:55:07', 34, 1, 0, 220, 0, 0),
(994, 333, 225, 'Cozinha', 'Comida', 'Durepoxi loctite 50g', 'Metal, Vidro, Madeira, Cerâmica, Cimento, Mármore e Plástico.', '1.00', 0, 'files/produto/994_1585026027.jpg', 1, '999999999', '2020-03-24 05:00:27', '2020-03-24 05:00:27', 34, 1, 0, 220, 0, 0),
(995, 333, 225, 'Cozinha', 'Comida', 'Palito de dente c/ 100un - bompack', 'Palitos Bompack.', '1.00', 0, 'files/produto/995_1585026928.jpg', 1, '999999999', '2020-03-24 05:15:28', '2020-03-24 05:15:28', 34, 1, 0, 220, 0, 0),
(996, 333, 225, 'Cozinha', 'Comida', 'Cera Com Silicone Carnu 200G', 'Renova e dá brilho.', '1.00', 0, 'files/produto/996_1585026998.jpg', 1, '999999999', '2020-03-24 05:16:38', '2020-03-24 05:16:38', 34, 1, 0, 220, 0, 0),
(997, 333, 225, 'Cozinha', 'Comida', 'Fósforo Paraná 10 Caixas com 40 unidades', 'Ecológico, sem enxofre e madeira reflorestada.', '1.00', 0, 'files/produto/997_1585027314.jpg', 1, '999999999', '2020-03-24 05:21:54', '2020-03-24 05:21:54', 34, 1, 0, 220, 0, 0),
(998, 333, 225, 'Cozinha', 'Comida', 'Cera Grand Prix Impermeabilizadora 200g', 'Cera Grand Prix Impermeabilizadora limpa, dá brilho e ainda impermeabiliza o seu carro contra a sujeira.', '1.00', 0, 'files/produto/998_1585027471.jpg', 1, '999999999', '2020-03-24 05:24:31', '2020-03-24 05:24:31', 34, 1, 0, 220, 0, 0),
(999, 333, 225, 'Cozinha', 'Comida', 'Papel Alumínio 100m x 30cm Térmica', 'Papel Alumínio.', '1.00', 0, 'files/produto/999_1585028606.jpg', 1, '999999999', '2020-03-24 05:43:26', '2020-03-24 05:43:27', 34, 1, 0, 220, 0, 0),
(1000, 333, 225, 'Cozinha', 'Comida', 'Cepillo sanitário sanibrisa con base', 'Limpamania.', '1.00', 0, 'files/produto/1000_1585028950.jpg', 1, '999999999', '2020-03-24 05:49:10', '2020-03-24 05:49:26', 34, 1, 0, 220, 0, 0),
(1001, 333, 225, 'Cozinha', 'Comida', 'Rodo de Pia', 'Para sua cozinha.', '1.00', 0, 'files/produto/1001_1585029527.jpg', 1, '999999999', '2020-03-24 05:58:47', '2020-03-24 05:58:47', 34, 1, 0, 220, 0, 0),
(1002, 333, 225, 'Cozinha', 'Comida', 'Desentupidor para pia pratik', 'Para pias e ralos.', '1.00', 0, 'files/produto/1002_1585029666.jpg', 1, '999999999', '2020-03-24 06:01:06', '2020-03-24 06:01:06', 34, 1, 0, 220, 0, 0),
(1003, 333, 225, 'Cozinha', 'Comida', 'Fitilho Branco Polipropileno Extra Forte Rolo 400m', 'Alta resistência 100% de rendimento.', '1.00', 0, 'files/produto/1003_1585029780.jpg', 1, '999999999', '2020-03-24 06:03:00', '2020-03-24 06:03:00', 34, 1, 0, 220, 0, 0),
(1004, 333, 225, 'Cozinha', 'Comida', 'Escova Multiuso', 'A Escova é resistente e durável, ideal para os dias de limpeza pesada.', '1.00', 0, 'files/produto/1004_1585030871.jpg', 1, '999999999', '2020-03-24 06:21:11', '2020-03-24 06:21:11', 34, 1, 0, 220, 0, 0),
(1005, 333, 225, 'Cozinha', 'Comida', 'Escova para Lavar Lavanderia.', ' A Escova é resistente e durável, ideal para os dias de limpeza pesada.', '1.00', 0, 'files/produto/1005_1585031111.jpg', 1, '999999999', '2020-03-24 06:25:11', '2020-03-24 06:25:11', 34, 1, 0, 220, 0, 0),
(1006, 333, 225, 'Cozinha', 'Comida', 'Pulverizador Export 370ml', 'Material muito resistente, fabricado em plástico polietileno.', '1.00', 0, 'files/produto/1006_1585031888.jpg', 1, '999999999', '2020-03-24 06:38:08', '2020-03-24 06:38:08', 34, 1, 0, 220, 0, 0),
(1007, 333, 225, 'Cozinha', 'Comida', 'Inseticida Líquido BAYGON Ação Total 475ml', 'Resolve seus problemas com insetos, pois age contra baratas, formigas, moscas, mosquitos, pernilongos, carapanãs, muriçocas e até contra o mosquito da dengue.', '1.00', 0, 'files/produto/1007_1585032074.jpg', 1, '999999999', '2020-03-24 06:41:14', '2020-03-24 06:41:14', 34, 1, 0, 220, 0, 0),
(1008, 333, 225, 'Cozinha', 'Comida', 'Prendedores de madeira prende-bem', '12 Unidades.', '1.00', 0, 'files/produto/1008_1585032320.jpg', 1, '999999999', '2020-03-24 06:45:20', '2020-03-24 06:45:20', 34, 1, 0, 220, 0, 0),
(1009, 333, 225, 'Cozinha', 'Comida', 'Prendedores de roupas de plásticos', '6 Unidades.', '1.00', 0, 'files/produto/1009_1585032425.jpg', 1, '999999999', '2020-03-24 06:47:05', '2020-03-24 06:47:05', 34, 1, 0, 220, 0, 0),
(1010, 333, 209, 'Cozinha', 'Comida', 'Salgadinho Pippos Anime Cebola e Salsa Embalagem 60G', 'Rico em 10 nutrientes 5 vitaminas e 5 minerais.', '1.00', 0, 'files/produto/1010_1585033238.jpg', 1, '999999999', '2020-03-24 07:00:38', '2020-03-24 07:00:38', 34, 1, 0, 205, 0, 0),
(1011, 333, 209, 'Cozinha', 'Comida', 'Salgadinho Pippos Churrasco Embalagem 60G', 'Pippos Churrasco.', '1.00', 0, 'files/produto/1011_1585081249.jpg', 1, '999999999', '2020-03-24 20:20:49', '2020-03-24 20:20:49', 34, 1, 0, 205, 0, 0),
(1012, 333, 209, 'Cozinha', 'Comida', 'Salgadinho Pippos Bacon Embalagem 60G', 'Pippos Bacon.', '0.00', 0, 'files/produto/1012_1585081431.jpg', 1, '999999999', '2020-03-24 20:23:51', '2020-03-24 20:23:51', 34, 1, 0, 205, 0, 0),
(1013, 333, 209, 'Cozinha', 'Comida', 'Batata Frita 50g Scrusch', 'Batata Frita.', '1.00', 0, 'files/produto/1013_1585084718.jpg', 1, '999999999', '2020-03-24 21:18:38', '2020-03-24 21:18:39', 34, 1, 0, 205, 0, 0),
(1014, 333, 209, 'Cozinha', 'Comida', 'Batata Palha Zaeli Extra Fina Embalagem 80G', 'Batata Palha Zaeli', '1.00', 0, 'files/produto/1014_1585084931.jpg', 1, '999999999', '2020-03-24 21:22:11', '2020-03-24 21:22:11', 34, 1, 0, 205, 0, 0),
(1015, 333, 209, 'Cozinha', 'Comida', 'Biscoito Fofitos De Leite Fortaleza 400g', 'Biscoito Fofitos fortaleza.', '1.00', 0, 'files/produto/1015_1585093229.jpg', 1, '999999999', '2020-03-24 23:40:29', '2020-03-24 23:40:29', 34, 1, 0, 205, 0, 0),
(1016, 333, 209, 'Cozinha', 'Comida', 'Biscoito de Coco Fofitos Fortaleza 400g', 'Biscoito de Coco Fofitos Fortaleza.', '1.00', 0, 'files/produto/1016_1585094934.jpg', 1, '999999999', '2020-03-25 00:08:54', '2020-03-25 00:08:54', 34, 1, 0, 205, 0, 0),
(1017, 333, 209, 'Cozinha', 'Comida', 'Biscoito Doce Estrela Bolachita Leite e Coco 400G', 'Biscoito Doce Estrela Leite e Coco ', '1.00', 0, 'files/produto/1017_1585095484.jpg', 1, '999999999', '2020-03-25 00:18:04', '2020-03-25 00:18:04', 34, 1, 0, 205, 0, 0),
(1018, 333, 209, 'Cozinha', 'Comida', 'Salgadinho Pelicitos sabor calabresa picante 50g', 'Salgadinho Pelicitos.', '1.00', 0, 'files/produto/1018_1585095583.jpg', 1, '999999999', '2020-03-25 00:19:43', '2020-03-25 00:19:43', 34, 1, 0, 205, 0, 0),
(1019, 333, 209, 'Cozinha', 'Comida', 'Massa para Lasanha Pré-Cozida de Sêmola Dona Benta 200g', 'Massa para Lasanha Pré-Cozida Dona Benta.', '1.00', 0, 'files/produto/1019_1585095763.jpg', 1, '999999999', '2020-03-25 00:22:43', '2020-03-25 00:22:43', 34, 1, 0, 205, 0, 0),
(1020, 333, 209, 'Cozinha', 'Comida', 'Biscoito Doce Estrela Coquerito Leite e Coco 400G', 'Biscoito Doce Estrela Coquerito Leite e Coco.', '1.00', 0, 'files/produto/1020_1585095877.jpg', 1, '999999999', '2020-03-25 00:24:37', '2020-03-25 00:24:37', 34, 1, 0, 205, 0, 0),
(1021, 333, 209, 'Cozinha', 'Comida', 'Biscoito Doce Estrela Rosquinha de Coco com Leite 400G', 'Biscoito Doce Estrela Rosquinha de Coco com Leite.', '1.00', 0, 'files/produto/1021_1585096025.jpg', 1, '999999999', '2020-03-25 00:27:05', '2020-03-25 00:27:05', 34, 1, 0, 205, 0, 0),
(1022, 333, 209, 'Cozinha', 'Comida', 'Biscoito Petit Cracker Fortaleza 400g', 'Biscoito Petit Cracker Fortaleza', '1.00', 0, 'files/produto/1022_1585096842.jpg', 1, '999999999', '2020-03-25 00:40:42', '2020-03-25 00:40:42', 34, 1, 0, 205, 0, 0),
(1023, 333, 209, 'Cozinha', 'Comida', 'Biscoito cracker mini fortaleza 400g', 'Biscoito cracker mini fortaleza', '1.00', 0, 'files/produto/1023_1585097447.jpg', 1, '999999999', '2020-03-25 00:50:47', '2020-03-25 00:50:47', 34, 1, 0, 205, 0, 0),
(1024, 333, 209, 'Cozinha', 'Comida', 'Biscoito sortidos doce fortaleza 400g', 'Biscoito sortidos doce fortaleza.', '1.00', 0, 'files/produto/1024_1585097535.jpg', 1, '999999999', '2020-03-25 00:52:15', '2020-03-25 00:52:15', 34, 1, 0, 205, 0, 0),
(1025, 333, 209, 'Cozinha', 'Comida', 'Biscoito Integral Bauducco Cereale Cacau, Aveia e Mel 170g', 'Biscoito Integral Bauducco Cereale Cacau, Aveia e Mel.', '1.00', 0, 'files/produto/1025_1585097763.jpg', 1, '999999999', '2020-03-25 00:56:03', '2020-03-25 00:56:03', 34, 1, 0, 205, 0, 0),
(1026, 333, 209, 'Cozinha', 'Comida', 'Recheadinho BAUDUCCO Sabor Chocolate 104g', 'Recheadinho BAUDUCCO Sabor Chocolate', '1.00', 0, 'files/produto/1026_1585098268.jpg', 1, '999999999', '2020-03-25 01:04:28', '2020-03-25 01:04:28', 34, 1, 0, 205, 0, 0),
(1027, 333, 209, 'Cozinha', 'Comida', 'Biscoito BAUDUCCO Recheadinho Sabor Brigadeiro 104g', 'Biscoito BAUDUCCO Recheadinho Sabor Brigadeiro', '1.00', 0, 'files/produto/1027_1585099207.jpg', 1, '999999999', '2020-03-25 01:20:07', '2020-03-25 01:20:07', 34, 1, 0, 205, 0, 0),
(1028, 333, 209, 'Cozinha', 'Comida', 'Cookie Chocolate com Gotas de Chocolate Bauducco 60g', 'Cookie Chocolate com Gotas de Chocolate Bauducco.', '1.00', 0, 'files/produto/1028_1585099518.jpg', 1, '999999999', '2020-03-25 01:25:18', '2020-03-25 01:25:18', 34, 1, 0, 205, 0, 0),
(1029, 333, 209, 'Cozinha', 'Comida', 'Wafer com recheio morango richester 30g', 'Animados zoo richester.', '1.00', 0, 'files/produto/1029_1585101730.jpg', 1, '999999999', '2020-03-25 02:02:10', '2020-03-25 02:04:28', 34, 1, 0, 205, 0, 0),
(1030, 333, 209, 'Cozinha', 'Comida', 'Wafer com recheio richester chocolate branco 30g', 'Animados zoo richester.', '1.00', 0, 'files/produto/1030_1585101836.jpg', 1, '999999999', '2020-03-25 02:03:56', '2020-03-25 02:03:56', 34, 1, 0, 205, 0, 0),
(1031, 333, 209, 'Cozinha', 'Comida', 'Wafer com recheio chocolate richester 30g', 'Animados zoo richester.', '1.00', 0, 'files/produto/1031_1585101933.jpg', 1, '999999999', '2020-03-25 02:05:33', '2020-03-25 02:05:34', 34, 1, 0, 205, 0, 0),
(1032, 333, 209, 'Cozinha', 'Comida', 'Minibolo Brigadeiro 40g - Bauducco', 'Bolinho de Brigadeiro com recheio sabor chocolate delicioso e macio.', '1.00', 0, 'files/produto/1032_1585102156.jpg', 1, '999999999', '2020-03-25 02:09:16', '2020-03-25 02:09:16', 34, 1, 0, 205, 0, 0),
(1033, 333, 209, 'Cozinha', 'Comida', 'Minibolo Duplo Chocolate 40g - Bauducco', 'O Bolinho Bauducco é a combinação perfeita de uma massa fofinha com um recheio irresistível.', '1.00', 0, 'files/produto/1033_1585102277.jpg', 1, '999999999', '2020-03-25 02:11:17', '2020-03-25 02:11:17', 34, 1, 0, 205, 0, 0),
(1034, 333, 209, 'Cozinha', 'Comida', 'Minibolo Baunilha Chocolate 40g - Bauducco', 'O Bolinho Bauducco é a combinação perfeita de uma massa fofinha com um recheio irresistível.', '1.00', 0, 'files/produto/1034_1585102381.jpg', 1, '999999999', '2020-03-25 02:13:01', '2020-03-25 02:13:01', 34, 1, 0, 205, 0, 0),
(1035, 333, 209, 'Cozinha', 'Comida', 'Biscoito recheado morango Amori Richester 60g', 'Biscoito richester.', '1.00', 0, 'files/produto/1035_1585102530.jpg', 1, '999999999', '2020-03-25 02:15:30', '2020-03-25 02:24:37', 34, 1, 0, 205, 0, 0),
(1036, 333, 209, 'Cozinha', 'Comida', 'Biscoito Recheado Chocolate  Amori Richester 60g', 'Biscoito chocolate richester.', '1.00', 0, 'files/produto/1036_1585102611.jpg', 1, '999999999', '2020-03-25 02:16:51', '2020-03-25 02:23:57', 34, 1, 0, 205, 0, 0),
(1037, 333, 209, 'Cozinha', 'Comida', 'Biscoito Recheado Chocolate Branco Amori Richester 60g', 'Biscoito Recheado Chocolate Branco Amori Richester.', '1.00', 0, 'files/produto/1037_1585103000.jpg', 1, '999999999', '2020-03-25 02:23:20', '2020-03-25 02:23:20', 34, 1, 0, 205, 0, 0),
(1038, 333, 209, 'Cozinha', 'Comida', 'Bolo Baunilha com Morango Animados Zoo Richester 40g', 'Bolo Baunilha com Morango Animados Zoo Richester.', '1.00', 0, 'files/produto/1038_1585103274.jpg', 1, '999999999', '2020-03-25 02:27:54', '2020-03-25 02:27:54', 34, 1, 0, 205, 0, 0),
(1039, 333, 209, 'Cozinha', 'Comida', 'Bolo Baunilha com chocolate Animados Zoo Richester 40g', 'Bolo Baunilha com Morango Animados Zoo Richester. ', '1.00', 0, 'files/produto/1039_1585103414.jpg', 1, '999999999', '2020-03-25 02:30:14', '2020-03-25 02:30:14', 34, 1, 0, 205, 0, 0),
(1040, 333, 209, 'Cozinha', 'Comida', 'Minibolo Gotas Chocolate 40g - Bauducco', 'Bolinho de baunilha com recheio sabor chocolate delicioso e macio.', '1.00', 0, 'files/produto/1040_1585103549.jpg', 1, '999999999', '2020-03-25 02:32:29', '2020-03-25 02:32:29', 34, 1, 0, 205, 0, 0),
(1041, 333, 209, 'Cozinha', 'Comida', 'Biscoito Salt Plus Água Integral 360g', 'Biscoito Salt Plus Água Integral.', '1.00', 0, 'files/produto/1041_1585103964.jpg', 1, '999999999', '2020-03-25 02:39:24', '2020-03-25 02:39:24', 34, 1, 0, 205, 0, 0),
(1042, 333, 209, 'Cozinha', 'Comida', 'Chocolate em Pó Nestlé 200g', 'Para os cozinheiros de plantão, este é o chocolate para todas as receitas.', '1.00', 0, 'files/produto/1042_1585104186.jpg', 1, '999999999', '2020-03-25 02:43:06', '2020-03-25 02:43:07', 34, 1, 0, 205, 0, 0),
(1043, 333, 209, 'Cozinha', 'Comida', 'Biscoito CLUB SOCIAL Integral Tradicional Pacote 144g', 'Club Social Integral é um biscoito salgado muito crocante e delicioso, prático para qualquer momento do seu dia.', '1.00', 0, 'files/produto/1043_1585104554.jpg', 1, '999999999', '2020-03-25 02:49:14', '2020-03-25 02:49:14', 34, 1, 0, 205, 0, 0),
(1044, 333, 209, 'Cozinha', 'Comida', 'Biscoito CLUB SOCIAL original Pacote 144g', 'Club Social original é um biscoito salgado muito crocante e delicioso, prático para qualquer momento do seu dia.\r\n', '1.00', 0, 'files/produto/1044_1585104913.jpg', 1, '999999999', '2020-03-25 02:55:13', '2020-03-25 02:55:13', 34, 1, 0, 205, 0, 0),
(1045, 333, 209, 'Cozinha', 'Comida', 'Biscoito nestle nesfit 126g', '100% cereal integral.', '1.00', 0, 'files/produto/1045_1585112270.jpg', 1, '999999999', '2020-03-25 04:57:50', '2020-03-25 04:57:50', 34, 1, 0, 205, 0, 0),
(1046, 333, 209, 'Cozinha', 'Comida', 'Premium - Wafer Chocolate 130g', 'Premium - Wafer Chocolate', '1.00', 0, 'files/produto/1046_1585112901.jpg', 1, '999999999', '2020-03-25 05:08:21', '2020-03-25 05:08:21', 34, 1, 0, 205, 0, 0),
(1047, 333, 209, 'Cozinha', 'Comida', 'Premium - Wafer Bem casado 130g', 'Premium - Wafer Bem casado 130g', '1.00', 0, 'files/produto/1047_1585113084.jpg', 1, '999999999', '2020-03-25 05:11:24', '2020-03-25 05:11:24', 34, 1, 0, 205, 0, 0);
INSERT INTO `produto` (`id`, `id_loja`, `id_categoria`, `tipo`, `tipo_item`, `nome`, `descricao`, `preco`, `estoque`, `imagem`, `online`, `ordem`, `data_cadastro`, `data_alteracao`, `id_update_user`, `status`, `parte_varios_sabores`, `id_subcategoria`, `varios_sabores`, `visitas`) VALUES
(1048, 333, 209, 'Cozinha', 'Comida', 'Biscoito Leite Animados Zoo Richester 150g', 'Biscoito Leite Animados Zoo Richester.', '1.00', 0, 'files/produto/1048_1585113475.jpg', 1, '999999999', '2020-03-25 05:17:55', '2020-03-25 05:17:55', 34, 1, 0, 205, 0, 0),
(1049, 333, 209, 'Cozinha', 'Comida', 'Bis Laka - Lacta Chocolate branco', ' Um sabor tradicional deste clássico que é feito para dividir. Contém 20 unidades embaladas individualmente.', '1.00', 0, 'files/produto/1049_1585113682.jpg', 1, '999999999', '2020-03-25 05:21:22', '2020-03-25 05:21:22', 34, 1, 0, 205, 0, 0),
(1050, 333, 209, 'Cozinha', 'Comida', 'Biscoito Wafer Richester Amori Sabor Morango 120g', 'Biscoito Wafer Richester Amor.', '1.00', 0, 'files/produto/1050_1585113841.jpg', 1, '999999999', '2020-03-25 05:24:01', '2020-03-25 05:24:01', 34, 1, 0, 205, 0, 0),
(1051, 333, 209, 'Cozinha', 'Comida', 'Biscoito Recheado Baunilha Oreo 36g', 'Biscoito Oreo.', '1.00', 0, 'files/produto/1051_1585114022.jpg', 1, '999999999', '2020-03-25 05:27:02', '2020-03-25 05:27:02', 34, 1, 0, 205, 0, 0),
(1052, 333, 209, 'Cozinha', 'Comida', 'Biscoito Integral Bauducco Cereale Cacau e Castanhas 170g', 'Biscoito Integral Bauducco.', '1.00', 0, 'files/produto/1052_1585114170.jpg', 1, '999999999', '2020-03-25 05:29:30', '2020-03-25 05:29:30', 34, 1, 0, 205, 0, 0),
(1053, 333, 209, 'Cozinha', 'Comida', 'Biscoito Recheado Richester Amori Sabor Chocolate 140g', 'Biscoito Recheado Richester Amori.', '1.00', 0, 'files/produto/1053_1585114265.jpg', 1, '999999999', '2020-03-25 05:31:05', '2020-03-25 05:31:05', 34, 1, 0, 205, 0, 0),
(1054, 333, 209, 'Cozinha', 'Comida', 'Biscoito Nesfit Leite com Mel Nestlé 200g', 'Biscoito Nesfit.', '1.00', 0, 'files/produto/1054_1585114504.jpg', 1, '999999999', '2020-03-25 05:35:04', '2020-03-25 05:35:04', 34, 1, 0, 205, 0, 0),
(1055, 333, 209, 'Cozinha', 'Comida', 'Biscoito NESTLÉ Nesfit Laranja e Cenoura Pacote 200g', 'Biscoito NESTLÉ Nesfit.', '1.00', 0, 'files/produto/1055_1585114628.jpg', 1, '999999999', '2020-03-25 05:37:08', '2020-03-25 05:37:08', 34, 1, 0, 205, 0, 0),
(1056, 333, 209, 'Cozinha', 'Comida', ' Nestlé Biscoito Nesfit Limão e Cereais 200g', 'Nestlé Biscoito Nesfit.', '1.00', 0, 'files/produto/1056_1585114877.jpg', 1, '999999999', '2020-03-25 05:41:17', '2020-03-25 05:41:17', 34, 1, 0, 205, 0, 0),
(1057, 333, 209, 'Cozinha', 'Comida', 'Biscoito Recheado Coco Prestígio 140g', 'Biscoito Recheado Coco Prestígio.', '1.00', 0, 'files/produto/1057_1585115018.jpg', 1, '999999999', '2020-03-25 05:43:38', '2020-03-25 05:43:38', 34, 1, 0, 205, 0, 0),
(1058, 333, 209, 'Cozinha', 'Comida', 'Biscoito Passatempo Recheado Chocolate Nestlé 130g', 'Biscoito Passatempo Recheado Chocolate', '1.00', 0, 'files/produto/1058_1585115142.jpg', 1, '999999999', '2020-03-25 05:45:42', '2020-03-25 05:45:42', 34, 1, 0, 205, 0, 0),
(1059, 333, 209, 'Cozinha', 'Comida', 'Biscoito Nestlé Cookie Chocolate 60g', 'Biscoito Nestlé Cookie Chocolate.', '1.00', 0, 'files/produto/1059_1585115275.jpg', 1, '999999999', '2020-03-25 05:47:55', '2020-03-25 05:47:55', 34, 1, 0, 205, 0, 0),
(1060, 333, 209, 'Cozinha', 'Comida', 'Tortinhas Amori sabor limão 150g', 'Tortinhas Amori sabor limão.', '1.00', 0, 'files/produto/1060_1585116961.jpg', 1, '999999999', '2020-03-25 05:49:38', '2020-03-25 06:16:01', 34, 1, 0, 205, 0, 0),
(1061, 333, 209, 'Cozinha', 'Comida', 'Biscoito Recheado Richester Escureto Sabor Chocolate com Baunilha 140g', 'Biscoito Recheado Richester Escureto.', '1.00', 0, 'files/produto/1061_1585115507.jpg', 1, '999999999', '2020-03-25 05:51:47', '2020-03-25 05:51:47', 34, 1, 0, 205, 0, 0),
(1062, 333, 209, 'Cozinha', 'Comida', 'Achocolatado em Pó Zaeli Energia Pote 400G', 'Achocolatado em Pó Zaeli Energia Pote.', '1.00', 0, 'files/produto/1062_1585115631.jpg', 1, '999999999', '2020-03-25 05:53:51', '2020-03-25 05:53:51', 34, 1, 0, 205, 0, 0),
(1063, 333, 209, 'Cozinha', 'Comida', 'Biscoito cream cracker fortaleza 400g', 'Biscoito cream cracker fortaleza.', '1.00', 0, 'files/produto/1063_1585206911.jpg', 1, '999999999', '2020-03-25 06:08:04', '2020-03-26 07:15:11', 34, 1, 0, 205, 0, 0),
(1064, 333, 209, 'Cozinha', 'Comida', 'Biscoito doce sol tipo Maria 30g', 'Biscoito doce sol.', '1.00', 0, 'files/produto/1064_1585116554.jpg', 1, '999999999', '2020-03-25 06:09:14', '2020-03-25 06:09:14', 34, 1, 0, 205, 0, 0),
(1065, 333, 209, 'Cozinha', 'Comida', 'Biscoito Cream Cracker amanteigada Richester 400g', 'Biscoito Cream Cracker amanteigada Richester.', '1.00', 0, 'files/produto/1065_1585116855.jpg', 1, '999999999', '2020-03-25 06:14:15', '2020-03-25 06:14:15', 34, 1, 0, 205, 0, 0),
(1066, 333, 209, 'Cozinha', 'Comida', 'Biscoito Maria fortaleza pacote 400g', 'Biscoito Maria fortaleza.', '1.00', 0, 'files/produto/1066_1585185362.jpg', 1, '999999999', '2020-03-26 01:16:02', '2020-03-26 01:16:02', 34, 1, 0, 205, 0, 0),
(1067, 333, 209, 'Cozinha', 'Comida', 'Aveia nestlé flocos 170g', 'Aveia nestlé flocos.', '1.00', 0, 'files/produto/1067_1585186075.jpg', 1, '999999999', '2020-03-26 01:27:55', '2020-03-26 01:27:55', 34, 1, 0, 205, 0, 0),
(1068, 333, 209, 'Cozinha', 'Comida', 'Cremogema sabor tradicional 500g', 'Indicado a partir de 3 anos de idade.', '1.00', 0, 'files/produto/1068_1585187699.jpg', 1, '999999999', '2020-03-26 01:54:59', '2020-03-26 01:54:59', 34, 1, 0, 205, 0, 0),
(1069, 333, 209, 'Cozinha', 'Comida', 'Macarrão de arroz penne urbano 500g', 'Macarrão de arroz penne urbano', '1.00', 0, 'files/produto/1069_1585187911.jpg', 1, '999999999', '2020-03-26 01:58:31', '2020-03-26 01:58:31', 34, 1, 0, 205, 0, 0),
(1070, 333, 209, 'Cozinha', 'Comida', 'Macarrão Brandini Sêmola Ave Maria 500g', 'Macarrão Brandini.', '1.00', 0, 'files/produto/1070_1585188107.jpg', 1, '999999999', '2020-03-26 02:01:47', '2020-03-26 02:01:47', 34, 1, 0, 205, 0, 0),
(1071, 333, 209, 'Cozinha', 'Comida', 'Macarrão argola sêmola fortaleza 500g', 'Macarrão argola.', '1.00', 0, 'files/produto/1071_1585188416.jpg', 1, '999999999', '2020-03-26 02:06:56', '2020-03-26 02:07:33', 34, 1, 0, 205, 0, 0),
(1072, 333, 209, 'Cozinha', 'Comida', 'Lasanha fortaleza sêmola 500g', 'Lasanha fortaleza sêmola.', '1.00', 0, 'files/produto/1072_1585189066.jpg', 1, '999999999', '2020-03-26 02:17:46', '2020-03-26 02:17:46', 34, 1, 0, 205, 0, 0),
(1073, 333, 209, 'Cozinha', 'Comida', 'Lasanha de sêmola pré-cozida fortaleza 200g', 'Lasanha de sêmola pré-cozida fortaleza.', '1.00', 0, 'files/produto/1073_1585189291.jpg', 1, '999999999', '2020-03-26 02:21:31', '2020-03-26 02:21:31', 34, 1, 0, 205, 0, 0),
(1074, 333, 209, 'Cozinha', 'Comida', 'Biscoito maizena fortaleza 400g', 'Biscoito maizena fortaleza.', '1.00', 0, 'files/produto/1074_1585189516.jpg', 1, '999999999', '2020-03-26 02:25:16', '2020-03-26 02:25:16', 34, 1, 0, 205, 0, 0),
(1075, 333, 209, 'Cozinha', 'Comida', 'Amido de Milho Maizena Duryea 200g', 'Amido de Milho Maizena Duryea.', '1.00', 0, 'files/produto/1075_1585189660.jpg', 1, '999999999', '2020-03-26 02:27:40', '2020-03-26 02:27:55', 34, 1, 0, 205, 0, 0),
(1076, 333, 209, 'Cozinha', 'Comida', 'Macarrão instantâneo nissin lámen sabor carne 80g', 'Macarrão instantâneo.', '1.00', 0, 'files/produto/1076_1585189907.jpg', 1, '999999999', '2020-03-26 02:31:47', '2020-03-26 02:31:47', 34, 1, 0, 205, 0, 0),
(1077, 333, 209, 'Cozinha', 'Comida', 'Macarrão Instantâneo Maggi Sabor Galinha Caipira 85g', 'Macarrão Instantâneo Maggi Sabor Galinha Caipira.', '1.00', 0, 'files/produto/1077_1585190118.jpg', 1, '999999999', '2020-03-26 02:35:18', '2020-03-26 02:35:18', 34, 1, 0, 205, 0, 0),
(1078, 333, 209, 'Cozinha', 'Comida', 'Macarrão Instantâneo Nissin Sabor Galinha Caipira 85g', 'Macarrão Instantâneo Nissin Sabor Galinha Caipira.', '1.00', 0, 'files/produto/1078_1585190224.jpg', 1, '999999999', '2020-03-26 02:37:04', '2020-03-26 02:37:04', 34, 1, 0, 205, 0, 0),
(1079, 333, 209, 'Cozinha', 'Comida', 'Gelatina sem sabor royal 24g', 'Gelatina sem sabor royal prepare também no micro-ondas.', '1.00', 0, 'files/produto/1079_1585190572.jpg', 1, '999999999', '2020-03-26 02:42:52', '2020-03-26 02:42:52', 34, 1, 0, 205, 0, 0),
(1080, 333, 209, 'Cozinha', 'Comida', 'Adoçante Líquido Sacarina Zero Cal 100ml', 'Adoçante Líquido Sacarina Zero Cal.', '1.00', 0, 'files/produto/1080_1585190692.jpg', 1, '999999999', '2020-03-26 02:44:52', '2020-03-26 02:44:52', 34, 1, 0, 205, 0, 0),
(1081, 333, 209, 'Cozinha', 'Comida', 'Sopão Equilibrium Carne e Legumes Maggi 150g', 'Sopão Equilibrium Carne e Legumes Maggi.', '1.00', 0, 'files/produto/1081_1585190814.jpg', 1, '999999999', '2020-03-26 02:46:54', '2020-03-26 02:46:54', 34, 1, 0, 205, 0, 0),
(1082, 333, 209, 'Cozinha', 'Comida', 'Macarrão Nissin Cup Noodles Galinha Caipira 69g', 'Macarrão Nissin Cup Noodles Galinha Caipira.', '1.00', 0, 'files/produto/1082_1585190926.jpg', 1, '999999999', '2020-03-26 02:48:46', '2020-03-26 02:48:46', 34, 1, 0, 205, 0, 0),
(1083, 333, 209, 'Cozinha', 'Comida', 'Nescau 2.0 nestle 600g', 'Alimento chocolatado em pó.', '1.00', 0, 'files/produto/1083_1585191818.jpg', 1, '999999999', '2020-03-26 03:03:38', '2020-03-26 03:03:38', 34, 1, 0, 205, 0, 0),
(1084, 333, 209, 'Cozinha', 'Comida', 'Nescau 2.0 nestle 600g', 'Alimento achocolatado em pó.', '1.00', 0, 'files/produto/1084_1585192030.jpg', 1, '999999999', '2020-03-26 03:07:10', '2020-03-26 03:07:10', 34, 1, 0, 205, 0, 0),
(1085, 333, 209, 'Cozinha', 'Comida', 'Ameixa em calda predilecta  peso drenado 150g', 'Ameixa em calda predilecta.', '1.00', 0, 'files/produto/1085_1585192270.jpg', 1, '999999999', '2020-03-26 03:11:10', '2020-03-26 03:14:43', 34, 1, 0, 205, 0, 0),
(1086, 333, 209, 'Cozinha', 'Comida', 'Abacaxi em calda predilecta peso drenado 400g', 'Abacaxi em calda predilecta.', '1.00', 0, 'files/produto/1086_1585192462.jpg', 1, '999999999', '2020-03-26 03:14:22', '2020-03-26 03:14:22', 34, 1, 0, 205, 0, 0),
(1087, 333, 209, 'Cozinha', 'Comida', 'Leite Condensado Italac 395g', 'Leite Condensado Italac.', '1.00', 0, 'files/produto/1087_1585192591.jpg', 1, '999999999', '2020-03-26 03:16:31', '2020-03-26 03:16:31', 34, 1, 0, 205, 0, 0),
(1088, 333, 209, 'Cozinha', 'Comida', 'Leite Condensado semidesnatado betânia 395g', 'Leite fuido integral e/ou leite em pó integral reconstituído, açúcar, creme de leite e lactose.', '1.00', 0, 'files/produto/1088_1585192886.jpg', 1, '999999999', '2020-03-26 03:21:26', '2020-03-26 03:21:26', 34, 1, 0, 205, 0, 0),
(1089, 333, 209, 'Cozinha', 'Comida', 'Creme de leite betânia 200g', 'Creme de leite betânia.', '1.00', 0, 'files/produto/1089_1585193028.jpg', 1, '999999999', '2020-03-26 03:23:48', '2020-03-26 03:23:48', 34, 1, 0, 205, 0, 0),
(1090, 333, 209, 'Cozinha', 'Comida', 'Geleia de Uva Stella Doro 230g ', 'Geleia de Uva Stella Doro.', '1.00', 0, 'files/produto/1090_1585193134.jpg', 1, '999999999', '2020-03-26 03:25:34', '2020-03-26 03:25:34', 34, 1, 0, 205, 0, 0),
(1091, 333, 209, 'Cozinha', 'Comida', 'Creme de Leite Leve NESTLÉ Tradicional 200g', 'Creme de Leite Leve NESTLÉ Tradicional.', '1.00', 0, 'files/produto/1091_1585193527.jpg', 1, '999999999', '2020-03-26 03:32:07', '2020-03-26 03:32:07', 34, 1, 0, 205, 0, 0),
(1092, 333, 209, 'Cozinha', 'Comida', 'Gelatina uva Sol 25g', 'Gelatina uva Sol.', '1.00', 0, 'files/produto/1092_1585193639.jpg', 1, '999999999', '2020-03-26 03:33:59', '2020-03-26 03:33:59', 34, 1, 0, 205, 0, 0),
(1093, 333, 209, 'Cozinha', 'Comida', 'Gelatina morango sol 25g', 'Gelatina morango sol.', '1.00', 0, 'files/produto/1093_1585193877.jpg', 1, '999999999', '2020-03-26 03:37:57', '2020-03-26 03:37:57', 34, 1, 0, 205, 0, 0),
(1094, 333, 209, 'Cozinha', 'Comida', 'Biscoito cream cracker predilleto 400g', 'Biscoito salgado cream cracker.', '1.00', 0, 'files/produto/1094_1585206676.jpg', 1, '999999999', '2020-03-26 05:34:08', '2020-03-26 07:11:16', 34, 1, 0, 205, 0, 0),
(1095, 333, 209, 'Cozinha', 'Comida', 'Biscoito Maria predilleto 400g', 'Biscoito doce Maria.', '1.00', 0, 'files/produto/1095_1585200942.jpg', 1, '999999999', '2020-03-26 05:35:42', '2020-03-26 05:35:42', 34, 1, 0, 205, 0, 0),
(1096, 333, 209, 'Cozinha', 'Comida', 'Doce de banana vale verde 600g', 'Doce de banana.', '1.00', 0, 'files/produto/1096_1585201010.jpg', 1, '999999999', '2020-03-26 05:36:50', '2020-03-26 05:36:50', 34, 1, 0, 205, 0, 0),
(1097, 333, 209, 'Cozinha', 'Comida', 'Doce de goiabada vale verde 600g', 'Doce de goiabada.', '1.00', 0, 'files/produto/1097_1585201058.jpg', 1, '999999999', '2020-03-26 05:37:38', '2020-03-26 05:37:38', 34, 1, 0, 205, 0, 0),
(1098, 333, 209, 'Cozinha', 'Comida', 'Doce Vale Verde 200g Goibada Pct/10 Tab', 'Doce de goiabada.', '1.00', 0, 'files/produto/1098_1585201189.jpg', 1, '999999999', '2020-03-26 05:39:49', '2020-03-26 05:39:49', 34, 1, 0, 205, 0, 0),
(1099, 333, 209, 'Cozinha', 'Comida', 'Doce Vale Verde 200g banana Pct/10 Tab', 'Doce de banana.', '1.00', 0, 'files/produto/1099_1585201223.jpg', 1, '999999999', '2020-03-26 05:40:23', '2020-03-26 05:40:23', 34, 1, 0, 205, 0, 0),
(1100, 333, 209, 'Cozinha', 'Comida', 'Cereja Predilecta 100g', 'Cereja Predilecta.', '1.00', 0, 'files/produto/1100_1585201429.jpg', 1, '999999999', '2020-03-26 05:43:49', '2020-03-26 05:43:49', 34, 1, 0, 205, 0, 0),
(1101, 333, 209, 'Cozinha', 'Comida', 'Cereal Mucilon Arroz e Aveia nestle 230g', 'Cereal Mucilon Arroz e Aveia.', '1.00', 0, 'files/produto/1101_1585201658.jpg', 1, '999999999', '2020-03-26 05:47:38', '2020-03-26 05:47:38', 34, 1, 0, 205, 0, 0),
(1102, 333, 209, 'Cozinha', 'Comida', 'Cereal infantil Mucilon arroz nestle 230g', 'Cereal infantil Mucilon arroz.', '1.00', 0, 'files/produto/1102_1585201937.jpg', 1, '999999999', '2020-03-26 05:52:17', '2020-03-26 05:52:17', 34, 1, 0, 205, 0, 0),
(1103, 333, 209, 'Cozinha', 'Comida', 'Cereal infantil Mucilon milho nestle 230g', 'Cereal infantil Mucilon milho.', '1.00', 0, 'files/produto/1103_1585202067.jpg', 1, '999999999', '2020-03-26 05:54:27', '2020-03-26 05:54:27', 34, 1, 0, 205, 0, 0),
(1104, 333, 209, 'Cozinha', 'Comida', 'Leite em Pó Desnatado 200g – Italac', 'Leite em Pó Desnatado.', '1.00', 0, 'files/produto/1104_1585202247.jpg', 1, '999999999', '2020-03-26 05:57:27', '2020-03-26 05:57:27', 34, 1, 0, 205, 0, 0),
(1105, 333, 209, 'Cozinha', 'Comida', 'Leite em Pó Ninho Instantâneo 175G', 'Leite em Pó Ninho Instantâneo.', '1.00', 0, 'files/produto/1105_1585202383.jpg', 1, '999999999', '2020-03-26 05:59:43', '2020-03-26 05:59:43', 34, 1, 0, 205, 0, 0),
(1106, 333, 209, 'Cozinha', 'Comida', 'Leite em Pó NINHO Integral 175g', 'Leite em Pó NINHO Integral.', '1.00', 0, 'files/produto/1106_1585202819.jpg', 1, '999999999', '2020-03-26 06:06:59', '2020-03-26 06:06:59', 34, 1, 0, 205, 0, 0),
(1107, 333, 209, 'Cozinha', 'Comida', 'Coco Ralado Zaeli 100g', 'Coco Ralado Zaeli.', '1.00', 0, 'files/produto/1107_1585203060.jpg', 1, '999999999', '2020-03-26 06:11:00', '2020-03-26 06:11:00', 34, 1, 0, 205, 0, 0),
(1108, 333, 209, 'Cozinha', 'Comida', 'Coco ralado isis 50g', 'Coco ralado isis.', '1.00', 0, 'files/produto/1108_1585203291.jpg', 1, '999999999', '2020-03-26 06:14:51', '2020-03-26 06:14:51', 34, 1, 0, 205, 0, 0),
(1109, 333, 209, 'Cozinha', 'Comida', ' Uva Passa Preta Zaeli 200g', ' Uva Passa Preta Zaeli.', '1.00', 0, 'files/produto/1109_1585203487.jpg', 1, '999999999', '2020-03-26 06:18:07', '2020-03-26 06:18:07', 34, 1, 0, 205, 0, 0),
(1110, 333, 209, 'Cozinha', 'Comida', 'Leite Condensado Moça Nestlé 395g', 'Leite Condensado Moça Nestlé.', '1.00', 0, 'files/produto/1110_1585203618.jpg', 1, '999999999', '2020-03-26 06:20:18', '2020-03-26 06:20:18', 34, 1, 0, 205, 0, 0),
(1111, 333, 209, 'Cozinha', 'Comida', 'Chocolate Bis Oreo - Lacta 100,8g', 'Chocolate Bis Oreo - Lacta.', '1.00', 0, 'files/produto/1111_1585203743.jpg', 1, '999999999', '2020-03-26 06:22:23', '2020-03-26 06:22:23', 34, 1, 0, 205, 0, 0),
(1112, 333, 209, 'Cozinha', 'Comida', 'Wafer recheado com cobertura sabor chocolate 126g', 'Wafer recheado com cobertura sabor chocolate.', '1.00', 0, 'files/produto/1112_1585204064.jpg', 1, '999999999', '2020-03-26 06:27:44', '2020-03-26 06:27:44', 34, 1, 0, 205, 0, 0),
(1113, 333, 209, 'Cozinha', 'Comida', 'Geleia Predilecta Ameixa 230g', 'Geleia Predilecta Ameixa.', '1.00', 0, 'files/produto/1113_1585204262.jpg', 1, '999999999', '2020-03-26 06:31:02', '2020-03-26 06:31:02', 34, 1, 0, 205, 0, 0),
(1114, 333, 209, 'Cozinha', 'Comida', 'Ameixa valor em caldas 150g', 'Ameixa valor em caldas.', '1.00', 0, 'files/produto/1114_1585204450.jpg', 1, '999999999', '2020-03-26 06:34:10', '2020-03-26 06:34:10', 34, 1, 0, 206, 0, 0),
(1115, 333, 209, 'Cozinha', 'Comida', 'Leite de Coco Isis 500ml', 'Leite de Coco Isis.', '1.00', 0, 'files/produto/1115_1585204571.jpg', 1, '999999999', '2020-03-26 06:36:11', '2020-03-26 06:36:11', 34, 1, 0, 205, 0, 0),
(1116, 333, 209, 'Cozinha', 'Comida', 'Leite de Coco Menina 200ml', 'Leite de Coco Menina.', '1.00', 0, 'files/produto/1116_1585204777.jpg', 1, '999999999', '2020-03-26 06:39:37', '2020-03-26 06:39:37', 34, 1, 0, 205, 0, 0),
(1117, 333, 209, 'Cozinha', 'Comida', 'Macarrão de Arroz Espaguete Sem Glúten Urbano 500g', 'Macarrão de Arroz Espaguete Sem Glúten Urbano.', '1.00', 0, 'files/produto/1117_1585204992.jpg', 1, '999999999', '2020-03-26 06:43:12', '2020-03-26 06:43:12', 34, 1, 0, 205, 0, 0),
(1118, 333, 209, 'Cozinha', 'Comida', 'Macarrão espaguete fortaleza 500g', 'Macarrão espaguete fortaleza.', '1.00', 0, 'files/produto/1118_1585205151.jpg', 1, '999999999', '2020-03-26 06:45:51', '2020-03-26 06:45:51', 34, 1, 0, 205, 0, 0),
(1119, 333, 209, 'Cozinha', 'Comida', 'Massa de Arroz e Feijão Preto Espaguete 500g – Urbano', 'Massa de Arroz e Feijão Preto Espaguete.', '1.00', 0, 'files/produto/1119_1585205481.jpg', 1, '999999999', '2020-03-26 06:51:21', '2020-03-26 06:51:21', 34, 1, 0, 205, 0, 0),
(1120, 333, 209, 'Cozinha', 'Comida', 'Macarrão espaguete richester sêmola 500g', 'Macarrão espaguete richester.', '1.00', 0, 'files/produto/1120_1585205634.jpg', 1, '999999999', '2020-03-26 06:53:54', '2020-03-26 06:53:54', 34, 1, 0, 205, 0, 0),
(1121, 333, 209, 'Cozinha', 'Comida', 'Leite longa vida semi betânia zero lactose 1L', 'Leite longa vida semi betânia zero lactose 1L.', '1.00', 0, 'files/produto/1121_1585205786.jpg', 1, '999999999', '2020-03-26 06:56:26', '2020-03-26 06:56:26', 34, 1, 0, 205, 0, 0),
(1122, 333, 209, 'Cozinha', 'Comida', 'Leite Longa Vida Betânia Integral 1L', 'Leite Longa Vida Betânia Integral.', '1.00', 0, 'files/produto/1122_1585205947.jpg', 1, '999999999', '2020-03-26 06:59:07', '2020-03-26 06:59:07', 34, 1, 0, 205, 0, 0),
(1123, 333, 209, 'Cozinha', 'Comida', 'Leite integral Jaguaribe 1L', 'Leite integral Jaguaribe.', '1.00', 0, 'files/produto/1123_1585207457.jpg', 1, '999999999', '2020-03-26 07:24:17', '2020-03-26 07:24:17', 34, 1, 0, 205, 0, 0),
(1124, 333, 209, 'Cozinha', 'Comida', 'Leite integral Maranguape 1L', 'Leite integral Maranguape.', '1.00', 0, 'files/produto/1124_1585207515.jpg', 1, '999999999', '2020-03-26 07:25:15', '2020-03-26 07:25:15', 34, 1, 0, 205, 0, 0),
(1125, 333, 209, 'Cozinha', 'Comida', 'Macarrão espaguete tradicional Predilleto  500g', 'Macarrão espaguete tradicional Predilleto.', '1.00', 0, 'files/produto/1125_1585207612.jpg', 1, '999999999', '2020-03-26 07:26:52', '2020-03-26 07:26:52', 34, 1, 0, 205, 0, 0),
(1126, 333, 209, 'Cozinha', 'Comida', ' Leite ninho em Pó Integral Instantâneo Nestlé  800g', 'Leite em Pó Integral Instantâneo.', '1.00', 0, 'files/produto/1126_1585207807.jpg', 1, '999999999', '2020-03-26 07:30:07', '2020-03-26 07:36:17', 34, 1, 0, 205, 0, 0),
(1127, 333, 209, 'Cozinha', 'Comida', 'Leite em Pó Integral Nestlé Ninho 800g', 'Leite em Pó Integral Nestlé Ninho.', '1.00', 0, 'files/produto/1127_1585207933.jpg', 1, '999999999', '2020-03-26 07:32:13', '2020-03-26 07:32:13', 34, 1, 0, 205, 0, 0),
(1128, 333, 209, 'Cozinha', 'Comida', 'Leite em pó Integral betânia 800g', 'Leite em pó Integral betânia.', '1.00', 0, 'files/produto/1128_1585208563.jpg', 1, '999999999', '2020-03-26 07:42:43', '2020-03-26 07:42:43', 34, 1, 0, 205, 0, 0),
(1129, 333, 209, 'Cozinha', 'Comida', 'Leite em pó Integral betânia 800g', 'Leite em pó Integral betânia.', '1.00', 0, 'files/produto/1129_1585208568.jpg', 1, '999999999', '2020-03-26 07:42:48', '2020-03-26 07:42:48', 34, 1, 0, 205, 0, 0),
(1130, 333, 209, 'Cozinha', 'Comida', 'Lácteo NINHO Fases 1+ com Prébio 1 Nestlé Lata 800g', 'Composto lácteo com óleos vegetais e fibras.', '1.00', 0, 'files/produto/1130_1585271286.jpg', 1, '999999999', '2020-03-27 01:08:06', '2020-03-27 01:08:06', 34, 1, 0, 205, 0, 0),
(1131, 333, 209, 'Cozinha', 'Comida', 'Leite em Pó Zero Lactose Ninho Forti+ Nestlé 380g', 'Leite em Pó Zero Lactose Ninho.', '1.00', 0, 'files/produto/1131_1585273721.jpg', 1, '999999999', '2020-03-27 01:39:09', '2020-03-27 01:48:41', 34, 1, 0, 205, 0, 0),
(1132, 333, 224, 'Cozinha', 'Comida', 'Creme Dental Colgate 90g Tripla Acao Hortela', 'Creme Dental Colgate.', '3.10', 0, 'files/produto/1132_1585274619.jpg', 1, '999999999', '2020-03-27 02:03:39', '2020-03-27 02:06:00', 34, 1, 0, 218, 0, 0),
(1133, 333, 224, 'Cozinha', 'Comida', 'Creme Dental Colgate Total 12 Whitening Menta 90g', 'Creme Dental Colgate.', '5.90', 0, 'files/produto/1133_1585276800.jpg', 1, '999999999', '2020-03-27 02:40:00', '2020-03-27 03:03:04', 34, 1, 0, 218, 0, 0),
(1134, 333, 224, 'Cozinha', 'Comida', 'Creme Dental Sorriso Dentes Brancos 180g', 'Creme Dental Sorriso.', '4.20', 0, 'files/produto/1134_1585277048.jpg', 1, '999999999', '2020-03-27 02:44:08', '2020-03-27 02:44:08', 34, 1, 0, 218, 0, 0),
(1135, 333, 224, 'Cozinha', 'Comida', 'Creme Dental Sorriso Dentes Brancos 90g', 'Creme Dental Sorriso.', '2.60', 0, 'files/produto/1135_1585277274.jpg', 1, '999999999', '2020-03-27 02:47:54', '2020-03-27 02:47:54', 34, 1, 0, 218, 0, 0),
(1136, 333, 224, 'Cozinha', 'Comida', 'Creme Dental Oral-B 123 Anti Cáries Menta Suave 70g', 'Creme Dental Oral-B 123 Anti Cáries.', '1.80', 0, 'files/produto/1136_1585278148.jpg', 1, '999999999', '2020-03-27 03:02:28', '2020-03-27 03:02:28', 34, 1, 0, 218, 0, 0),
(1137, 333, 224, 'Cozinha', 'Comida', 'Tintura Cor e Ton Creme 12.111 Louro Super Platinado', 'Proporciona aos cabelos cores vivas, luminosas e duradouras.\r\n', '9.85', 0, 'files/produto/1137_1585359897.jpg', 1, '999999999', '2020-03-28 01:44:57', '2020-03-28 01:44:57', 34, 1, 0, 218, 0, 0),
(1138, 333, 224, 'Cozinha', 'Comida', 'Tintura Cor e Ton Creme 8.0 Louro Claro', 'Proporciona aos cabelos cores vivas, luminosas e duradouras.', '9.85', 0, 'files/produto/1138_1585360470.jpg', 1, '999999999', '2020-03-28 01:54:30', '2020-03-28 01:54:30', 34, 1, 0, 218, 0, 0),
(1139, 333, 224, 'Cozinha', 'Comida', 'Tintura Cor e Ton Creme 7.7 Marrom Dourado', 'Proporciona aos cabelos cores vivas, luminosas e duradouras.', '9.85', 0, 'files/produto/1139_1585361625.jpg', 1, '999999999', '2020-03-28 02:13:45', '2020-03-28 02:13:45', 34, 1, 0, 218, 0, 0),
(1140, 333, 224, 'Cozinha', 'Comida', 'Tintura Cor e Ton Creme 7.777 Louro Marrom Intenso', 'Proporciona aos cabelos cores vivas, luminosas e duradouras.\r\n', '9.85', 0, 'files/produto/1140_1585361935.jpg', 1, '999999999', '2020-03-28 02:18:55', '2020-03-28 02:18:55', 34, 1, 0, 218, 0, 0),
(1141, 333, 224, 'Cozinha', 'Comida', 'Tintura Cor e Ton Creme 7.1 Louro Cinza Médio', 'Proporciona aos cabelos cores vivas, luminosas e duradouras.', '9.85', 0, 'files/produto/1141_1585362414.jpg', 1, '999999999', '2020-03-28 02:26:54', '2020-03-28 02:26:54', 34, 1, 0, 218, 0, 0),
(1142, 333, 224, 'Cozinha', 'Comida', 'Tintura Cor e Ton Creme 7.0 Louro Médio', 'Proporciona aos cabelos cores vivas, luminosas e duradouras.', '9.85', 0, 'files/produto/1142_1585363911.jpg', 1, '999999999', '2020-03-28 02:51:51', '2020-03-28 02:51:51', 34, 1, 0, 218, 0, 0),
(1143, 333, 224, 'Cozinha', 'Comida', 'Tintura Cor e Ton Creme 6.7 Chocolate', 'Proporciona aos cabelos cores vivas, luminosas e duradouras.', '9.85', 0, 'files/produto/1143_1585364557.jpg', 1, '999999999', '2020-03-28 03:02:37', '2020-03-28 03:02:37', 34, 1, 0, 218, 0, 0),
(1144, 333, 224, 'Cozinha', 'Comida', 'Tintura Cor e Ton Creme 6.646 Vermelho Cereja', 'Proporciona aos cabelos cores vivas, luminosas e duradouras.', '9.85', 0, 'files/produto/1144_1585364742.jpg', 1, '999999999', '2020-03-28 03:05:42', '2020-03-28 03:05:42', 34, 1, 0, 218, 0, 0),
(1145, 333, 224, 'Cozinha', 'Comida', 'Tintura Cor e Ton Creme 6.5 Acaju', 'Proporciona aos cabelos cores vivas, luminosas e duradouras.', '9.85', 0, 'files/produto/1145_1585365002.jpg', 1, '999999999', '2020-03-28 03:10:02', '2020-03-28 03:10:02', 34, 1, 0, 218, 0, 0),
(1146, 333, 224, 'Cozinha', 'Comida', 'Tintura Cor e Ton Creme 6.0 Louro Escuro', 'Proporciona aos cabelos cores vivas, luminosas e duradouras.', '9.85', 0, 'files/produto/1146_1585365288.jpg', 1, '999999999', '2020-03-28 03:14:48', '2020-03-28 03:14:48', 34, 1, 0, 218, 0, 0),
(1147, 333, 224, 'Cozinha', 'Comida', 'Tintura Cor e Ton Creme 5.0 Castanho Claro', 'Proporciona aos cabelos cores vivas, luminosas e duradouras.', '9.85', 0, 'files/produto/1147_1585365645.jpg', 1, '999999999', '2020-03-28 03:20:45', '2020-03-28 03:20:45', 34, 1, 0, 218, 0, 0),
(1148, 333, 224, 'Cozinha', 'Comida', 'Tintura Cor e Ton Creme 4.0 Castanho Médio', 'Proporciona aos cabelos cores vivas, luminosas e duradouras.', '9.85', 0, 'files/produto/1148_1585365946.jpg', 1, '999999999', '2020-03-28 03:25:46', '2020-03-28 03:25:46', 34, 1, 0, 218, 0, 0),
(1149, 333, 224, 'Cozinha', 'Comida', 'Tintura Cor e Ton Creme 3.0 Castanho Escuro', 'Proporciona aos cabelos cores vivas, luminosas e duradouras.', '9.85', 0, 'files/produto/1149_1585366120.jpg', 1, '999999999', '2020-03-28 03:28:40', '2020-03-28 03:28:40', 34, 1, 0, 218, 0, 0),
(1150, 333, 224, 'Cozinha', 'Comida', 'Tintura Cor e Ton Creme 2.0 Preto', 'Proporciona aos cabelos cores vivas, luminosas e duradouras.', '9.85', 0, 'files/produto/1150_1585366262.jpg', 1, '999999999', '2020-03-28 03:31:02', '2020-03-28 03:31:02', 34, 1, 0, 218, 0, 0),
(1151, 333, 224, 'Cozinha', 'Comida', 'Tintura Cor e Ton Creme 1.0 Preto Azulado', 'Proporciona aos cabelos cores vivas, luminosas e duradouras.', '9.85', 0, 'files/produto/1151_1585366450.jpg', 1, '999999999', '2020-03-28 03:34:10', '2020-03-28 03:34:10', 34, 1, 0, 218, 0, 0),
(1152, 333, 224, 'Cozinha', 'Comida', 'Origem Now Kit Alisamento Mel e Amêndoas 80g', 'O Creme Alisante Origem Now possui uma fórmula exclusiva, especialmente desenvolvida para transformar seus cabelos do jeito que você sempre desejou.', '9.00', 0, 'files/produto/1152_1585369385.jpg', 1, '999999999', '2020-03-28 04:23:05', '2020-03-28 04:23:05', 34, 1, 0, 218, 0, 0),
(1153, 333, 224, 'Cozinha', 'Comida', 'Shampoo Tresemmé Reconstrução e Força - 400ml', 'o shampoo restaura e fortalece o cabelo que ajuda a evitar fios quebradiços, ao mesmo tempo em que desembaraça e deixa o cabelo mais fácil de pentear.', '14.90', 0, 'files/produto/1153_1585370213.jpg', 1, '999999999', '2020-03-28 04:36:53', '2020-03-28 04:36:53', 34, 1, 0, 218, 0, 0),
(1154, 333, 224, 'Cozinha', 'Comida', 'Shampoo Tresemmé Liso E Keratina 400ml', 'O Shampoo Tresemmé Liso e Keratina 400ml é ideal para quem já possui cabelos.', '14.90', 0, 'files/produto/1154_1585370590.jpg', 1, '999999999', '2020-03-28 04:43:10', '2020-03-28 04:43:10', 34, 1, 0, 218, 0, 0);

-- --------------------------------------------------------

--
-- Estrutura para tabela `produto_valores`
--

CREATE TABLE `produto_valores` (
  `id` bigint(20) UNSIGNED NOT NULL,
  `id_produto` int(11) NOT NULL,
  `id_tamanho` int(10) UNSIGNED DEFAULT NULL,
  `valor` float(8,2) NOT NULL,
  `id_update_user` int(10) UNSIGNED DEFAULT NULL
) ENGINE=InnoDB DEFAULT CHARSET=utf8mb4;

--
-- Fazendo dump de dados para tabela `produto_valores`
--

INSERT INTO `produto_valores` (`id`, `id_produto`, `id_tamanho`, `valor`, `id_update_user`) VALUES
(13, 98, 1, 15.00, 2),
(14, 98, 2, 20.90, 2),
(15, 98, 3, 30.00, 2),
(16, 98, 4, 35.00, 2),
(17, 391, 1, 14.90, 27),
(18, 391, 2, 19.90, 27),
(19, 391, 3, 26.90, 27),
(20, 389, 1, 9.90, 27),
(21, 389, 2, 12.90, 27),
(22, 389, 3, 16.90, 27),
(23, 390, 1, 8.90, 27),
(24, 390, 2, 11.90, 27),
(25, 390, 3, 14.90, 27),
(26, 392, 1, 9.90, 27),
(27, 392, 2, 10.90, 27),
(28, 392, 3, 14.90, 27),
(30, 394, 2, 12.90, 27),
(31, 394, 3, 16.90, 27),
(32, 396, 2, 45.00, 4),
(33, 414, 5, 10.00, 32),
(34, 417, 5, 10.00, 32),
(35, 421, 3, 30.00, NULL),
(39, 426, 3, 30.00, NULL),
(40, 422, 3, 25.00, NULL),
(41, 423, 3, 25.00, NULL),
(42, 427, 3, 30.00, NULL),
(43, 429, 3, 30.00, NULL),
(44, 430, 3, 25.00, NULL),
(45, 431, 3, 25.00, NULL),
(46, 432, 3, 25.00, NULL),
(47, 433, 3, 30.00, NULL),
(48, 437, 1, 9.90, NULL),
(49, 437, 2, 12.90, NULL),
(50, 437, 3, 16.90, NULL),
(51, 436, 1, 14.90, NULL),
(52, 436, 2, 19.90, NULL),
(53, 436, 3, 16.90, NULL),
(55, 438, 2, 18.00, 32),
(56, 438, 3, 22.00, 32),
(57, 439, 3, 25.00, 32),
(58, 440, 3, 25.00, 32),
(59, 441, 3, 25.00, 32),
(60, 442, 3, 25.00, 32),
(61, 483, 3, 30.00, NULL),
(63, 485, 3, 27.00, 33),
(64, 486, 3, 27.00, 33),
(65, 484, 3, 30.00, 33);

-- --------------------------------------------------------

--
-- Estrutura para tabela `reportar`
--

CREATE TABLE `reportar` (
  `id` int(11) NOT NULL,
  `id_loja` int(11) DEFAULT NULL,
  `assunto` varchar(255) DEFAULT NULL,
  `descricao` text,
  `comentario` text,
  `situacao` varchar(255) DEFAULT NULL,
  `imagem` varchar(255) DEFAULT 'assets/img/avatar.jpg',
  `data_cadastro` timestamp NOT NULL DEFAULT CURRENT_TIMESTAMP,
  `data_alteracao` timestamp NULL DEFAULT NULL ON UPDATE CURRENT_TIMESTAMP,
  `id_update_user` int(11) DEFAULT NULL,
  `status` tinyint(1) NOT NULL DEFAULT '1'
) ENGINE=InnoDB DEFAULT CHARSET=utf8;

-- --------------------------------------------------------

--
-- Estrutura para tabela `segmento`
--

CREATE TABLE `segmento` (
  `id` int(11) NOT NULL,
  `segmento` varchar(255) DEFAULT NULL,
  `imagem` varchar(255) DEFAULT NULL,
  `ordem` tinyint(3) DEFAULT NULL,
  `destaque` tinyint(1) DEFAULT '0',
  `data_cadastro` timestamp NOT NULL DEFAULT CURRENT_TIMESTAMP,
  `data_alteracao` timestamp NULL DEFAULT NULL ON UPDATE CURRENT_TIMESTAMP,
  `id_update_user` int(11) DEFAULT NULL,
  `status` tinyint(1) NOT NULL DEFAULT '1'
) ENGINE=InnoDB DEFAULT CHARSET=utf8;

--
-- Fazendo dump de dados para tabela `segmento`
--

INSERT INTO `segmento` (`id`, `segmento`, `imagem`, `ordem`, `destaque`, `data_cadastro`, `data_alteracao`, `id_update_user`, `status`) VALUES
(3, 'Espetinhos', 'files/segmento/3_1561244688.png', 15, 1, '2018-08-23 17:53:00', '2020-02-18 22:50:08', 2, 1),
(4, 'Pizzas', 'files/segmento/4_1565911960.png', 2, 1, '2018-08-23 18:48:39', '2020-02-18 22:49:46', 2, 1),
(5, 'Sanduíches ', 'files/segmento/5_1565911947.png', 5, 1, '2018-08-23 18:48:46', '2020-02-18 22:49:46', 2, 1),
(6, 'Churrascarias', 'files/segmento/6_1565907574.png', 73, 1, '2018-08-24 00:23:53', '2020-02-18 22:49:31', 2, 1),
(7, 'Oriental', 'files/segmento/7_1561244616.png', 4, 1, '2018-08-24 15:04:07', '2020-02-18 22:49:46', 2, 1),
(8, 'Restaurantes', 'files/segmento/8_1561244430.png', 16, 1, '2018-08-24 15:04:07', '2020-02-18 22:50:08', 2, 1),
(9, 'Bolos e Doces', 'files/segmento/9_1561244583.png', 8, 1, '2018-09-06 23:30:55', '2020-02-18 22:49:46', 2, 1),
(10, 'Sorveterias', 'files/segmento/10_1561244602.png', 6, 1, '2018-09-07 23:19:32', '2020-02-18 22:49:46', 2, 1),
(11, 'Bares', 'files/segmento/11_1565905658.png', 11, 1, '2018-09-08 01:55:55', '2020-02-18 22:50:08', 2, 1),
(12, 'Panificadoras', 'files/segmento/12_1565909289.png', 9, 1, '2018-09-08 02:36:29', '2020-02-18 22:50:01', 2, 1),
(13, 'Pastel', 'files/segmento/13_1565910455.png', 13, 1, '2018-09-08 12:13:17', '2020-02-18 22:50:08', 2, 1),
(14, 'Açaí', 'files/segmento/14_1561244569.png', 3, 1, '2018-09-20 12:41:05', '2020-02-18 22:49:46', 2, 1),
(16, 'Ver Todos', 'files/segmento/16_1565818539.png', 0, 1, '2018-09-23 01:04:59', '2020-02-06 17:04:41', 2, 1),
(17, 'Mercado', 'files/segmento/17_1580681252.png', 12, 1, '2018-09-23 14:24:29', '2020-02-18 22:50:08', 2, 1),
(18, 'Óticas', 'files/segmento/18_1564768678.png', 95, 1, '2019-08-02 10:02:23', '2020-02-18 22:49:31', 2, 1),
(22, 'Lan House', 'files/segmento/22_1580681827.png', 71, 1, '2019-08-14 21:59:41', '2020-02-18 22:49:31', 2, 1),
(31, 'Cursos', 'files/segmento/31_1569610790.png', 52, 1, '2019-08-16 04:51:26', '2020-02-18 22:49:31', 2, 1),
(42, 'Crepes', 'files/segmento/42_1569609817.png', 14, 1, '2019-08-16 14:13:52', '2020-02-18 22:50:08', 2, 1),
(47, 'Telefonia', 'files/segmento/47_1580960562.png', 76, 1, '2019-08-16 17:30:08', '2020-02-18 22:49:31', 2, 1),
(80, 'Laboratórios', 'files/segmento/80_1569610933.png', 53, 1, '2019-08-17 18:43:39', '2020-02-18 22:49:31', 2, 1),
(82, 'Publicidade', 'files/segmento/82_1580787620.png', 77, 1, '2019-08-17 18:48:47', '2020-02-18 22:49:31', 2, 1),
(83, 'Festas e Eventos', 'files/segmento/83_1569626542.png', 80, 1, '2019-08-17 19:33:24', '2020-02-18 22:49:31', 2, 1),
(84, 'Lavanderias', 'files/segmento/84_1580964595.png', 83, 1, '2019-08-17 19:40:39', '2020-02-18 22:49:31', 2, 1),
(85, 'Distribuidor', 'files/segmento/85_1580964707.png', 85, 1, '2019-08-17 20:30:34', '2020-02-18 22:49:31', 2, 1),
(86, 'Gráficas', 'files/segmento/86_1580964983.png', 79, 1, '2019-08-18 03:41:19', '2020-02-18 22:49:31', 2, 1),
(87, 'Boutiques', 'files/segmento/87_1580967741.png', 87, 1, '2019-08-18 18:46:22', '2020-02-18 22:49:31', 2, 1),
(89, 'Artesanatos', 'files/segmento/89_1580965741.png', 89, 1, '2019-08-18 18:48:28', '2020-02-18 22:49:31', 2, 1),
(90, 'Barbearias', 'files/segmento/90_1569610620.png', 45, 1, '2019-08-18 18:48:44', '2020-02-18 22:49:31', 2, 1),
(92, 'Energia Solar', 'files/segmento/92_1569626618.png', 82, 1, '2019-08-18 18:50:04', '2020-02-18 22:49:31', 2, 1),
(93, 'Escolas Técnicas', 'files/segmento/93_1580791149.png', 90, 1, '2019-08-18 18:50:21', '2020-02-18 22:49:31', 2, 1),
(94, 'Agropecuária', 'files/segmento/94_1569611448.png', 56, 1, '2019-08-19 12:02:47', '2020-02-18 22:49:31', 2, 1),
(96, 'Bancos', 'files/segmento/96_1580683713.png', 91, 1, '2019-08-19 12:03:37', '2020-02-18 22:49:31', 2, 1),
(97, 'Cabeleireiro(a)', 'files/segmento/97_1569611825.png', 57, 1, '2019-08-19 12:04:21', '2020-02-18 22:49:31', 2, 1),
(98, 'Cestas e Presentes', 'files/segmento/98_1569626800.png', 92, 1, '2019-08-19 12:05:09', '2020-02-18 22:49:31', 2, 1),
(101, 'Estacione', 'files/segmento/101_1569611997.png', 58, 1, '2019-08-19 12:07:09', '2020-02-18 22:49:31', 2, 1),
(103, 'Faculdades', 'files/segmento/103_1580966576.png', 94, 1, '2019-08-19 12:07:34', '2020-02-18 22:49:31', 2, 1),
(107, 'Hospitais', 'files/segmento/107_1569612123.png', 59, 1, '2019-08-19 12:09:26', '2020-02-18 22:49:31', 2, 1),
(108, 'Hotéis', 'files/segmento/108_1569612061.png', 61, 1, '2019-08-19 12:09:36', '2020-02-18 22:49:31', 2, 1),
(109, 'Iluminação', 'files/segmento/109_1580964162.png', 97, 1, '2019-08-19 12:09:48', '2020-02-18 22:49:31', 2, 1),
(111, 'Informática', 'files/segmento/111_1569610867.png', 65, 1, '2019-08-19 12:10:24', '2020-02-18 22:49:31', 2, 1),
(113, 'Lava Jato', 'files/segmento/113_1569611405.png', 67, 1, '2019-08-19 12:11:51', '2020-02-18 22:49:31', 2, 1),
(114, 'Praças', 'files/segmento/114_1580792289.png', 98, 1, '2019-08-19 12:33:46', '2020-02-18 22:49:31', 2, 1),
(115, 'Sensuais', 'files/segmento/115_1569612163.png', 69, 1, '2019-08-19 12:34:14', '2020-02-18 22:49:31', 2, 1),
(117, 'Salões de beleza', 'files/segmento/117_1569612203.png', 72, 1, '2019-08-19 12:34:52', '2020-02-18 22:49:31', 2, 1),
(120, 'Seguradoras', 'files/segmento/120_1580967567.png', 99, 1, '2019-08-19 12:35:47', '2020-02-18 22:49:31', 2, 1),
(125, 'Transportes', 'files/segmento/125_1569627247.png', 30, 1, '2019-08-19 12:38:32', '2020-02-18 22:49:31', 2, 1),
(126, 'Veículos', 'files/segmento/126_1569627354.png', 32, 1, '2019-08-19 12:38:47', '2020-02-18 22:49:31', 2, 1),
(127, 'Vidraçarias', 'files/segmento/127_1580934110.png', 100, 1, '2019-08-19 12:39:02', '2020-02-18 22:49:31', 2, 1),
(129, 'Segurança', 'files/segmento/129_1569627159.png', 103, 1, '2019-08-21 03:43:12', '2020-02-18 22:49:31', 2, 1),
(130, 'Portões', 'files/segmento/130_1580966851.png', 104, 1, '2019-08-21 03:45:01', '2020-02-18 22:49:31', 2, 1),
(131, 'Água e Gás', 'files/segmento/131_1569627821.png', 10, 1, '2019-08-21 03:55:14', '2020-02-18 22:50:01', 2, 1),
(132, 'Auto Escola', 'files/segmento/132_1569627398.png', 105, 1, '2019-08-21 19:27:24', '2020-02-18 22:49:31', 2, 1),
(133, 'Transportadoras', 'files/segmento/133_1580682874.png', 106, 1, '2019-08-30 05:55:36', '2020-02-18 22:49:31', 2, 1),
(136, 'Construção', 'files/segmento/136_1569612289.png', 70, 1, '2019-09-05 05:01:58', '2020-02-18 22:49:31', NULL, 1),
(138, 'Petshops', 'files/segmento/138_1569610483.png', 93, 1, '2019-09-27 18:51:28', '2020-02-18 22:49:31', 2, 1),
(139, 'Academias', 'files/segmento/139_1580359755.png', 66, 1, '2019-10-06 18:46:57', '2020-02-18 22:49:31', 2, 1),
(140, 'Peças e Acessórios ', 'files/segmento/140_1580683002.png', 74, 1, '2019-10-08 00:15:33', '2020-02-18 22:49:31', 2, 1),
(141, 'Moto-táxis', 'files/segmento/141_1580678781.png', 81, 1, '2020-01-21 21:36:49', '2020-02-18 22:49:31', 2, 1),
(142, 'Combustíveis', 'files/segmento/142_1579651664.png', 88, 1, '2020-01-22 00:07:44', '2020-02-18 22:49:31', 2, 1),
(143, 'Clínicas Veterinárias', 'files/segmento/143_1580933748.png', 64, 1, '2020-01-22 21:00:05', '2020-02-18 22:49:31', 2, 1),
(144, 'Decorações', 'files/segmento/144_1580360060.png', 68, 1, '2020-01-23 01:19:02', '2020-02-18 22:49:31', 2, 1),
(145, 'Farmácias', 'files/segmento/145_1580357346.png', 63, 1, '2020-01-23 04:15:50', '2020-02-18 22:49:31', 2, 1),
(146, 'Cosméticos', 'files/segmento/146_1580359952.png', 75, 1, '2020-01-23 04:44:25', '2020-02-18 22:49:31', 2, 1),
(147, 'Clinicas', 'files/segmento/147_1580357031.png', 78, 1, '2020-01-29 04:21:18', '2020-02-18 22:49:31', 2, 1),
(148, 'Ongs', 'files/segmento/148_1580359570.png', 84, 1, '2020-01-29 04:35:25', '2020-02-18 22:49:31', 2, 1),
(149, 'Internet', 'files/segmento/149_1580361215.png', 86, 1, '2020-01-29 04:54:10', '2020-02-18 22:49:31', 2, 1),
(150, 'Guinchos', 'files/segmento/150_1580682890.png', 21, 1, '2020-02-01 05:41:55', '2020-02-18 22:49:31', 2, 1),
(151, 'Locação de veículos', 'files/segmento/151_1580539826.png', 23, 1, '2020-02-01 05:42:18', '2020-02-18 22:49:31', 2, 1),
(152, 'Frigorificos', 'files/segmento/152_1580539370.png', 17, 1, '2020-02-01 06:12:25', '2020-02-18 22:50:10', 2, 1),
(153, 'Funilarias', 'files/segmento/153_1580540082.png', 25, 1, '2020-02-01 06:12:59', '2020-02-18 22:49:31', 2, 1),
(154, 'Borracharias', 'files/segmento/154_1580539088.png', 26, 1, '2020-02-01 06:13:54', '2020-02-18 22:49:31', 2, 1),
(155, 'Oficinas', 'files/segmento/155_1580539115.png', 27, 1, '2020-02-01 06:14:27', '2020-02-18 22:49:31', 2, 1),
(156, 'Ônibus', 'files/segmento/156_1580539143.png', 31, 1, '2020-02-01 06:15:37', '2020-02-18 22:49:31', 2, 1),
(157, 'Locação de Máquinas', 'files/segmento/157_1580539960.png', 29, 1, '2020-02-01 06:50:09', '2020-02-18 22:49:31', 2, 1),
(158, 'Tratores e implementos', 'files/segmento/158_1580681923.png', 33, 1, '2020-02-02 00:08:07', '2020-02-18 22:49:31', 2, 1),
(159, 'Motos', 'files/segmento/159_1580678724.png', 22, 1, '2020-02-02 06:43:31', '2020-02-18 22:49:31', 2, 1),
(160, 'Bicicletas', 'files/segmento/160_1580678802.png', 24, 1, '2020-02-02 06:44:06', '2020-02-18 22:49:31', 2, 1),
(161, 'Manicure', 'files/segmento/161_1580788452.png', 34, 1, '2020-02-04 03:54:12', '2020-02-18 22:49:31', 2, 1),
(162, 'Depilação', 'files/segmento/162_1580965839.png', 35, 1, '2020-02-04 04:02:20', '2020-02-18 22:49:31', 2, 1),
(163, 'Sobrancelhas', 'files/segmento/163_1580790525.png', 36, 1, '2020-02-04 04:08:08', '2020-02-18 22:49:31', 2, 1),
(164, 'Maquiagem', 'files/segmento/164_1580790662.png', 37, 1, '2020-02-04 04:31:02', '2020-02-18 22:49:31', 2, 1),
(165, 'Estádio', 'files/segmento/165_1580966210.png', 38, 1, '2020-02-04 04:41:32', '2020-02-18 22:49:31', 2, 1),
(166, 'Protético', 'files/segmento/166_1580793118.png', 39, 1, '2020-02-04 05:11:58', '2020-02-18 22:49:31', 2, 1),
(167, 'Artes marciais', 'files/segmento/167_1580793289.png', 40, 1, '2020-02-04 05:14:49', '2020-02-18 22:49:31', 2, 1),
(168, 'Moda masculina', 'files/segmento/168_1580793526.png', 42, 1, '2020-02-04 05:18:46', '2020-02-18 22:49:31', 2, 1),
(169, 'Moda feminina', 'files/segmento/169_1580793762.png', 41, 1, '2020-02-04 05:22:42', '2020-02-18 22:49:31', 2, 1),
(170, 'Moda infantil', 'files/segmento/170_1580794092.png', 43, 1, '2020-02-04 05:28:12', '2020-02-18 22:49:31', 2, 1),
(171, 'Calçados', 'files/segmento/171_1580794316.png', 46, 1, '2020-02-04 05:31:56', '2020-02-18 22:49:31', 2, 1),
(172, 'Moda íntima ', 'files/segmento/172_1580960871.png', 44, 1, '2020-02-04 05:40:45', '2020-02-18 22:49:31', 2, 1),
(173, 'Massagem', 'files/segmento/173_1580795558.png', 47, 1, '2020-02-04 05:52:38', '2020-02-18 22:49:31', 2, 1),
(174, 'Tatuagem', 'files/segmento/174_1580795851.png', 48, 1, '2020-02-04 05:57:31', '2020-02-18 22:49:31', 2, 1),
(175, 'Móveis', 'files/segmento/175_1580797385.png', 49, 1, '2020-02-04 06:23:05', '2020-02-18 22:49:31', 2, 1),
(176, 'Ortopédicos', 'files/segmento/176_1580797841.png', 50, 1, '2020-02-04 06:30:41', '2020-02-18 22:49:31', 2, 1),
(177, 'Turismo', 'files/segmento/177_1580798694.png', 28, 1, '2020-02-04 06:44:54', '2020-02-18 22:49:31', 2, 1),
(178, 'Refrigeração', 'files/segmento/178_1580960204.png', 51, 1, '2020-02-06 03:36:44', '2020-02-18 22:49:31', 2, 1),
(179, 'Celular e acessórios', 'files/segmento/179_1580960683.png', 54, 1, '2020-02-06 03:44:43', '2020-02-18 22:49:31', 2, 1),
(180, 'Funerária', 'files/segmento/180_1580961028.png', 96, 1, '2020-02-06 03:50:28', '2020-02-18 22:49:31', 2, 1),
(181, 'Igrejas', 'files/segmento/181_1580961142.png', 55, 1, '2020-02-06 03:50:56', '2020-02-18 22:49:31', 2, 1),
(182, 'Cafeteria ', 'files/segmento/182_1580961734.png', 7, 1, '2020-02-06 04:02:14', '2020-02-18 22:49:46', 2, 1),
(183, 'Serviços', 'files/segmento/183_1580962420.png', 1, 1, '2020-02-06 04:13:40', '2020-02-18 22:49:46', 2, 1),
(184, 'Tintas Automotivas', 'files/segmento/184_1580963703.png', 60, 1, '2020-02-06 04:35:03', '2020-02-18 22:49:31', 2, 1),
(185, 'Artigos para bebês ', 'files/segmento/185_1580965544.png', 62, 1, '2020-02-06 05:05:44', '2020-02-18 22:49:31', 2, 1),
(186, 'Floricultura', 'files/segmento/186_1581008451.png', 101, 1, '2020-02-06 17:00:51', '2020-02-18 22:49:31', 2, 1),
(187, 'Piscinas e acessórios', 'files/segmento/187_1581008493.png', 102, 1, '2020-02-06 17:01:33', '2020-02-18 22:49:31', 2, 1),
(188, 'Caça e pesca', 'files/segmento/188_1582066098.png', 20, 1, '2020-02-14 01:07:03', '2020-02-18 22:49:54', 2, 1),
(189, 'Costura e acessórios', 'files/segmento/189_1582066120.png', 18, 1, '2020-02-14 01:19:22', '2020-02-18 22:50:10', 2, 1),
(190, 'Material esportivo', 'files/segmento/190_1582066161.png', 19, 1, '2020-02-14 03:17:58', '2020-02-18 22:50:08', 2, 1),
(191, 'Eletrodomésticos', NULL, NULL, 0, '2020-02-21 05:27:30', NULL, 2, 1);

-- --------------------------------------------------------

--
-- Estrutura para tabela `subcategoria`
--

CREATE TABLE `subcategoria` (
  `id` int(11) NOT NULL,
  `id_loja` int(11) DEFAULT NULL,
  `nome` varchar(255) DEFAULT NULL,
  `data_cadastro` timestamp NOT NULL DEFAULT CURRENT_TIMESTAMP,
  `data_alteracao` timestamp NULL DEFAULT NULL ON UPDATE CURRENT_TIMESTAMP,
  `id_update_user` int(11) DEFAULT NULL,
  `status` tinyint(1) NOT NULL DEFAULT '1'
) ENGINE=InnoDB DEFAULT CHARSET=utf8;

--
-- Fazendo dump de dados para tabela `subcategoria`
--

INSERT INTO `subcategoria` (`id`, `id_loja`, `nome`, `data_cadastro`, `data_alteracao`, `id_update_user`, `status`) VALUES
(110, 182, 'teste', '2019-04-18 21:28:59', NULL, 27, 1),
(111, 5, '2 Sabores', '2019-05-02 14:06:40', NULL, 4, 1),
(112, 5, '1 Sabor', '2019-05-02 14:06:53', NULL, 4, 1),
(123, 256, '1 sabor', '2019-08-31 18:53:54', '2019-08-31 19:40:14', 32, 1),
(124, 256, '2 sabores', '2019-08-31 19:40:21', NULL, 32, 1),
(126, 228, 'Burguer', '2019-09-15 19:54:48', '2019-09-16 18:05:35', 33, 1),
(127, 228, '1 Sabor', '2019-09-15 20:02:38', '2019-09-16 18:04:43', 33, 1),
(128, 228, '2 Sabores', '2019-09-15 20:02:55', '2019-09-16 18:04:53', 33, 1),
(129, 228, '4 Sabores', '2019-09-15 23:24:09', '2019-09-16 18:05:05', 33, 1),
(130, 228, '5 Sabores', '2019-09-16 00:20:14', '2019-09-16 18:05:19', 33, 1),
(189, 308, 'entradas', '2020-03-09 19:25:28', NULL, 36, 1),
(190, 308, 'baiao e arroz', '2020-03-09 19:25:45', '2020-03-09 19:26:07', 36, 1),
(191, 308, 'diversos', '2020-03-09 19:26:18', NULL, 36, 1),
(192, 308, 'espetinhos', '2020-03-09 19:26:27', NULL, 36, 1),
(193, 308, 'carnes na brasa', '2020-03-09 19:26:44', '2020-03-09 19:26:56', 36, 1),
(195, 308, 'sanduíches', '2020-03-09 19:27:45', NULL, 36, 1),
(196, 308, 'sucos e vitaminas', '2020-03-09 19:27:59', NULL, 36, 1),
(197, 308, 'águas', '2020-03-09 19:28:09', NULL, 36, 1),
(198, 308, 'refrigerantes', '2020-03-09 19:28:19', NULL, 36, 1),
(199, 308, 'bebidas quentes', '2020-03-09 19:28:42', NULL, 36, 1),
(200, 308, 'outras bebidas', '2020-03-09 19:28:59', NULL, 36, 1),
(201, 308, 'cocktail - doses', '2020-03-09 19:29:34', NULL, 36, 1),
(202, 308, 'caipirinhas e caipiroscas', '2020-03-09 19:29:54', NULL, 36, 1),
(203, 308, 'cervejas 600ml', '2020-03-09 19:30:24', NULL, 36, 1),
(204, 308, 'long neck', '2020-03-09 19:30:39', NULL, 36, 1),
(205, 333, 'matinais', '2020-03-10 04:57:59', NULL, 2, 1),
(206, 333, 'mercearia', '2020-03-10 04:58:14', NULL, 2, 1),
(207, 333, 'emporium', '2020-03-10 04:58:49', NULL, 2, 1),
(208, 333, 'padaria', '2020-03-10 04:59:04', NULL, 2, 1),
(209, 333, 'orgânicos', '2020-03-10 04:59:47', NULL, 2, 1),
(210, 333, 'hortifrúti', '2020-03-10 05:00:02', NULL, 2, 1),
(211, 333, 'frios e laticínios', '2020-03-10 05:00:32', '2020-03-10 05:00:58', 2, 1),
(212, 333, 'congelados', '2020-03-10 05:01:39', NULL, 2, 1),
(213, 333, 'açougue e peixaria', '2020-03-10 05:02:12', NULL, 2, 1),
(214, 333, 'bebidas', '2020-03-10 05:13:11', NULL, 2, 1),
(215, 333, 'alimentação saudável', '2020-03-10 05:14:01', NULL, 2, 1),
(216, 333, 'utilidades domésticas', '2020-03-10 05:14:31', NULL, 2, 1),
(217, 333, 'limpeza', '2020-03-10 05:14:56', NULL, 2, 1),
(218, 333, 'higiene e beleza', '2020-03-10 05:15:21', NULL, 2, 1),
(219, 333, 'pet shop', '2020-03-10 05:15:46', NULL, 2, 1),
(220, 333, 'Bazar', '2020-03-22 05:38:26', NULL, 34, 1);

-- --------------------------------------------------------

--
-- Estrutura para tabela `tamanhos`
--

CREATE TABLE `tamanhos` (
  `id` int(10) UNSIGNED NOT NULL,
  `nome` varchar(30) NOT NULL,
  `abre` varchar(2) NOT NULL,
  `status` enum('0','1') NOT NULL DEFAULT '1',
  `created_at` timestamp NULL DEFAULT CURRENT_TIMESTAMP,
  `update_at` timestamp NULL DEFAULT NULL ON UPDATE CURRENT_TIMESTAMP,
  `id_update_user` int(11) DEFAULT NULL
) ENGINE=InnoDB DEFAULT CHARSET=utf8mb4;

--
-- Fazendo dump de dados para tabela `tamanhos`
--

INSERT INTO `tamanhos` (`id`, `nome`, `abre`, `status`, `created_at`, `update_at`, `id_update_user`) VALUES
(1, 'Pequena', 'P', '1', '2019-09-23 15:07:44', NULL, NULL),
(2, 'Média', 'M', '1', '2019-09-23 15:07:44', NULL, NULL),
(3, 'Grande', 'G', '1', '2019-09-23 15:07:44', NULL, NULL),
(4, 'Gigante', 'GG', '1', '2019-09-23 15:07:44', NULL, NULL),
(5, 'Família', 'F', '1', '2019-09-23 15:07:44', NULL, NULL);

-- --------------------------------------------------------

--
-- Estrutura para tabela `tipos`
--

CREATE TABLE `tipos` (
  `id` int(10) UNSIGNED NOT NULL,
  `nome` varchar(30) NOT NULL
) ENGINE=InnoDB DEFAULT CHARSET=utf8mb4;

--
-- Fazendo dump de dados para tabela `tipos`
--

INSERT INTO `tipos` (`id`, `nome`) VALUES
(1, 'Doce'),
(2, 'Salgada');

-- --------------------------------------------------------

--
-- Estrutura para tabela `user`
--

CREATE TABLE `user` (
  `id` int(11) NOT NULL,
  `acesso` enum('Administrador','Empresa','Cliente') NOT NULL DEFAULT 'Cliente',
  `id_loja` int(11) DEFAULT NULL,
  `id_onesignal` varchar(255) DEFAULT NULL,
  `nome` varchar(255) NOT NULL,
  `email` varchar(100) DEFAULT NULL,
  `senha` varchar(128) NOT NULL,
  `salt` varchar(128) DEFAULT NULL,
  `telefone` varchar(255) DEFAULT NULL,
  `imagem` varchar(255) DEFAULT 'assets/img/avatar.jpg',
  `session` varchar(255) DEFAULT NULL,
  `data_cadastro` timestamp NOT NULL DEFAULT CURRENT_TIMESTAMP,
  `data_alteracao` timestamp NULL DEFAULT NULL ON UPDATE CURRENT_TIMESTAMP,
  `id_update_user` int(11) DEFAULT NULL,
  `status` tinyint(1) NOT NULL DEFAULT '1',
  `json_estabelecimento` longtext
) ENGINE=InnoDB DEFAULT CHARSET=utf8;

--
-- Fazendo dump de dados para tabela `user`
--

INSERT INTO `user` (`id`, `acesso`, `id_loja`, `id_onesignal`, `nome`, `email`, `senha`, `salt`, `telefone`, `imagem`, `session`, `data_cadastro`, `data_alteracao`, `id_update_user`, `status`, `json_estabelecimento`) VALUES
(2, 'Administrador', 182, NULL, 'Npop', 'contato@npop.com.br', '9ae9458c376ae4e1e0e7a442b17a1683b963bbdfb8d5e3b7eb96d64556b0067bed9fd7d68df406c0390d2a13c0c1ba3e1da803df8b7bba25f055773cbba550e7', 'f102ec601aab8ed41c09dd237d5d7789824ddfb03d5fc381fe5140c086aaea3bdfa7152b4c878e29888d6e9d2d91e3a97e4368e28f36d84c5da6f417cefb5efd', '(41) 9849-79941', 'files/user/2_1565895149.jpg', '0308868001545453182', '2018-08-23 22:53:06', '2019-08-15 18:52:29', 2, 1, ''),
(3, 'Empresa', 3, NULL, 'Johannes', 'jmultimidia@gmail.com', 'a8ba50f1b784ab79f8245094f6ac12451828e65ba090cd869b99a427ad2a8e352d03e5e40a8c5c66637ee846ae05b253123fc9311ab6f0e67f8d047fde5d83e9', '', '(41) 3473-2964', 'files/user/3_1535310916.jpg', NULL, '2018-08-26 19:15:16', '2019-08-08 17:49:55', 2, 1, NULL),
(4, 'Administrador', 130, NULL, 'Rogério', 'rogerio@npop.com.br', 'a8ba50f1b784ab79f8245094f6ac12451828e65ba090cd869b99a427ad2a8e352d03e5e40a8c5c66637ee846ae05b253123fc9311ab6f0e67f8d047fde5d83e9', '', '(41) 9912-97545', 'assets/img/avatar.jpg', NULL, '2018-09-07 22:57:53', '2019-08-08 17:49:57', 2, 1, NULL),
(20, 'Empresa', 55, NULL, 'Alex', 'alex@npop.com.br', 'a8ba50f1b784ab79f8245094f6ac12451828e65ba090cd869b99a427ad2a8e352d03e5e40a8c5c66637ee846ae05b253123fc9311ab6f0e67f8d047fde5d83e9', '1442b0842348768f7436571c2e3114e6ca9159ee199efa8f879a252e0441600a5b3a15f203b555a1c219e70f8dd355149c89ab7f52a6919de277b9d4f54339ad', '(41) 9842-46259', 'assets/img/avatar.jpg', NULL, '2019-02-28 17:25:05', '2019-08-08 18:52:56', 2, 1, NULL),
(29, 'Empresa', 182, NULL, 'Johannes', 'jmultimidia@gmail.com', 'a8ba50f1b784ab79f8245094f6ac12451828e65ba090cd869b99a427ad2a8e352d03e5e40a8c5c66637ee846ae05b253123fc9311ab6f0e67f8d047fde5d83e9', 'f4ead499b72d20d8857511a12c9daa7b8241dbd4b93164e3209a79d836f58f5b4fa38df1daa36fb23e0e185e52fd5f520d3c1dc17efcd6ad71d31c2e077e9bc4', '(88) 9990-65484', 'files/user/29_1561296077.jpg', NULL, '2019-06-23 13:21:17', '2019-08-08 18:58:58', 2, 1, NULL),
(30, 'Empresa', 217, NULL, 'Diniz', 'diniz@npop.com.br', 'a8ba50f1b784ab79f8245094f6ac12451828e65ba090cd869b99a427ad2a8e352d03e5e40a8c5c66637ee846ae05b253123fc9311ab6f0e67f8d047fde5d83e9', '09afee1f8c1017ae18ec0d778b939f082f0acfae16fdbb63a5122137010d896319ebcb780706260014febe34ebbd113f4f2dc17852bac009bda271f83fc82575', '(88) 9999-99999', 'files/user/30_1564769982.jpg', NULL, '2019-08-02 18:19:42', '2019-08-08 18:58:50', 2, 1, NULL),
(32, 'Empresa', 256, '3cf97cd6-50d3-4b4c-8e52-1f73b5f81f53', 'Carlos Roberto', 'simaogames@live.com', 'ba3253876aed6bc22d4a6ff53d8406c6ad864195ed144ab5c87621b6c233b548baeae6956df346ec8c17f5ea10f35ee3cbc514797ed7ddd3145464e2a0bab413', '3fa17af9263663559668bba2df39131a6b753890f0d6c4d77466c2a810b623fe94246376d52347db82d3f009c087a42cce843022def5ab6145c54170ee1e76bd', '(88) 3581-4058', 'assets/img/avatar.jpg', NULL, '2019-08-22 17:11:35', '2019-09-15 18:51:22', 2, 1, ''),
(33, 'Empresa', 228, NULL, 'Rogério Morais', 'simaogames@hotmail.com', 'ba3253876aed6bc22d4a6ff53d8406c6ad864195ed144ab5c87621b6c233b548baeae6956df346ec8c17f5ea10f35ee3cbc514797ed7ddd3145464e2a0bab413', 'a2e220dd2b26c59cf8c40b1522425e98c7a178f60ec9cc25720453f3b671c15d7f24ba4eace554ae5b6d233e8d2896a18978e1fe02c8e2189642cadea0bf1573', '(88) 3581-4058', 'assets/img/avatar.jpg', NULL, '2019-09-15 18:52:01', '2019-09-15 18:53:56', 2, 1, NULL),
(34, 'Empresa', 333, NULL, 'Aquino', 'mercantilaquino@teste.com', 'ba3253876aed6bc22d4a6ff53d8406c6ad864195ed144ab5c87621b6c233b548baeae6956df346ec8c17f5ea10f35ee3cbc514797ed7ddd3145464e2a0bab413', '75e69b1f8d41ce1727017d2e4ed5fe936dd542b7652c7054c44bd0728a58788117a7ec730cef5b7def80a9afbfd6dffdd4f6513c2db82243e08ac3595d9be132', '', 'assets/img/avatar.jpg', NULL, '2019-11-30 13:46:50', NULL, 2, 1, NULL),
(35, 'Empresa', 475, NULL, 'Ramon', 'loboburgers@hotmail.com', 'ba3253876aed6bc22d4a6ff53d8406c6ad864195ed144ab5c87621b6c233b548baeae6956df346ec8c17f5ea10f35ee3cbc514797ed7ddd3145464e2a0bab413', 'dbcd76567fa1996fbf60f67e62dff0fcda2efd56722aa1052dae9ebc0cfa550b6f1e18286fe728a7775beb7636f4403143b98da561aa0e4e5e573dafd8b816f3', '(88) 98871-3232', 'assets/img/avatar.jpg', NULL, '2020-02-29 04:33:53', NULL, 2, 1, NULL),
(36, 'Empresa', 308, NULL, 'Rogerio ', 'rogeriopc01@hotmail.com', '744e96b9d27e9012cae27341175b868b0a3d56abcd0caae42c88171b9ae49434e5e20da8ddec497a42a0aedb4a6528b18f87c6329d7eb6cae3db7dd5835999e8', '0f9600c1e51615c6ed3715815338fded8e421c038bb0bf7be25437b07802085cb22a9be94339bca6387794265ed550f1963d779b740e810755a908073ba0eb00', '', 'assets/img/avatar.jpg', NULL, '2020-03-09 19:03:23', NULL, 2, 1, NULL);

-- --------------------------------------------------------

--
-- Estrutura para tabela `visitas_online`
--

CREATE TABLE `visitas_online` (
  `id` int(10) UNSIGNED NOT NULL,
  `sessao` text,
  `tempo` timestamp NULL DEFAULT NULL,
  `id_update_user` int(11) DEFAULT NULL,
  `ip` varchar(15) DEFAULT NULL
) ENGINE=MyISAM DEFAULT CHARSET=utf8;

--
-- Fazendo dump de dados para tabela `visitas_online`
--

INSERT INTO `visitas_online` (`id`, `sessao`, `tempo`, `id_update_user`, `ip`) VALUES
(7134, 'js6hpmncilah6989m2l49b8hsu', '2020-04-04 14:48:03', 6, '127.0.0.1'),
(7133, '333js6hpmncilah6989m2l49b8hsu', '2020-04-04 14:48:00', 6, '127.0.0.1');

--
-- Índices de tabelas apagadas
--

--
-- Índices de tabela `adicional`
--
ALTER TABLE `adicional`
  ADD PRIMARY KEY (`id`);

--
-- Índices de tabela `adicional_grupo`
--
ALTER TABLE `adicional_grupo`
  ADD PRIMARY KEY (`id`);

--
-- Índices de tabela `adicional_produto`
--
ALTER TABLE `adicional_produto`
  ADD PRIMARY KEY (`id`);

--
-- Índices de tabela `analytics`
--
ALTER TABLE `analytics`
  ADD PRIMARY KEY (`id`),
  ADD KEY `IDX_EAC2E68821BDB235` (`station_id`),
  ADD KEY `search_idx` (`type`,`timestamp`);

--
-- Índices de tabela `api_keys`
--
ALTER TABLE `api_keys`
  ADD PRIMARY KEY (`id`),
  ADD KEY `IDX_9579321FA76ED395` (`user_id`);

--
-- Índices de tabela `bairro`
--
ALTER TABLE `bairro`
  ADD PRIMARY KEY (`id`);

--
-- Índices de tabela `caixa`
--
ALTER TABLE `caixa`
  ADD PRIMARY KEY (`id`);

--
-- Índices de tabela `cardapio`
--
ALTER TABLE `cardapio`
  ADD PRIMARY KEY (`id`);

--
-- Índices de tabela `categoria`
--
ALTER TABLE `categoria`
  ADD PRIMARY KEY (`id`);

--
-- Índices de tabela `cidade`
--
ALTER TABLE `cidade`
  ADD PRIMARY KEY (`id`);

--
-- Índices de tabela `cliente`
--
ALTER TABLE `cliente`
  ADD PRIMARY KEY (`id`);

--
-- Índices de tabela `cliente_favoritos`
--
ALTER TABLE `cliente_favoritos`
  ADD PRIMARY KEY (`id`);

--
-- Índices de tabela `configuracao`
--
ALTER TABLE `configuracao`
  ADD PRIMARY KEY (`id`);

--
-- Índices de tabela `facilidade`
--
ALTER TABLE `facilidade`
  ADD PRIMARY KEY (`id`);

--
-- Índices de tabela `formapagamento`
--
ALTER TABLE `formapagamento`
  ADD PRIMARY KEY (`id`);

--
-- Índices de tabela `loja`
--
ALTER TABLE `loja`
  ADD PRIMARY KEY (`id`),
  ADD KEY `id` (`id`),
  ADD KEY `type` (`type`),
  ADD KEY `status` (`status`),
  ADD KEY `destaque` (`destaque`);

--
-- Índices de tabela `loja_facilidade`
--
ALTER TABLE `loja_facilidade`
  ADD PRIMARY KEY (`id`);

--
-- Índices de tabela `loja_formapagamento`
--
ALTER TABLE `loja_formapagamento`
  ADD PRIMARY KEY (`id`);

--
-- Índices de tabela `loja_frete`
--
ALTER TABLE `loja_frete`
  ADD PRIMARY KEY (`id`);

--
-- Índices de tabela `loja_horario`
--
ALTER TABLE `loja_horario`
  ADD PRIMARY KEY (`id`);

--
-- Índices de tabela `loja_partes`
--
ALTER TABLE `loja_partes`
  ADD UNIQUE KEY `loja_tamanhos_id_loja_IDX` (`id_loja`,`id_tamanho`) USING BTREE;

--
-- Índices de tabela `loja_plano`
--
ALTER TABLE `loja_plano`
  ADD PRIMARY KEY (`id`);

--
-- Índices de tabela `loja_segmento`
--
ALTER TABLE `loja_segmento`
  ADD PRIMARY KEY (`id`);

--
-- Índices de tabela `mod_invoicedata`
--
ALTER TABLE `mod_invoicedata`
  ADD PRIMARY KEY (`id`);

--
-- Índices de tabela `pedido`
--
ALTER TABLE `pedido`
  ADD PRIMARY KEY (`id`);

--
-- Índices de tabela `pedido_produto`
--
ALTER TABLE `pedido_produto`
  ADD PRIMARY KEY (`id`);

--
-- Índices de tabela `plano`
--
ALTER TABLE `plano`
  ADD PRIMARY KEY (`id`),
  ADD UNIQUE KEY `id` (`id`),
  ADD KEY `id_2` (`id`),
  ADD KEY `status` (`status`);

--
-- Índices de tabela `produto`
--
ALTER TABLE `produto`
  ADD PRIMARY KEY (`id`),
  ADD KEY `id_loja` (`id_loja`),
  ADD KEY `id_categoria` (`id_categoria`),
  ADD KEY `tipo` (`tipo`),
  ADD KEY `status` (`status`);

--
-- Índices de tabela `produto_valores`
--
ALTER TABLE `produto_valores`
  ADD PRIMARY KEY (`id`),
  ADD UNIQUE KEY `produto_valores_id_produto_IDX` (`id_produto`,`id_tamanho`) USING BTREE,
  ADD KEY `produto_valores_tamanhos_FK` (`id_tamanho`);

--
-- Índices de tabela `reportar`
--
ALTER TABLE `reportar`
  ADD PRIMARY KEY (`id`);

--
-- Índices de tabela `segmento`
--
ALTER TABLE `segmento`
  ADD PRIMARY KEY (`id`);

--
-- Índices de tabela `subcategoria`
--
ALTER TABLE `subcategoria`
  ADD PRIMARY KEY (`id`);

--
-- Índices de tabela `tamanhos`
--
ALTER TABLE `tamanhos`
  ADD PRIMARY KEY (`id`);

--
-- Índices de tabela `tipos`
--
ALTER TABLE `tipos`
  ADD PRIMARY KEY (`id`);

--
-- Índices de tabela `user`
--
ALTER TABLE `user`
  ADD PRIMARY KEY (`id`);

--
-- Índices de tabela `visitas_online`
--
ALTER TABLE `visitas_online`
  ADD PRIMARY KEY (`id`);

--
-- AUTO_INCREMENT de tabelas apagadas
--

--
-- AUTO_INCREMENT de tabela `adicional`
--
ALTER TABLE `adicional`
  MODIFY `id` int(11) NOT NULL AUTO_INCREMENT, AUTO_INCREMENT=90;
--
-- AUTO_INCREMENT de tabela `adicional_grupo`
--
ALTER TABLE `adicional_grupo`
  MODIFY `id` int(11) NOT NULL AUTO_INCREMENT, AUTO_INCREMENT=97;
--
-- AUTO_INCREMENT de tabela `adicional_produto`
--
ALTER TABLE `adicional_produto`
  MODIFY `id` int(11) NOT NULL AUTO_INCREMENT, AUTO_INCREMENT=685;
--
-- AUTO_INCREMENT de tabela `analytics`
--
ALTER TABLE `analytics`
  MODIFY `id` int(11) NOT NULL AUTO_INCREMENT;
--
-- AUTO_INCREMENT de tabela `bairro`
--
ALTER TABLE `bairro`
  MODIFY `id` int(11) NOT NULL AUTO_INCREMENT, AUTO_INCREMENT=116;
--
-- AUTO_INCREMENT de tabela `caixa`
--
ALTER TABLE `caixa`
  MODIFY `id` int(11) NOT NULL AUTO_INCREMENT;
--
-- AUTO_INCREMENT de tabela `cardapio`
--
ALTER TABLE `cardapio`
  MODIFY `id` int(11) NOT NULL AUTO_INCREMENT;
--
-- AUTO_INCREMENT de tabela `categoria`
--
ALTER TABLE `categoria`
  MODIFY `id` int(11) NOT NULL AUTO_INCREMENT, AUTO_INCREMENT=226;
--
-- AUTO_INCREMENT de tabela `cidade`
--
ALTER TABLE `cidade`
  MODIFY `id` int(11) NOT NULL AUTO_INCREMENT, AUTO_INCREMENT=7;
--
-- AUTO_INCREMENT de tabela `cliente`
--
ALTER TABLE `cliente`
  MODIFY `id` int(11) NOT NULL AUTO_INCREMENT, AUTO_INCREMENT=34;
--
-- AUTO_INCREMENT de tabela `cliente_favoritos`
--
ALTER TABLE `cliente_favoritos`
  MODIFY `id` int(11) NOT NULL AUTO_INCREMENT, AUTO_INCREMENT=49;
--
-- AUTO_INCREMENT de tabela `configuracao`
--
ALTER TABLE `configuracao`
  MODIFY `id` int(11) NOT NULL AUTO_INCREMENT, AUTO_INCREMENT=2;
--
-- AUTO_INCREMENT de tabela `facilidade`
--
ALTER TABLE `facilidade`
  MODIFY `id` int(11) NOT NULL AUTO_INCREMENT, AUTO_INCREMENT=26;
--
-- AUTO_INCREMENT de tabela `formapagamento`
--
ALTER TABLE `formapagamento`
  MODIFY `id` int(11) NOT NULL AUTO_INCREMENT, AUTO_INCREMENT=34;
--
-- AUTO_INCREMENT de tabela `loja`
--
ALTER TABLE `loja`
  MODIFY `id` int(11) NOT NULL AUTO_INCREMENT, AUTO_INCREMENT=490;
--
-- AUTO_INCREMENT de tabela `loja_facilidade`
--
ALTER TABLE `loja_facilidade`
  MODIFY `id` int(11) NOT NULL AUTO_INCREMENT, AUTO_INCREMENT=1740;
--
-- AUTO_INCREMENT de tabela `loja_formapagamento`
--
ALTER TABLE `loja_formapagamento`
  MODIFY `id` int(11) NOT NULL AUTO_INCREMENT, AUTO_INCREMENT=8921;
--
-- AUTO_INCREMENT de tabela `loja_frete`
--
ALTER TABLE `loja_frete`
  MODIFY `id` int(11) NOT NULL AUTO_INCREMENT, AUTO_INCREMENT=61;
--
-- AUTO_INCREMENT de tabela `loja_horario`
--
ALTER TABLE `loja_horario`
  MODIFY `id` int(11) NOT NULL AUTO_INCREMENT, AUTO_INCREMENT=10891;
--
-- AUTO_INCREMENT de tabela `loja_plano`
--
ALTER TABLE `loja_plano`
  MODIFY `id` int(11) NOT NULL AUTO_INCREMENT;
--
-- AUTO_INCREMENT de tabela `loja_segmento`
--
ALTER TABLE `loja_segmento`
  MODIFY `id` int(11) NOT NULL AUTO_INCREMENT, AUTO_INCREMENT=4694;
--
-- AUTO_INCREMENT de tabela `mod_invoicedata`
--
ALTER TABLE `mod_invoicedata`
  MODIFY `id` int(10) NOT NULL AUTO_INCREMENT;
--
-- AUTO_INCREMENT de tabela `pedido`
--
ALTER TABLE `pedido`
  MODIFY `id` int(11) NOT NULL AUTO_INCREMENT, AUTO_INCREMENT=20;
--
-- AUTO_INCREMENT de tabela `pedido_produto`
--
ALTER TABLE `pedido_produto`
  MODIFY `id` int(11) NOT NULL AUTO_INCREMENT, AUTO_INCREMENT=126;
--
-- AUTO_INCREMENT de tabela `plano`
--
ALTER TABLE `plano`
  MODIFY `id` int(11) NOT NULL AUTO_INCREMENT, AUTO_INCREMENT=38;
--
-- AUTO_INCREMENT de tabela `produto`
--
ALTER TABLE `produto`
  MODIFY `id` int(11) NOT NULL AUTO_INCREMENT, AUTO_INCREMENT=1155;
--
-- AUTO_INCREMENT de tabela `produto_valores`
--
ALTER TABLE `produto_valores`
  MODIFY `id` bigint(20) UNSIGNED NOT NULL AUTO_INCREMENT, AUTO_INCREMENT=66;
--
-- AUTO_INCREMENT de tabela `reportar`
--
ALTER TABLE `reportar`
  MODIFY `id` int(11) NOT NULL AUTO_INCREMENT;
--
-- AUTO_INCREMENT de tabela `segmento`
--
ALTER TABLE `segmento`
  MODIFY `id` int(11) NOT NULL AUTO_INCREMENT, AUTO_INCREMENT=192;
--
-- AUTO_INCREMENT de tabela `subcategoria`
--
ALTER TABLE `subcategoria`
  MODIFY `id` int(11) NOT NULL AUTO_INCREMENT, AUTO_INCREMENT=221;
--
-- AUTO_INCREMENT de tabela `tamanhos`
--
ALTER TABLE `tamanhos`
  MODIFY `id` int(10) UNSIGNED NOT NULL AUTO_INCREMENT, AUTO_INCREMENT=6;
--
-- AUTO_INCREMENT de tabela `tipos`
--
ALTER TABLE `tipos`
  MODIFY `id` int(10) UNSIGNED NOT NULL AUTO_INCREMENT, AUTO_INCREMENT=3;
--
-- AUTO_INCREMENT de tabela `user`
--
ALTER TABLE `user`
  MODIFY `id` int(11) NOT NULL AUTO_INCREMENT, AUTO_INCREMENT=37;
--
-- AUTO_INCREMENT de tabela `visitas_online`
--
ALTER TABLE `visitas_online`
  MODIFY `id` int(10) UNSIGNED NOT NULL AUTO_INCREMENT, AUTO_INCREMENT=7135;
/*!40101 SET CHARACTER_SET_CLIENT=@OLD_CHARACTER_SET_CLIENT */;
/*!40101 SET CHARACTER_SET_RESULTS=@OLD_CHARACTER_SET_RESULTS */;
/*!40101 SET COLLATION_CONNECTION=@OLD_COLLATION_CONNECTION */;
